2026-04-20 17:38:40  INFO      [unitree.backend]  ============================================================
2026-04-20 17:38:40  INFO      [unitree.backend]  Unitree 多机器人控制台 启动  log→D:\机器狗测试\MultiRobot\dist\logs\app.log
2026-04-20 17:38:40  INFO      [unitree.backend]  ============================================================
2026-04-20 17:38:40  INFO      [unitree.app]  Qt 应用启动  Python=3.13.12 (tags/v3.13.12:1cbe481, Feb  3 2026, 18:22:25) [MSC v.1944 64 bit (AMD64)]  Platform=win32
2026-04-20 17:38:40  INFO      [unitree.backend]  加载配置成功，saved_robots=7
2026-04-20 17:38:40  INFO      [unitree.backend]  ConfigManager 初始化，配置文件：C:\Users\ChenSanSui\.unitree_multicontrol\config.json
2026-04-20 17:38:40  INFO      [unitree.ui]  主窗口初始化完成，日志文件：D:\机器狗测试\MultiRobot\dist\logs\app.log
2026-04-20 17:38:40  INFO      [unitree.app]  主窗口已显示
2026-04-20 17:38:45  INFO      [unitree.ui]  [用户操作] 点击扫描添加
2026-04-20 17:38:52  INFO      [unitree.ui]  [用户操作] 点击扫描添加
2026-04-20 17:47:24  INFO      [unitree.ui]  应用关闭，断开所有连接
2026-04-20 17:47:24  INFO      [unitree.backend]  RobotManager 关闭，断开所有连接…
2026-04-20 17:47:24  INFO      [unitree.app]  应用退出，code=0
2026-04-20 17:49:42  INFO      [unitree.backend]  ============================================================
2026-04-20 17:49:42  INFO      [unitree.backend]  Unitree 多机器人控制台 启动  log→D:\机器狗测试\MultiRobot\dist\logs\app.log
2026-04-20 17:49:42  INFO      [unitree.backend]  ============================================================
2026-04-20 17:49:43  INFO      [unitree.app]  Qt 应用启动  Python=3.13.12 (tags/v3.13.12:1cbe481, Feb  3 2026, 18:22:25) [MSC v.1944 64 bit (AMD64)]  Platform=win32
2026-04-20 17:49:43  INFO      [unitree.backend]  加载配置成功，saved_robots=7
2026-04-20 17:49:43  INFO      [unitree.backend]  ConfigManager 初始化，配置文件：C:\Users\ChenSanSui\.unitree_multicontrol\config.json
2026-04-20 17:49:43  INFO      [unitree.ui]  主窗口初始化完成，日志文件：D:\机器狗测试\MultiRobot\dist\logs\app.log
2026-04-20 17:49:43  INFO      [unitree.app]  主窗口已显示
2026-04-20 17:49:48  INFO      [unitree.ui]  应用关闭，断开所有连接
2026-04-20 17:49:48  INFO      [unitree.backend]  RobotManager 关闭，断开所有连接…
2026-04-20 17:49:48  INFO      [unitree.app]  应用退出，code=0
2026-04-20 17:50:31  INFO      [unitree.backend]  ============================================================
2026-04-20 17:50:31  INFO      [unitree.backend]  Unitree 多机器人控制台 启动  log→D:\机器狗测试\MultiRobot\dist\logs\app.log
2026-04-20 17:50:31  INFO      [unitree.backend]  ============================================================
2026-04-20 17:50:31  INFO      [unitree.app]  Qt 应用启动  Python=3.13.12 (tags/v3.13.12:1cbe481, Feb  3 2026, 18:22:25) [MSC v.1944 64 bit (AMD64)]  Platform=win32
2026-04-20 17:50:31  INFO      [unitree.backend]  加载配置成功，saved_robots=7
2026-04-20 17:50:31  INFO      [unitree.backend]  ConfigManager 初始化，配置文件：C:\Users\ChenSanSui\.unitree_multicontrol\config.json
2026-04-20 17:50:31  INFO      [unitree.ui]  主窗口初始化完成，日志文件：D:\机器狗测试\MultiRobot\dist\logs\app.log
2026-04-20 17:50:31  INFO      [unitree.app]  主窗口已显示
2026-04-20 17:50:35  INFO      [unitree.ui]  应用关闭，断开所有连接
2026-04-20 17:50:35  INFO      [unitree.backend]  RobotManager 关闭，断开所有连接…
2026-04-20 17:50:35  INFO      [unitree.app]  应用退出，code=0
2026-04-20 17:52:42  INFO      [unitree.backend]  ============================================================
2026-04-20 17:52:42  INFO      [unitree.backend]  Unitree 多机器人控制台 启动  log→D:\机器狗测试\MultiRobot\dist\logs\app.log
2026-04-20 17:52:42  INFO      [unitree.backend]  ============================================================
2026-04-20 17:52:42  INFO      [unitree.app]  Qt 应用启动  Python=3.13.12 (tags/v3.13.12:1cbe481, Feb  3 2026, 18:22:25) [MSC v.1944 64 bit (AMD64)]  Platform=win32
2026-04-20 17:52:42  INFO      [unitree.backend]  加载配置成功，saved_robots=7
2026-04-20 17:52:42  INFO      [unitree.backend]  ConfigManager 初始化，配置文件：C:\Users\ChenSanSui\.unitree_multicontrol\config.json
2026-04-20 17:52:42  INFO      [unitree.ui]  主窗口初始化完成，日志文件：D:\机器狗测试\MultiRobot\dist\logs\app.log
2026-04-20 17:52:42  INFO      [unitree.app]  主窗口已显示
2026-04-20 18:06:35  INFO      [unitree.ui]  应用关闭，断开所有连接
2026-04-20 18:06:35  INFO      [unitree.backend]  RobotManager 关闭，断开所有连接…
2026-04-20 18:06:35  INFO      [unitree.app]  应用退出，code=0
2026-04-21 18:01:26  INFO      [unitree.backend]  ============================================================
2026-04-21 18:01:26  INFO      [unitree.backend]  Unitree 多机器人控制台 启动  log→D:\机器狗测试\MultiRobot\dist\logs\app.log
2026-04-21 18:01:26  INFO      [unitree.backend]  ============================================================
2026-04-21 18:01:26  INFO      [unitree.app]  Qt 应用启动  Python=3.13.12 (tags/v3.13.12:1cbe481, Feb  3 2026, 18:22:25) [MSC v.1944 64 bit (AMD64)]  Platform=win32
2026-04-21 18:01:26  INFO      [unitree.backend]  加载配置成功，saved_robots=7
2026-04-21 18:01:26  INFO      [unitree.backend]  ConfigManager 初始化，配置文件：C:\Users\ChenSanSui\.unitree_multicontrol\config.json
2026-04-21 18:01:26  INFO      [unitree.ui]  主窗口初始化完成，日志文件：D:\机器狗测试\MultiRobot\dist\logs\app.log
2026-04-21 18:01:26  INFO      [unitree.app]  主窗口已显示
2026-04-21 18:01:34  INFO      [unitree.ui]  [用户操作] 点击 IP 手动添加
2026-04-21 18:03:05  INFO      [unitree.ui]  [用户操作] 点击扫描添加
2026-04-21 18:05:29  INFO      [unitree.ui]  [用户操作] 点击 IP 手动添加
2026-04-21 18:12:26  INFO      [unitree.ui]  [用户操作] 打开编排编辑器
2026-04-21 18:13:10  INFO      [unitree.ui]  应用关闭，断开所有连接
2026-04-21 18:13:11  INFO      [unitree.backend]  RobotManager 关闭，断开所有连接…
2026-04-21 18:13:11  INFO      [unitree.app]  应用退出，code=0
2026-04-21 18:13:17  INFO      [unitree.backend]  ============================================================
2026-04-21 18:13:17  INFO      [unitree.backend]  Unitree 多机器人控制台 启动  log→D:\机器狗测试\MultiRobot\dist\logs\app.log
2026-04-21 18:13:17  INFO      [unitree.backend]  ============================================================
2026-04-21 18:13:17  INFO      [unitree.app]  Qt 应用启动  Python=3.13.12 (tags/v3.13.12:1cbe481, Feb  3 2026, 18:22:25) [MSC v.1944 64 bit (AMD64)]  Platform=win32
2026-04-21 18:13:17  INFO      [unitree.backend]  加载配置成功，saved_robots=7
2026-04-21 18:13:17  INFO      [unitree.backend]  ConfigManager 初始化，配置文件：C:\Users\ChenSanSui\.unitree_multicontrol\config.json
2026-04-21 18:13:17  INFO      [unitree.ui]  主窗口初始化完成，日志文件：D:\机器狗测试\MultiRobot\dist\logs\app.log
2026-04-21 18:13:17  INFO      [unitree.app]  主窗口已显示
2026-04-21 18:13:20  INFO      [unitree.ui]  [用户操作] 点击 IP 手动添加
2026-04-21 18:13:32  INFO      [unitree.ui]  [用户操作] 点击 IP 手动添加
2026-04-21 18:13:36  INFO      [unitree.ui]  [用户操作] 点击 IP 手动添加
2026-04-21 18:13:38  INFO      [unitree.ui]  应用关闭，断开所有连接
2026-04-21 18:13:38  INFO      [unitree.backend]  RobotManager 关闭，断开所有连接…
2026-04-21 18:13:38  INFO      [unitree.app]  应用退出，code=0
2026-04-22 10:32:06  INFO      [unitree.backend]  ============================================================
2026-04-22 10:32:06  INFO      [unitree.backend]  Unitree 多机器人控制台 启动  log→D:\机器狗测试\MultiRobot\dist\logs\app.log
2026-04-22 10:32:06  INFO      [unitree.backend]  ============================================================
2026-04-22 10:32:06  INFO      [unitree.app]  Qt 应用启动  Python=3.13.12 (tags/v3.13.12:1cbe481, Feb  3 2026, 18:22:25) [MSC v.1944 64 bit (AMD64)]  Platform=win32
2026-04-22 10:32:06  INFO      [unitree.backend]  加载配置成功，saved_robots=7
2026-04-22 10:32:06  INFO      [unitree.backend]  ConfigManager 初始化，配置文件：C:\Users\ChenSanSui\.unitree_multicontrol\config.json
2026-04-22 10:32:07  INFO      [unitree.ui]  主窗口初始化完成，日志文件：D:\机器狗测试\MultiRobot\dist\logs\app.log
2026-04-22 10:32:07  INFO      [unitree.app]  主窗口已显示
2026-04-22 10:32:21  INFO      [unitree.ui]  [用户操作] 点击 IP 手动添加
2026-04-22 10:32:56  INFO      [unitree.ui]  [用户操作] 确认手动添加：name=左 type=go2 ip=10.76.170.116
2026-04-22 10:32:56  DEBUG     [unitree.backend]  配置已写入 C:\Users\ChenSanSui\.unitree_multicontrol\config.json
2026-04-22 10:32:56  INFO      [unitree.backend]  新保存机器人：左 (cfg_id=fe447a89, IP=10.76.170.116, SN=None)
2026-04-22 10:32:56  INFO      [unitree.backend]  添加机器人：name=左 type=go2 ip=10.76.170.116 sn=None robot_id=3925157a
2026-04-22 10:32:56  INFO      [unitree.backend]  ⏳ 正在连接 [左] (go2) @ 10.76.170.116…
2026-04-22 10:32:56  INFO      [root]  Creating offer...
2026-04-22 10:32:56  INFO      [root]  Trying to send SDP using the old method...
2026-04-22 10:32:58  ERROR     [root]  An error occurred: HTTPConnectionPool(host='10.76.170.116', port=8081): Max retries exceeded with url: /offer (Caused by NewConnectionError("HTTPConnection(host='10.76.170.116', port=8081): Failed to establish a new connection: [WinError 10061] 由于目标计算机积极拒绝，无法连接。"))
2026-04-22 10:32:58  ERROR     [root]  An error occurred with the old method: Failed to receive SDP Answer: No response
2026-04-22 10:32:58  INFO      [root]  Falling back to the new method...
2026-04-22 10:32:59  DEBUG     [root]  Recieved con_notify response: {"data1":"sTEB9vrevPqe7c1uOKr1cXcJRYYM+iqItybSvX7xf8UlDGpyap99wQ3UrlVQGYrNazzkp9RfScqNPp6zFIIWhCfAygt3wQA+q4VICUOgrFWXNypugDpNNJJ8+i/Wiu7kceI6VjRssmXoRfHLq36t4G7YPuWY/GfMaG/LkLMYpeY5MAoWTOVU5e0w4IC09EupD9UlWiMU4bG4gb1pSjZ0L4RNEuhFml+ySawAhNv5JMfzttvcMC53XR7BeaA9Bx6KmspY9b1rixF+MqH5q5ydslOYvFMn1UVDjtIQT9YWuGDW3bMspuhKb2ND1FaXKM/7VbUxhAVla8cXrpLl6GqdJOGPnsq1vKv+AyaJY43d69kP1Fpy3YW2nF6nbbTXNjLzEEYa3t9HyWDnqQ4OXvy8hdJirD8axVLPHwbiWMM7792/lWeK7Sv9sPjohyYyF44b2rMWuG+WS7k6UFozOusGogG3tuwlFsPUtKhjg/8L73NlRmrWf8erpNvWqlFtMN8RpZY2FRS76pXvu93IK0GfNwncPlrPEC+Pi5cCcYT1wO4w6dV/AbILUbZS5rrt1gfsRTaY2RdCckA=","data2":2}
2026-04-22 10:32:59  INFO      [root]  con_notify: data2=2, data1 长度=588, data1 前 30 字符='sTEB9vrevPqe7c1uOKr1cXcJRYYM+i', 后 30 字符='V/AbILUbZS5rrt1gfsRTaY2RdCckA='
2026-04-22 10:32:59  INFO      [root]  con_notify 解密后: data1 长度=412, 前 30='jZsla9v0piMIIBIDANBgkqhkiG9w0B', 后 30='18ANxMfSpwPPTwIBEQ==7FDAEBRF0B'
2026-04-22 10:32:59  INFO      [root]  con_notify 解密后 FULL data1: 'jZsla9v0piMIIBIDANBgkqhkiG9w0BAQEFAAOCAQ0AMIIBCAKCAQEAvbXHzHJkN+V+arNG9wlRmeeeIdkQk2eOvax3e30deKK2Gk4+rtbvFEudCgdNSzkyrepJOrLAF2Yw29jf5uYw/LOFV4Unk050zdFwhwCqxAdngAW+6rtyL84hxWr2/pc3O49lFqz1FilcfdhEABXsoQ0W891KodwGEhH5Hz+UvqhcJIon0dI2IL+bBKgGWmhJMSzNRdPypc4QpXXKGbPBss3IfO3mSxeEUmlB+2eQaCKcGTqJiGVSOUjOrpucsetYTGLX/jeHoBmUvKJNWMClc/xIId+qP/1o17lNBEGl9WohbzUfNcefp7IO8ryz98vD/JFRimtW18ANxMfSpwPPTwIBEQ==7FDAEBRF0B'
2026-04-22 10:32:59  DEBUG     [root]  _calc_local_path_ending: last_10='7FDAEBRF0B'  (full len=412)
2026-04-22 10:32:59  DEBUG     [root]  _calc_local_path_ending: result=50151
2026-04-22 10:32:59  INFO      [root]  提取公钥 FULL: 'MIIBIDANBgkqhkiG9w0BAQEFAAOCAQ0AMIIBCAKCAQEAvbXHzHJkN+V+arNG9wlRmeeeIdkQk2eOvax3e30deKK2Gk4+rtbvFEudCgdNSzkyrepJOrLAF2Yw29jf5uYw/LOFV4Unk050zdFwhwCqxAdngAW+6rtyL84hxWr2/pc3O49lFqz1FilcfdhEABXsoQ0W891KodwGEhH5Hz+UvqhcJIon0dI2IL+bBKgGWmhJMSzNRdPypc4QpXXKGbPBss3IfO3mSxeEUmlB+2eQaCKcGTqJiGVSOUjOrpucsetYTGLX/jeHoBmUvKJNWMClc/xIId+qP/1o17lNBEGl9WohbzUfNcefp7IO8ryz98vD/JFRimtW18ANxMfSpwPPTwIBEQ=='
2026-04-22 10:32:59  INFO      [root]  提取公钥: pem 长度=392, path_ending=50151
2026-04-22 10:32:59  INFO      [root]  公钥 base64 解码: 长度=292 bytes, 前 16 bytes hex=30820120300d06092a864886f70d0101
2026-04-22 10:32:59  DEBUG     [root]  Recieved con_ing_50151 response: {"type":"answer","sdp":"v=0\r\no=- 2082696908 2 IN IP4 127.0.0.1\r\ns=-\r\nt=0 0\r\na=group:BUNDLE 0 1 2\r\na=msid-semantic: WMS myKvsVideoStream\r\nm=audio 9 UDP/TLS/RTP/SAVPF 96\r\nc=IN IP4 127.0.0.1\r\na=candidate:2 1 udp 2130706431 240E:047C:06B1:4231:AE30:60F6:764C:3046 51076 typ host raddr ::/0 rport 0 generation 0 network-cost 999\r\na=candidate:1 1 udp 2130706431 240E:047C:06B1:4231:10B5:52F1:5F31:0CF5 50358 typ host raddr ::/0 rport 0 generation 0 network-cost 999\r\na=candidate:0 1 udp 2130706431 10.76.170.116 46873 typ host raddr 0.0.0.0 rport 0 generation 0 network-cost 999\r\na=msid:unitreeMediaStream unitreeAudioTrack\r\na=ssrc:1095959108 cname:+7QI7FFFkkxe0Brf\r\na=ssrc:1095959108 msid:unitreeMediaStream unitreeAudioTrack\r\na=ssrc:1095959108 mslabel:unitreeMediaStream\r\na=ssrc:1095959108 label:unitreeAudioTrack\r\na=rtcp:9 IN IP4 0.0.0.0\r\na=ice-ufrag:K0ry\r\na=ice-pwd:8UVhwIGDf3MWyuU8rVpgM0Pb\r\na=ice-options:trickle\r\na=fingerprint:sha-256 96:E1:1C:C0:AC:E9:21:C2:DE:E4:01:E4:7A:D5:0A:24:78:53:C1:5A:77:F2:84:5D:3E:7C:6A:83:84:F5:E0:23\r\na=setup:active\r\na=mid:0\r\na=sendrecv\r\na=rtcp-mux\r\na=rtcp-rsize\r\na=rtpmap:96 opus/48000/2\r\na=rtcp-fb:96 nack\r\na=rtcp-fb:96 goog-remb\r\nm=video 9 UDP/TLS/RTP/SAVPF 101\r\nc=IN IP4 127.0.0.1\r\na=candidate:2 1 udp 2130706431 240E:047C:06B1:4231:AE30:60F6:764C:3046 51076 typ host raddr ::/0 rport 0 generation 0 network-cost 999\r\na=candidate:1 1 udp 2130706431 240E:047C:06B1:4231:10B5:52F1:5F31:0CF5 50358 typ host raddr ::/0 rport 0 generation 0 network-cost 999\r\na=candidate:0 1 udp 2130706431 10.76.170.116 46873 typ host raddr 0.0.0.0 rport 0 generation 0 network-cost 999\r\na=msid:unitreeMediaStream unitreeVideoTrack\r\na=ssrc:527754173 cname:+7QI7FFFkkxe0Brf\r\na=ssrc:527754173 msid:unitreeMediaStream unitreeVideoTrack\r\na=ssrc:527754173 mslabel:unitreeMediaStream\r\na=ssrc:527754173 label:unitreeVideoTrack\r\na=rtcp:9 IN IP4 0.0.0.0\r\na=ice-ufrag:K0ry\r\na=ice-pwd:8UVhwIGDf3MWyuU8rVpgM0Pb\r\na=ice-options:trickle\r\na=fingerprint:sha-256 96:E1:1C:C0:AC:E9:21:C2:DE:E4:01:E4:7A:D5:0A:24:78:53:C1:5A:77:F2:84:5D:3E:7C:6A:83:84:F5:E0:23\r\na=setup:active\r\na=mid:1\r\na=sendonly\r\na=rtcp-mux\r\na=rtcp-rsize\r\na=rtpmap:101 H264/90000\r\na=fmtp:101 level-asymmetry-allowed=1;packetization-mode=1;profile-level-id=42e01f\r\na=rtcp-fb:101 nack\r\na=rtcp-fb:101 goog-remb\r\nm=application 9 UDP/DTLS/SCTP webrtc-datachannel\r\nc=IN IP4 127.0.0.1\r\na=candidate:2 1 udp 2130706431 240E:047C:06B1:4231:AE30:60F6:764C:3046 51076 typ host raddr ::/0 rport 0 generation 0 network-cost 999\r\na=candidate:1 1 udp 2130706431 240E:047C:06B1:4231:10B5:52F1:5F31:0CF5 50358 typ host raddr ::/0 rport 0 generation 0 network-cost 999\r\na=candidate:0 1 udp 2130706431 10.76.170.116 46873 typ host raddr 0.0.0.0 rport 0 generation 0 network-cost 999\r\na=rtcp:9 IN IP4 0.0.0.0\r\na=ice-ufrag:K0ry\r\na=ice-pwd:8UVhwIGDf3MWyuU8rVpgM0Pb\r\na=fingerprint:sha-256 96:E1:1C:C0:AC:E9:21:C2:DE:E4:01:E4:7A:D5:0A:24:78:53:C1:5A:77:F2:84:5D:3E:7C:6A:83:84:F5:E0:23\r\na=setup:active\r\na=mid:2\r\na=sctp-port:5000\r\n","id":"STA_localNetwork"}
2026-04-22 10:32:59  INFO      [root]  SDP successfully sent using the new method.
2026-04-22 10:32:59  INFO      [root]  Track recieved: audio
2026-04-22 10:32:59  INFO      [root]  Track recieved: video
2026-04-22 10:32:59  INFO      [root]  Data channel opened
2026-04-22 10:32:59  INFO      [root]  Validation succeed
2026-04-22 10:33:00  INFO      [root]  Network status message received.
2026-04-22 10:33:00  INFO      [unitree.backend]  ✅ [左] 连接成功！  IP=10.76.170.116  type=go2
2026-04-22 10:33:00  INFO      [unitree.backend]  [左] 已订阅 LOW_STATE
2026-04-22 10:33:01  INFO      [root]  Network status message received.
2026-04-22 10:33:01  INFO      [root]  Heartbeat response received.
2026-04-22 10:33:01  INFO      [root]  Network status message received.
2026-04-22 10:33:02  INFO      [root]  Network status message received.
2026-04-22 10:33:02  INFO      [root]  Network status message received.
2026-04-22 10:33:03  INFO      [root]  Network status message received.
2026-04-22 10:33:03  INFO      [root]  Heartbeat response received.
2026-04-22 10:33:05  INFO      [unitree.ui]  [用户操作] 点击 IP 手动添加
2026-04-22 10:33:05  INFO      [root]  Heartbeat response received.
2026-04-22 10:33:06  ERROR     [root]  Error processing WebRTC data
Traceback (most recent call last):
  File "unitree_webrtc_connect\webrtc_datachannel.py", line 80, in on_message
  File "unitree_webrtc_connect\webrtc_datachannel.py", line 98, in handle_response
  File "unitree_webrtc_connect\msgs\error_handler.py", line 76, in handle_error
TypeError: cannot unpack non-iterable int object
2026-04-22 10:33:07  INFO      [root]  Heartbeat response received.
2026-04-22 10:33:09  INFO      [root]  Heartbeat response received.
2026-04-22 10:33:11  INFO      [root]  Heartbeat response received.
2026-04-22 10:33:13  INFO      [root]  Heartbeat response received.
2026-04-22 10:33:15  INFO      [root]  Heartbeat response received.
2026-04-22 10:33:17  INFO      [root]  Heartbeat response received.
2026-04-22 10:33:18  ERROR     [root]  Error processing WebRTC data
Traceback (most recent call last):
  File "unitree_webrtc_connect\webrtc_datachannel.py", line 80, in on_message
  File "unitree_webrtc_connect\webrtc_datachannel.py", line 98, in handle_response
  File "unitree_webrtc_connect\msgs\error_handler.py", line 76, in handle_error
TypeError: cannot unpack non-iterable int object
2026-04-22 10:33:19  INFO      [root]  Heartbeat response received.
2026-04-22 10:33:21  INFO      [root]  Heartbeat response received.
2026-04-22 10:33:23  INFO      [root]  Heartbeat response received.
2026-04-22 10:33:25  INFO      [root]  Heartbeat response received.
2026-04-22 10:33:27  INFO      [root]  Heartbeat response received.
2026-04-22 10:33:29  INFO      [root]  Heartbeat response received.
2026-04-22 10:33:31  INFO      [root]  Heartbeat response received.
2026-04-22 10:33:33  INFO      [root]  Heartbeat response received.
2026-04-22 10:33:35  INFO      [root]  Heartbeat response received.
2026-04-22 10:33:37  INFO      [root]  Heartbeat response received.
2026-04-22 10:33:39  INFO      [root]  Heartbeat response received.
2026-04-22 10:33:41  INFO      [root]  Heartbeat response received.
2026-04-22 10:33:43  INFO      [root]  Heartbeat response received.
2026-04-22 10:33:45  INFO      [root]  Heartbeat response received.
2026-04-22 10:33:47  INFO      [root]  Heartbeat response received.
2026-04-22 10:33:49  INFO      [root]  Heartbeat response received.
2026-04-22 10:33:51  INFO      [unitree.ui]  [用户操作] 确认手动添加：name=右 type=go2 ip=10.76.170.174
2026-04-22 10:33:51  DEBUG     [unitree.backend]  配置已写入 C:\Users\ChenSanSui\.unitree_multicontrol\config.json
2026-04-22 10:33:51  INFO      [unitree.backend]  新保存机器人：右 (cfg_id=72899c3c, IP=10.76.170.174, SN=None)
2026-04-22 10:33:51  INFO      [unitree.backend]  添加机器人：name=右 type=go2 ip=10.76.170.174 sn=None robot_id=b8d35c33
2026-04-22 10:33:51  INFO      [unitree.backend]  ⏳ 正在连接 [右] (go2) @ 10.76.170.174…
2026-04-22 10:33:51  INFO      [root]  Creating offer...
2026-04-22 10:33:51  INFO      [root]  Trying to send SDP using the old method...
2026-04-22 10:33:54  ERROR     [root]  An error occurred: HTTPConnectionPool(host='10.76.170.174', port=8081): Max retries exceeded with url: /offer (Caused by NewConnectionError("HTTPConnection(host='10.76.170.174', port=8081): Failed to establish a new connection: [WinError 10061] 由于目标计算机积极拒绝，无法连接。"))
2026-04-22 10:33:54  ERROR     [root]  An error occurred with the old method: Failed to receive SDP Answer: No response
2026-04-22 10:33:54  INFO      [root]  Falling back to the new method...
2026-04-22 10:33:54  DEBUG     [root]  Recieved con_notify response: {"data1":"OWKJQ6guPUSs64Ht9tWqgfoSn/g8wuh9MqAGk+CfGFeCLIkr1m4FvIIz0CpBE8MnsOOvLD+osN6T95VZDreiMB0XKWlvC7HQyAYSHw0pQ3vBcP/grxHqIf1SWET6DHR0AQ3uP9YweTsMDJ8x4GkGGFaoAr1UYlQuNfOe7Z2U4lygg8nK6niWjc++v8IQuC4r32I698s92HD0Sm1rTelDZEoDQ12hIBwfIpsoL0m8tJgio46NP/57L3IJNfJhC7xAkXuLLc99vGETLAho169s94K//yKYicgbwhpQdTd+u2opSRsrqDrzgoeCRlt3K4P+kFWdAlRrSvMafpOTDAA6FtIh9p2WNbM3KX4gswV2aAcROR8GrFeNjwA2U2eu762JwKr5zicw4ifKlP4Gof9k8ISxgBaV/Z2m2C2Y9LxeYkA138gCwXdf31g/zMQ6FnK5T8zQingFBeojg893rfhU8GrJFfiKm03I6iWToo+5ZBTJeEr9BgtvpWmBA0KJaLSHfSsLaScNOJ5TOgZrmenQ/3HO2W9wA4GDAc/MRyAZjswOe6sXDS+7OhQDbT0qYCI3TmtYQNJEIiA=","data2":2}
2026-04-22 10:33:54  INFO      [root]  con_notify: data2=2, data1 长度=588, data1 前 30 字符='OWKJQ6guPUSs64Ht9tWqgfoSn/g8wu', 后 30 字符='sXDS+7OhQDbT0qYCI3TmtYQNJEIiA='
2026-04-22 10:33:54  INFO      [root]  con_notify 解密后: data1 长度=412, 前 30='1UFmdE4fDUMIIBIDANBgkqhkiG9w0B', 后 30='oHffojGW29YZrwIBEQ==JFFG7CUANE'
2026-04-22 10:33:54  INFO      [root]  con_notify 解密后 FULL data1: '1UFmdE4fDUMIIBIDANBgkqhkiG9w0BAQEFAAOCAQ0AMIIBCAKCAQEAm6RODRJik7hpGB25IB/hF0fCZgFJjscBTAA167zq53no4+LzN1PAjKfE9/PsZ4fWZZ4iZuSYQCMprvJygmS3Oy8UJQw8ZuaL9qVjoO9InML4sIpKmJi0h0DujQvawB1QSAeJYhnbNdSxH3X3GC8J0/78GMilaQdJqkdRE/zvXr/NWZD9oEhF+7w++fSzpgY+tPxIYeVSj+hbxJlxzf3eC0/IydE/RQUabIRKcxrOmwRmjzuD9jNATUzMoXRhVlZiGzV2MxSJxj8rdWWdzlK145zlxIsZJuKJmNw+aGqJa4Mb4U8QJYdzwVqQgot7mK3mmNkRsiYGoHffojGW29YZrwIBEQ==JFFG7CUANE'
2026-04-22 10:33:54  DEBUG     [root]  _calc_local_path_ending: last_10='JFFG7CUANE'  (full len=412)
2026-04-22 10:33:54  DEBUG     [root]  _calc_local_path_ending: result=56204
2026-04-22 10:33:54  INFO      [root]  提取公钥 FULL: 'MIIBIDANBgkqhkiG9w0BAQEFAAOCAQ0AMIIBCAKCAQEAm6RODRJik7hpGB25IB/hF0fCZgFJjscBTAA167zq53no4+LzN1PAjKfE9/PsZ4fWZZ4iZuSYQCMprvJygmS3Oy8UJQw8ZuaL9qVjoO9InML4sIpKmJi0h0DujQvawB1QSAeJYhnbNdSxH3X3GC8J0/78GMilaQdJqkdRE/zvXr/NWZD9oEhF+7w++fSzpgY+tPxIYeVSj+hbxJlxzf3eC0/IydE/RQUabIRKcxrOmwRmjzuD9jNATUzMoXRhVlZiGzV2MxSJxj8rdWWdzlK145zlxIsZJuKJmNw+aGqJa4Mb4U8QJYdzwVqQgot7mK3mmNkRsiYGoHffojGW29YZrwIBEQ=='
2026-04-22 10:33:54  INFO      [root]  提取公钥: pem 长度=392, path_ending=56204
2026-04-22 10:33:54  INFO      [root]  公钥 base64 解码: 长度=292 bytes, 前 16 bytes hex=30820120300d06092a864886f70d0101
2026-04-22 10:33:54  DEBUG     [root]  Recieved con_ing_56204 response: {"id":"STA_localNetwork","type":"answer","sdp":"reject"}
2026-04-22 10:33:54  INFO      [root]  SDP successfully sent using the new method.
2026-04-22 10:33:54  ERROR     [unitree.backend]  ❌ [右] 机器人已被另一个 WebRTC 客户端连接，请先关闭手机 APP 再重试
2026-04-22 10:33:54  INFO      [root]  Heartbeat response received.
2026-04-22 10:33:56  INFO      [root]  Heartbeat response received.
2026-04-22 10:33:57  INFO      [unitree.backend]  [用户操作] 列表重连 [右]
2026-04-22 10:33:57  INFO      [unitree.backend]  手动重连：右
2026-04-22 10:33:57  INFO      [unitree.backend]  🔄 [右] 重连中 (1/5)…
2026-04-22 10:33:57  INFO      [unitree.backend]  ⏳ 正在连接 [右] (go2) @ 10.76.170.174…
2026-04-22 10:33:57  INFO      [root]  Creating offer...
2026-04-22 10:33:57  INFO      [root]  Trying to send SDP using the old method...
2026-04-22 10:33:59  ERROR     [root]  An error occurred: HTTPConnectionPool(host='10.76.170.174', port=8081): Max retries exceeded with url: /offer (Caused by NewConnectionError("HTTPConnection(host='10.76.170.174', port=8081): Failed to establish a new connection: [WinError 10061] 由于目标计算机积极拒绝，无法连接。"))
2026-04-22 10:33:59  ERROR     [root]  An error occurred with the old method: Failed to receive SDP Answer: No response
2026-04-22 10:33:59  INFO      [root]  Falling back to the new method...
2026-04-22 10:33:59  DEBUG     [root]  Recieved con_notify response: {"data1":"pm4Z0PzSy6jsgLckxSdP5KTn0xysB5gDfHdLU/52TMiPysrC5PjWTEqBa/2AuwDYufHTKKHsXB/epmNd9B0zOJQwa2dYszeMcUmlM8ChivVz4ye+PLcpTwUTEQNBfvga98dJR/U6rafBK8KzZaXgsB86BYFsbwzVvyKSQ3NRE00jbBF+EwcWHPauBxsIyZijeLZVNO5Y30mV8VOIJsABmjV9Y/Tl5eqe1Lj9BsIjA4KJ2hrpqDW+Ca4QNzvqT2Kd1gPdtwnjVy50gl227LBmg6MtKTSeDkiooVPQ3ml6tCW9hWIpwFTTeBWJ0y/1LezWdSLLNC/issG1nQ2jWlH+vUvhGve4+NRALuWNd7glNaHpCJP8t3cSt1AeQ9cCBRkmhiYlaAbX8QcAfs1CFnwN4cdEevrOoUpRbBafld8LTwL9c7D0CwJL4hKFKACCmjNj5M8nPZl1E3cMzPvSl9SbHud5TuclZFpaT8Lpbz8YlrtNIQdrgW5Vzsq+Gx1qOjwq835XXjLFopAXqZd0qL1c36oLuhU0vMf8imUfRgnHA25wsyJL1nCPKRR1MNnr5txLIaNilKQPgGA=","data2":2}
2026-04-22 10:33:59  INFO      [root]  con_notify: data2=2, data1 长度=588, data1 前 30 字符='pm4Z0PzSy6jsgLckxSdP5KTn0xysB5', 后 30 字符='JL1nCPKRR1MNnr5txLIaNilKQPgGA='
2026-04-22 10:33:59  INFO      [root]  con_notify 解密后: data1 长度=412, 前 30='os1dS5QLhXMIIBIDANBgkqhkiG9w0B', 后 30='W7oCMT9otqOcqQIBEQ==IC5C0IAAUA'
2026-04-22 10:33:59  INFO      [root]  con_notify 解密后 FULL data1: 'os1dS5QLhXMIIBIDANBgkqhkiG9w0BAQEFAAOCAQ0AMIIBCAKCAQEAkKSij2iDzIDyvax5/GIDQiPn+Rc2Dr2JFmE1VqJ97W8kZCHSCb35p4tWWUS6u8dj/JwjnA9EIDujpogI6uca8JuVwGNEJMSX/v9TqakLP4zCpfcIDu4uJg2axmv+eKkaVRopGV0lBMuokwGZSIPi4+9pAQrQiziTuADJAyIWU7kX1D4Z6ZSwA2EQuBsWmGzlT7xlw5dgcjKpyFl446cvV3exVu7M3Dp6OLADseVZJyBU8uYJhgzIa1e4rIZd6HhRr8iaq2qNYNaieet/7jJN+E+wcnANXpArKQUeLxMGgin9Qghy4yb3k4dmpOzsMUbpt4bB82vGW7oCMT9otqOcqQIBEQ==IC5C0IAAUA'
2026-04-22 10:33:59  DEBUG     [root]  _calc_local_path_ending: last_10='IC5C0IAAUA'  (full len=412)
2026-04-22 10:33:59  DEBUG     [root]  _calc_local_path_ending: result=22800
2026-04-22 10:33:59  INFO      [root]  提取公钥 FULL: 'MIIBIDANBgkqhkiG9w0BAQEFAAOCAQ0AMIIBCAKCAQEAkKSij2iDzIDyvax5/GIDQiPn+Rc2Dr2JFmE1VqJ97W8kZCHSCb35p4tWWUS6u8dj/JwjnA9EIDujpogI6uca8JuVwGNEJMSX/v9TqakLP4zCpfcIDu4uJg2axmv+eKkaVRopGV0lBMuokwGZSIPi4+9pAQrQiziTuADJAyIWU7kX1D4Z6ZSwA2EQuBsWmGzlT7xlw5dgcjKpyFl446cvV3exVu7M3Dp6OLADseVZJyBU8uYJhgzIa1e4rIZd6HhRr8iaq2qNYNaieet/7jJN+E+wcnANXpArKQUeLxMGgin9Qghy4yb3k4dmpOzsMUbpt4bB82vGW7oCMT9otqOcqQIBEQ=='
2026-04-22 10:33:59  INFO      [root]  提取公钥: pem 长度=392, path_ending=22800
2026-04-22 10:33:59  INFO      [root]  公钥 base64 解码: 长度=292 bytes, 前 16 bytes hex=30820120300d06092a864886f70d0101
2026-04-22 10:33:59  DEBUG     [root]  Recieved con_ing_22800 response: {"id":"STA_localNetwork","type":"answer","sdp":"reject"}
2026-04-22 10:33:59  INFO      [root]  SDP successfully sent using the new method.
2026-04-22 10:33:59  ERROR     [unitree.backend]  ❌ [右] 机器人已被另一个 WebRTC 客户端连接，请先关闭手机 APP 再重试
2026-04-22 10:33:59  WARNING   [unitree.backend]  [右] 重连第 1 次失败: 新建连接失败
2026-04-22 10:33:59  INFO      [root]  Heartbeat response received.
2026-04-22 10:34:01  INFO      [root]  Heartbeat response received.
2026-04-22 10:34:02  INFO      [unitree.backend]  🔄 [右] 重连中 (2/5)…
2026-04-22 10:34:02  INFO      [unitree.backend]  ⏳ 正在连接 [右] (go2) @ 10.76.170.174…
2026-04-22 10:34:02  INFO      [root]  Creating offer...
2026-04-22 10:34:02  INFO      [root]  Trying to send SDP using the old method...
2026-04-22 10:34:04  ERROR     [root]  An error occurred: HTTPConnectionPool(host='10.76.170.174', port=8081): Max retries exceeded with url: /offer (Caused by NewConnectionError("HTTPConnection(host='10.76.170.174', port=8081): Failed to establish a new connection: [WinError 10061] 由于目标计算机积极拒绝，无法连接。"))
2026-04-22 10:34:04  ERROR     [root]  An error occurred with the old method: Failed to receive SDP Answer: No response
2026-04-22 10:34:04  INFO      [root]  Falling back to the new method...
2026-04-22 10:34:05  DEBUG     [root]  Recieved con_notify response: {"data1":"o8E5tAg5aCO5ntn5gWyFkEgGZhjoOQTw+2/EX0ZaE35eEetnStKrY010M/jRTg20NM2eZ3rFy97O3ePsT/Y+VjZ/IL7I6Quxfp99QiTxriIaKtJOk5Ujs/CHYVJecbCrhfS49XgNt7CbD+6LYldpdzL6REJwSOfZRGQKlu9NtV6spHOWGhfI2Ki2HMr9EvZ6hCq+ebWBZLuBJnZuwmsWENQjbwb2UJ3OfMovINYtoE5dDPoEKOdvMx02/9peaE8p/9g3sPL36z+9FNniziO9pA/dHFi6shAm/V503cF9arlssbbc43fiT+Vz5e7INRu//zlb2mX+vO2yPdbM7rqQxSFPur4Bjuj1nROQcl8gX31v5wa+qOkZZ5ZlgMF+AdlPIRqyLXEp6GhUU15sLEvPTyTbxrW/qXvawq+33BvvlKdsyU+TihIbupyz4lApOfER6hXaQEEmW5xDt0Ril0aLZdtp1VuEpDAeRDaoYEPcFy1/rYDJUz4k1MXuIucrXYqokAhDo8XLSM0X3dhWuv8qooyZb0wah6n6I2BeycPskwMELIuZAWmQcRwgQeM6x43kqWN+lCHIVpk=","data2":2}
2026-04-22 10:34:05  INFO      [root]  con_notify: data2=2, data1 长度=588, data1 前 30 字符='o8E5tAg5aCO5ntn5gWyFkEgGZhjoOQ', 后 30 字符='uZAWmQcRwgQeM6x43kqWN+lCHIVpk='
2026-04-22 10:34:05  INFO      [root]  con_notify 解密后: data1 长度=412, 前 30='GPSxPsppmfMIIBIDANBgkqhkiG9w0B', 后 30='4oQxmzn6gK9MrwIBEQ==TGBFGIPGFC'
2026-04-22 10:34:05  INFO      [root]  con_notify 解密后 FULL data1: 'GPSxPsppmfMIIBIDANBgkqhkiG9w0BAQEFAAOCAQ0AMIIBCAKCAQEAyzg/6UqSf4U4o3yX0bJ39c+wgTLUH7q7czg8ZcrM9s8oroyghz9Jy+qlAkSjxMJ1R2wY4ciWvk6gRSIbXEIn3ctprhQi2r9o0/xAewNZV3R39JnZwLTZ4XRLnpz0eUPwbatqzLhXngbUnKaCHclcmrdMvF99fU2Ch6GSWXpyiUQEjspTo0FDHRAdITFw7qzmzbbux+GELjDg9sMXnufOkuBUxErVVnaNPfgbeK4JpKdMf8eBNkY3T+hLkSovKYWhKKk8kRff4EHqEQQL+6OAGMFPyftRt5g99Eh74uOVcCgRtk8lEn9ALF/h993MYMLj/7qepyND4oQxmzn6gK9MrwIBEQ==TGBFGIPGFC'
2026-04-22 10:34:05  DEBUG     [root]  _calc_local_path_ending: last_10='TGBFGIPGFC'  (full len=412)
2026-04-22 10:34:05  DEBUG     [root]  _calc_local_path_ending: result=65862
2026-04-22 10:34:05  INFO      [root]  提取公钥 FULL: 'MIIBIDANBgkqhkiG9w0BAQEFAAOCAQ0AMIIBCAKCAQEAyzg/6UqSf4U4o3yX0bJ39c+wgTLUH7q7czg8ZcrM9s8oroyghz9Jy+qlAkSjxMJ1R2wY4ciWvk6gRSIbXEIn3ctprhQi2r9o0/xAewNZV3R39JnZwLTZ4XRLnpz0eUPwbatqzLhXngbUnKaCHclcmrdMvF99fU2Ch6GSWXpyiUQEjspTo0FDHRAdITFw7qzmzbbux+GELjDg9sMXnufOkuBUxErVVnaNPfgbeK4JpKdMf8eBNkY3T+hLkSovKYWhKKk8kRff4EHqEQQL+6OAGMFPyftRt5g99Eh74uOVcCgRtk8lEn9ALF/h993MYMLj/7qepyND4oQxmzn6gK9MrwIBEQ=='
2026-04-22 10:34:05  INFO      [root]  提取公钥: pem 长度=392, path_ending=65862
2026-04-22 10:34:05  INFO      [root]  公钥 base64 解码: 长度=292 bytes, 前 16 bytes hex=30820120300d06092a864886f70d0101
2026-04-22 10:34:05  DEBUG     [root]  Recieved con_ing_65862 response: {"id":"STA_localNetwork","type":"answer","sdp":"reject"}
2026-04-22 10:34:05  INFO      [root]  SDP successfully sent using the new method.
2026-04-22 10:34:05  ERROR     [unitree.backend]  ❌ [右] 机器人已被另一个 WebRTC 客户端连接，请先关闭手机 APP 再重试
2026-04-22 10:34:05  WARNING   [unitree.backend]  [右] 重连第 2 次失败: 新建连接失败
2026-04-22 10:34:05  INFO      [root]  Heartbeat response received.
2026-04-22 10:34:06  INFO      [unitree.backend]  [用户操作] 列表重连 [右]
2026-04-22 10:34:06  INFO      [unitree.backend]  手动重连：右
2026-04-22 10:34:06  INFO      [unitree.backend]  🔄 [右] 重连中 (1/5)…
2026-04-22 10:34:06  INFO      [unitree.backend]  ⏳ 正在连接 [右] (go2) @ 10.76.170.174…
2026-04-22 10:34:06  INFO      [root]  Creating offer...
2026-04-22 10:34:06  INFO      [root]  Trying to send SDP using the old method...
2026-04-22 10:34:08  ERROR     [root]  An error occurred: HTTPConnectionPool(host='10.76.170.174', port=8081): Max retries exceeded with url: /offer (Caused by NewConnectionError("HTTPConnection(host='10.76.170.174', port=8081): Failed to establish a new connection: [WinError 10061] 由于目标计算机积极拒绝，无法连接。"))
2026-04-22 10:34:08  ERROR     [root]  An error occurred with the old method: Failed to receive SDP Answer: No response
2026-04-22 10:34:08  INFO      [root]  Falling back to the new method...
2026-04-22 10:34:09  DEBUG     [root]  Recieved con_notify response: {"data1":"w21+ICHK6UwUoueyGaRAqN3Dg2z6h5AFZHcycE8cg/Y46dpFjo7lxUydhge6Gly9/+JuSn5XwNEC0pddCiB0yAoeSfB1PdA09Wy3phCTaot/2P11ADcAgE2HxWwhGQPa7XxLLSxLSxjzDEcY4MBZJfUPUgkPPq2ylEzCkhrDMH4LP3OMBWLQyfSA7fE3qB4HVYxfi+LOxGMz80HS6Fpxfoav3FuEvCeaL3AckWEXojwE3JljbQnvv/1j33Dv1cHB0LMlusS1wJSsR8GzCqyqCwtQ/dEv+qjhHHHYET89PwWjn3RPv64ioYQElj9G36+AG8CZwPzc3ymVR8SIguJCxkkikQATgZDGL+iZJ15FzRCNMqvaHDXLNpRGvaHmxn2lzoD1xRAr3YiuMS2NU/MYp6mkDlIAZwL4uysv3d0NLXS7sBZ3zAErwjd/OX+OZsY6kTjydANxSJ8wlIK9u6AltBWyEmpIqCiJZ6deL7p+nddv84IFZlgW1U+StQdoOmh/AplnnaSwK4sUq4FjbjlSJ3Lc1MXu7WZ6R/yEQhwDvVfJY0IDoCcySIr8IQ96jdeLBSu+wWK7/cA=","data2":2}
2026-04-22 10:34:09  INFO      [root]  con_notify: data2=2, data1 长度=588, data1 前 30 字符='w21+ICHK6UwUoueyGaRAqN3Dg2z6h5', 后 30 字符='IDoCcySIr8IQ96jdeLBSu+wWK7/cA='
2026-04-22 10:34:09  INFO      [root]  con_notify 解密后: data1 长度=412, 前 30='4qrgC2fy2VMIIBIDANBgkqhkiG9w0B', 后 30='vKXOvHWv+lKiHwIBEQ==8FIHKDMIHC'
2026-04-22 10:34:09  INFO      [root]  con_notify 解密后 FULL data1: '4qrgC2fy2VMIIBIDANBgkqhkiG9w0BAQEFAAOCAQ0AMIIBCAKCAQEA5uAFWXWiGclvgo8ExcEansg19WKMeR6sokGtiZ8mOKgAbqD1HA/zv+cgwuRBR8FgLjKiX7issyOZ76GggxytvzRJmbkCXNcX7q5Mgzxvp3Iv4DdVjzh+X4RGF2wY/a+P+TDOmViuF4/ZPh3kbdmLLqgMbi9IbEAf6NqWlCgi/0PAd7grw30JYN2bR3MDQq13QEn8yhgXB/OVEWAPOI984TJ3QHsv9FnASHcGerDt8EECMRXvlcdOqNKGqpLNHciezstvbidpURkByy6/5+lDoFf/p7+4i5PuKR3CKPqleb87E3JQiCMAtNkDbmOO/J+xDlNhLoDwvKXOvHWv+lKiHwIBEQ==8FIHKDMIHC'
2026-04-22 10:34:09  DEBUG     [root]  _calc_local_path_ending: last_10='8FIHKDMIHC'  (full len=412)
2026-04-22 10:34:09  DEBUG     [root]  _calc_local_path_ending: result=57382
2026-04-22 10:34:09  INFO      [root]  提取公钥 FULL: 'MIIBIDANBgkqhkiG9w0BAQEFAAOCAQ0AMIIBCAKCAQEA5uAFWXWiGclvgo8ExcEansg19WKMeR6sokGtiZ8mOKgAbqD1HA/zv+cgwuRBR8FgLjKiX7issyOZ76GggxytvzRJmbkCXNcX7q5Mgzxvp3Iv4DdVjzh+X4RGF2wY/a+P+TDOmViuF4/ZPh3kbdmLLqgMbi9IbEAf6NqWlCgi/0PAd7grw30JYN2bR3MDQq13QEn8yhgXB/OVEWAPOI984TJ3QHsv9FnASHcGerDt8EECMRXvlcdOqNKGqpLNHciezstvbidpURkByy6/5+lDoFf/p7+4i5PuKR3CKPqleb87E3JQiCMAtNkDbmOO/J+xDlNhLoDwvKXOvHWv+lKiHwIBEQ=='
2026-04-22 10:34:09  INFO      [root]  提取公钥: pem 长度=392, path_ending=57382
2026-04-22 10:34:09  INFO      [root]  公钥 base64 解码: 长度=292 bytes, 前 16 bytes hex=30820120300d06092a864886f70d0101
2026-04-22 10:34:09  DEBUG     [root]  Recieved con_ing_57382 response: {"id":"STA_localNetwork","type":"answer","sdp":"reject"}
2026-04-22 10:34:09  INFO      [root]  SDP successfully sent using the new method.
2026-04-22 10:34:09  ERROR     [unitree.backend]  ❌ [右] 机器人已被另一个 WebRTC 客户端连接，请先关闭手机 APP 再重试
2026-04-22 10:34:09  WARNING   [unitree.backend]  [右] 重连第 1 次失败: 新建连接失败
2026-04-22 10:34:09  INFO      [unitree.backend]  🔄 [右] 重连中 (3/5)…
2026-04-22 10:34:09  INFO      [unitree.backend]  ⏳ 正在连接 [右] (go2) @ 10.76.170.174…
2026-04-22 10:34:09  INFO      [root]  Creating offer...
2026-04-22 10:34:09  INFO      [root]  Trying to send SDP using the old method...
2026-04-22 10:34:11  ERROR     [root]  An error occurred: HTTPConnectionPool(host='10.76.170.174', port=8081): Max retries exceeded with url: /offer (Caused by NewConnectionError("HTTPConnection(host='10.76.170.174', port=8081): Failed to establish a new connection: [WinError 10061] 由于目标计算机积极拒绝，无法连接。"))
2026-04-22 10:34:11  ERROR     [root]  An error occurred with the old method: Failed to receive SDP Answer: No response
2026-04-22 10:34:11  INFO      [root]  Falling back to the new method...
2026-04-22 10:34:11  DEBUG     [root]  Recieved con_notify response: {"data1":"0n2+l7Fye4a2DDjJk8byBsbMOC9vKfcziLVy/dh7dnAu+VyXUPYpXa/RumTDSTUZzSt709ImPsAEuvhkjsMEVOHlrdKp3cSyqF512u28wBPvyztVn1ehnfR3ByDSwS/clEf5iyXnHqNdq7U85ePEIGUwK1Gv71uENE4HXP7mAvQ73efsCTkxFc/MS9lbLwL+upWPCG70Md4PdV5r/IrVDIMUoUylzj6EgvhYUhLuFd7hYkUcRhWQAF93iC4PtVWe3h+/jZ8sfknPSBV6GISavV3IetiZGHE57uYGfCmEAWgmPymUS9DvYzOltbr5S8OJmFe4r6SxZsL+Me9bkbNJW9ieuxmVB2RLmkMFpakDRYx3//y26zf4OiRjqIfOkWNhEnZerTqnjkhBQySVhlcXkDtUCCP36FhpSiVwXKwlWSONJASOiAAYDxluHrcMDsHJe2jXJ2Nc+7iyf7WdxfzMgSqMAXSOM8JAI6V1yL6pHn/OXGIslDZOcA8CMwZP6/TKyuVNvAGCHV5X2vZ9WoAqBDF3XIfYnqzfmzGZu11eDsuv7P/CUMzP7DB8PycHTDWxVejPtX+/KAg=","data2":2}
2026-04-22 10:34:11  INFO      [root]  con_notify: data2=2, data1 长度=588, data1 前 30 字符='0n2+l7Fye4a2DDjJk8byBsbMOC9vKf', 后 30 字符='/CUMzP7DB8PycHTDWxVejPtX+/KAg='
2026-04-22 10:34:11  INFO      [root]  con_notify 解密后: data1 长度=412, 前 30='fhhAELA2L3MIIBIDANBgkqhkiG9w0B', 后 30='SG2QPT6RMjgi3wIBEQ==NHIEAB9D8C'
2026-04-22 10:34:11  INFO      [root]  con_notify 解密后 FULL data1: 'fhhAELA2L3MIIBIDANBgkqhkiG9w0BAQEFAAOCAQ0AMIIBCAKCAQEAqgqPnSUHRNJ3rEfRIpRGd/zmZxlp0Pws1RkvN031N83vFigsSauRrohIj93NWEtskeBFpXZ7z1iwyrakQIXZ/kecXXZ0t0QgIXNuaOjDJXZPPVO5SoUZkTBx7rIV1NN6RIYbNWU9fs++oqrZdrcaHhfTpNXJTNe2RsMTQV4dxkmrEC6OOCrpKzq6Jef2hWHUXe7gk56sgGIztanR/KS2+Yj8SaZnjQhkbt3N6m48EJXqHjdNacDnJQneYLO4bpDEQR2WHYV+ADAFZoPmmGX9NRbdu8wmmI7RPzw+i2XXgH/zvOQa+O+IcrY2azU5+DDYBgUesSM6SG2QPT6RMjgi3wIBEQ==NHIEAB9D8C'
2026-04-22 10:34:11  DEBUG     [root]  _calc_local_path_ending: last_10='NHIEAB9D8C'  (full len=412)
2026-04-22 10:34:11  DEBUG     [root]  _calc_local_path_ending: result=74132
2026-04-22 10:34:11  INFO      [root]  提取公钥 FULL: 'MIIBIDANBgkqhkiG9w0BAQEFAAOCAQ0AMIIBCAKCAQEAqgqPnSUHRNJ3rEfRIpRGd/zmZxlp0Pws1RkvN031N83vFigsSauRrohIj93NWEtskeBFpXZ7z1iwyrakQIXZ/kecXXZ0t0QgIXNuaOjDJXZPPVO5SoUZkTBx7rIV1NN6RIYbNWU9fs++oqrZdrcaHhfTpNXJTNe2RsMTQV4dxkmrEC6OOCrpKzq6Jef2hWHUXe7gk56sgGIztanR/KS2+Yj8SaZnjQhkbt3N6m48EJXqHjdNacDnJQneYLO4bpDEQR2WHYV+ADAFZoPmmGX9NRbdu8wmmI7RPzw+i2XXgH/zvOQa+O+IcrY2azU5+DDYBgUesSM6SG2QPT6RMjgi3wIBEQ=='
2026-04-22 10:34:11  INFO      [root]  提取公钥: pem 长度=392, path_ending=74132
2026-04-22 10:34:11  INFO      [root]  公钥 base64 解码: 长度=292 bytes, 前 16 bytes hex=30820120300d06092a864886f70d0101
2026-04-22 10:34:11  ERROR     [root]  An error occurred: 429 Client Error: Too Many Requests for url: http://10.76.170.174:9991/con_ing_74132
2026-04-22 10:34:11  ERROR     [root]  New method failed to send SDP.
2026-04-22 10:34:11  ERROR     [unitree.backend]  ❌ [右] 无法获取 SDP 应答，请检查机器人是否开机且在同一网络
2026-04-22 10:34:11  WARNING   [unitree.backend]  [右] 重连第 3 次失败: 新建连接失败
2026-04-22 10:34:11  INFO      [root]  Heartbeat response received.
2026-04-22 10:34:11  INFO      [root]  Heartbeat response received.
2026-04-22 10:34:12  INFO      [unitree.backend]  🔄 [右] 重连中 (2/5)…
2026-04-22 10:34:12  INFO      [unitree.backend]  ⏳ 正在连接 [右] (go2) @ 10.76.170.174…
2026-04-22 10:34:12  INFO      [root]  Creating offer...
2026-04-22 10:34:12  INFO      [root]  Trying to send SDP using the old method...
2026-04-22 10:34:14  ERROR     [root]  An error occurred: HTTPConnectionPool(host='10.76.170.174', port=8081): Max retries exceeded with url: /offer (Caused by NewConnectionError("HTTPConnection(host='10.76.170.174', port=8081): Failed to establish a new connection: [WinError 10061] 由于目标计算机积极拒绝，无法连接。"))
2026-04-22 10:34:14  ERROR     [root]  An error occurred with the old method: Failed to receive SDP Answer: No response
2026-04-22 10:34:14  INFO      [root]  Falling back to the new method...
2026-04-22 10:34:14  ERROR     [root]  An error occurred: 429 Client Error: Too Many Requests for url: http://10.76.170.174:9991/con_notify
2026-04-22 10:34:14  ERROR     [root]  An error occurred with the new method: Failed to receive initial public key response.
2026-04-22 10:34:14  ERROR     [unitree.backend]  ❌ [右] 无法获取 SDP 应答，请检查机器人是否开机且在同一网络
2026-04-22 10:34:14  WARNING   [unitree.backend]  [右] 重连第 2 次失败: 新建连接失败
2026-04-22 10:34:14  INFO      [root]  Heartbeat response received.
2026-04-22 10:34:14  INFO      [unitree.backend]  🔄 [右] 重连中 (4/5)…
2026-04-22 10:34:14  INFO      [unitree.backend]  ⏳ 正在连接 [右] (go2) @ 10.76.170.174…
2026-04-22 10:34:14  INFO      [root]  Creating offer...
2026-04-22 10:34:14  INFO      [root]  Trying to send SDP using the old method...
2026-04-22 10:34:16  ERROR     [root]  An error occurred: HTTPConnectionPool(host='10.76.170.174', port=8081): Max retries exceeded with url: /offer (Caused by NewConnectionError("HTTPConnection(host='10.76.170.174', port=8081): Failed to establish a new connection: [WinError 10061] 由于目标计算机积极拒绝，无法连接。"))
2026-04-22 10:34:16  ERROR     [root]  An error occurred with the old method: Failed to receive SDP Answer: No response
2026-04-22 10:34:16  INFO      [root]  Falling back to the new method...
2026-04-22 10:34:17  DEBUG     [root]  Recieved con_notify response: {"data1":"Q2pMmgYTbK17NfzAReCAAKAw9G6jyfPmeE/7sxbIZ6Q/Rpa2L027CzObEsU0IVwQEqVemvv4gvqwH/tQA+KfCUVu+6+FT0zlU/YVKSyVXoh5o0bXw7moya6kSrINvSwTsGuoymjtcR4valGhC7a+0nHdTadNynA5+uRyrgi1LJv6HTrpQWSD+X7kTE249kh7/BJjVw9zRyzOW9eo2MSJJsl4oMPvxou9246cDpwwmwQnJh7QvmpnKBUVamDDy51OLRJKCyr/uQUxZUnxqnoO2zXYYujBWyIB3xdarRBOJPrxmp4Gs0Dx/OcaNyMJOoBg7MX+cK2XEqESm2eWufkV/mUuLcOjSxgjtZsOoKuhsA9zKJje7J6HQbbIhto4DJLfOY+AmW+yapfHJMzrQFxhdPTv4OSwMQmQ6IKySCbqC/S6RKZDA7yF77KO5JR/z/w7Qm50jGT4HuX4Dtd97Y758RWuvRUUqdQ7fVQewUproSxvUG6i360kIQo8piPwR/tRQksuvL1ypV/MKRz0o8z3zJD/8ep2xEGb9127dYY0JfNTKLVJHt8nlm58kaVD4+MYe6/JFMj5X0o=","data2":2}
2026-04-22 10:34:17  INFO      [root]  con_notify: data2=2, data1 长度=588, data1 前 30 字符='Q2pMmgYTbK17NfzAReCAAKAw9G6jyf', 后 30 字符='VJHt8nlm58kaVD4+MYe6/JFMj5X0o='
2026-04-22 10:34:17  INFO      [root]  con_notify 解密后: data1 长度=412, 前 30='XKlQVKhE72MIIBIDANBgkqhkiG9w0B', 后 30='fWkV2qM9doINyQIBEQ==ZGYIBDAJVA'
2026-04-22 10:34:17  INFO      [root]  con_notify 解密后 FULL data1: 'XKlQVKhE72MIIBIDANBgkqhkiG9w0BAQEFAAOCAQ0AMIIBCAKCAQEAoE/0V6uKyEs6KVo8aPfQx2NAsPGG3IbZmFm2wCVg+zBZv5LLrcLKnxm4zFwoM3gWCA58BNt4HeLCAUVoZIkrqni/kwLhtyqbZvHffEaG/JBdHoLgR+z/9MDSRVeoOV2i/fGW6wI2R9Qfob4vJ8bBLca1u2rsyNhWyvWHDLtcs39eccS2kl/kBEzCja55elllDDUEZTLuRE8u3BfIroLriEH+A85wEN/et7m60UH++KOs2q7lnrqhgbbsicjuTj1pp7AXIszv+eNTfuoPMZEsxbMcFrpz88QvWFPYonlYaraZxvbUvyLtgMtUKbLrD63MgZpcfGbTfWkV2qM9doINyQIBEQ==ZGYIBDAJVA'
2026-04-22 10:34:17  DEBUG     [root]  _calc_local_path_ending: last_10='ZGYIBDAJVA'  (full len=412)
2026-04-22 10:34:17  DEBUG     [root]  _calc_local_path_ending: result=68390
2026-04-22 10:34:17  INFO      [root]  提取公钥 FULL: 'MIIBIDANBgkqhkiG9w0BAQEFAAOCAQ0AMIIBCAKCAQEAoE/0V6uKyEs6KVo8aPfQx2NAsPGG3IbZmFm2wCVg+zBZv5LLrcLKnxm4zFwoM3gWCA58BNt4HeLCAUVoZIkrqni/kwLhtyqbZvHffEaG/JBdHoLgR+z/9MDSRVeoOV2i/fGW6wI2R9Qfob4vJ8bBLca1u2rsyNhWyvWHDLtcs39eccS2kl/kBEzCja55elllDDUEZTLuRE8u3BfIroLriEH+A85wEN/et7m60UH++KOs2q7lnrqhgbbsicjuTj1pp7AXIszv+eNTfuoPMZEsxbMcFrpz88QvWFPYonlYaraZxvbUvyLtgMtUKbLrD63MgZpcfGbTfWkV2qM9doINyQIBEQ=='
2026-04-22 10:34:17  INFO      [root]  提取公钥: pem 长度=392, path_ending=68390
2026-04-22 10:34:17  INFO      [root]  公钥 base64 解码: 长度=292 bytes, 前 16 bytes hex=30820120300d06092a864886f70d0101
2026-04-22 10:34:17  DEBUG     [root]  Recieved con_ing_68390 response: {"id":"STA_localNetwork","type":"answer","sdp":"reject"}
2026-04-22 10:34:17  INFO      [root]  SDP successfully sent using the new method.
2026-04-22 10:34:17  ERROR     [unitree.backend]  ❌ [右] 机器人已被另一个 WebRTC 客户端连接，请先关闭手机 APP 再重试
2026-04-22 10:34:17  WARNING   [unitree.backend]  [右] 重连第 4 次失败: 新建连接失败
2026-04-22 10:34:17  INFO      [root]  Heartbeat response received.
2026-04-22 10:34:17  INFO      [unitree.backend]  🔄 [右] 重连中 (3/5)…
2026-04-22 10:34:17  INFO      [unitree.backend]  ⏳ 正在连接 [右] (go2) @ 10.76.170.174…
2026-04-22 10:34:17  INFO      [root]  Creating offer...
2026-04-22 10:34:17  INFO      [root]  Trying to send SDP using the old method...
2026-04-22 10:34:19  ERROR     [root]  An error occurred: HTTPConnectionPool(host='10.76.170.174', port=8081): Max retries exceeded with url: /offer (Caused by NewConnectionError("HTTPConnection(host='10.76.170.174', port=8081): Failed to establish a new connection: [WinError 10061] 由于目标计算机积极拒绝，无法连接。"))
2026-04-22 10:34:19  ERROR     [root]  An error occurred with the old method: Failed to receive SDP Answer: No response
2026-04-22 10:34:19  INFO      [root]  Falling back to the new method...
2026-04-22 10:34:19  DEBUG     [root]  Recieved con_notify response: {"data1":"NJlamNPYbkRKcCHeOH4U2Tq1KkHA8McNisnKND8QPVFqu/KD5LAoAkCu19E3CvapwOhEWbFhzaw+xcG0ykpHmfcsmnCF9lPX138khjuW7rJmEw1xRP10fXVMb1QHhMhwzcK8q+Hyak1uzP+HjyPvUcjctPoAA4m/CAB6/zgG8i9uvabQJtkf168UYJzIV4596SBzTIFc+ezT9J7qcphp83xJRyiVPyon6k/UO3SLNWk/o7To3Ym5Gk/EWCN2hUW2NGMIqMHpgwk6S7bQfhJ8fuAWQaQZbt6kq/b5xy6hMwEqqBOdEy+8vsIa6ei1CfMZJcy6/U4A0F/CSt3L1ThZN/JD42d+Tgaqrjs7XFPxmiQ4pW7JJ883YN7Fm/5K2ZFAC3TaM2agz6wqggJxUdZSNn3S+CVV5XT14KoKDwNr7OJtOJ1Y1LZIHOYLzOHe337MCUKu22klRxMbZtXFbObDMt7Ce5SqG7B8S3i2blcCKN2tBaIrfzmbTPDy+r+MqPjnrhFkyAF62dumjR7ta5QixQ7AOZSuUpO5JsZOrNCXKU3xUC5jILQfu72/2Mk/ZEZTSdKvpdXQvi4=","data2":2}
2026-04-22 10:34:19  INFO      [root]  con_notify: data2=2, data1 长度=588, data1 前 30 字符='NJlamNPYbkRKcCHeOH4U2Tq1KkHA8M', 后 30 字符='5jILQfu72/2Mk/ZEZTSdKvpdXQvi4='
2026-04-22 10:34:19  INFO      [root]  con_notify 解密后: data1 长度=412, 前 30='Y3OapAfIYOMIIBIDANBgkqhkiG9w0B', 后 30='NBFrW9lYE3UViwIBEQ==NDGJ0INGMH'
2026-04-22 10:34:19  INFO      [root]  con_notify 解密后 FULL data1: 'Y3OapAfIYOMIIBIDANBgkqhkiG9w0BAQEFAAOCAQ0AMIIBCAKCAQEAnKI8Q0dbeS46pT5I1W1Q50vAu1S6u9HqBNdoMmox5lozLIMXoCnbHtzwlLpCLrLjiylhOhn6pdy1eliZW2tsMMLxlXHD3PStkW+bQL1vt4FIjq3YJ+fiMPHcaOoaLoyuPUD65i377V9nrfvjMWDALNbz504JDxWcBhBrIquSGl4Q2bM7K/cj6gZCoIze+g4eQJHn50Yj+CbEyovpghOhTAtnKj7gVtMepuc1lbQ7ggfvYMlHfkWvbgXKLWooE1UZEc68dOMOvHh/PXVZst+Dh2+DrBQN+8A9Zwv3+HrLHsv5pNlk6EmXvBPDNfYvCb7Vmjc8y196NBFrW9lYE3UViwIBEQ==NDGJ0INGMH'
2026-04-22 10:34:19  DEBUG     [root]  _calc_local_path_ending: last_10='NDGJ0INGMH'  (full len=412)
2026-04-22 10:34:19  DEBUG     [root]  _calc_local_path_ending: result=39867
2026-04-22 10:34:19  INFO      [root]  提取公钥 FULL: 'MIIBIDANBgkqhkiG9w0BAQEFAAOCAQ0AMIIBCAKCAQEAnKI8Q0dbeS46pT5I1W1Q50vAu1S6u9HqBNdoMmox5lozLIMXoCnbHtzwlLpCLrLjiylhOhn6pdy1eliZW2tsMMLxlXHD3PStkW+bQL1vt4FIjq3YJ+fiMPHcaOoaLoyuPUD65i377V9nrfvjMWDALNbz504JDxWcBhBrIquSGl4Q2bM7K/cj6gZCoIze+g4eQJHn50Yj+CbEyovpghOhTAtnKj7gVtMepuc1lbQ7ggfvYMlHfkWvbgXKLWooE1UZEc68dOMOvHh/PXVZst+Dh2+DrBQN+8A9Zwv3+HrLHsv5pNlk6EmXvBPDNfYvCb7Vmjc8y196NBFrW9lYE3UViwIBEQ=='
2026-04-22 10:34:19  INFO      [root]  提取公钥: pem 长度=392, path_ending=39867
2026-04-22 10:34:19  INFO      [root]  公钥 base64 解码: 长度=292 bytes, 前 16 bytes hex=30820120300d06092a864886f70d0101
2026-04-22 10:34:19  DEBUG     [root]  Recieved con_ing_39867 response: {"id":"STA_localNetwork","type":"answer","sdp":"reject"}
2026-04-22 10:34:19  INFO      [root]  SDP successfully sent using the new method.
2026-04-22 10:34:19  ERROR     [unitree.backend]  ❌ [右] 机器人已被另一个 WebRTC 客户端连接，请先关闭手机 APP 再重试
2026-04-22 10:34:19  WARNING   [unitree.backend]  [右] 重连第 3 次失败: 新建连接失败
2026-04-22 10:34:20  INFO      [root]  Heartbeat response received.
2026-04-22 10:34:20  INFO      [unitree.backend]  🔄 [右] 重连中 (5/5)…
2026-04-22 10:34:20  INFO      [unitree.backend]  ⏳ 正在连接 [右] (go2) @ 10.76.170.174…
2026-04-22 10:34:20  INFO      [root]  Creating offer...
2026-04-22 10:34:20  INFO      [root]  Trying to send SDP using the old method...
2026-04-22 10:34:22  ERROR     [root]  An error occurred: HTTPConnectionPool(host='10.76.170.174', port=8081): Max retries exceeded with url: /offer (Caused by NewConnectionError("HTTPConnection(host='10.76.170.174', port=8081): Failed to establish a new connection: [WinError 10061] 由于目标计算机积极拒绝，无法连接。"))
2026-04-22 10:34:22  ERROR     [root]  An error occurred with the old method: Failed to receive SDP Answer: No response
2026-04-22 10:34:22  INFO      [root]  Falling back to the new method...
2026-04-22 10:34:22  DEBUG     [root]  Recieved con_notify response: {"data1":"QqM8arBV+kNSAURs3+JCyjHXBdyFZ0DkeaRYjaCxQLJC4Iz62xGrJpipex9nr2M2Pd90cnhdQRZ86Jh94T2i+V2MnYJrSn8mt6m3H2OrpLg/YiAqewc3cjFVRo68FaDtlE3QUQybh//J+6JJIuCklazhGHw2PYBj1uk+/NqrmIKFhj91njyQk9udwF8q+jxYhxgrVWwKXzYnGNlI1lymD2wmSPFVz4flDn53R4/upAB16wKTxKw+KCgwG2/AqFrr5Eyd7yzpmqEHgmDYeVnPkPSvTceoTIeHPT/0fIsHMWNNzok1QI6pFAXqHwNNeQJHoXjzxCpCbJAINbP0FKrD4aP9rLsG6Z0MqANuBoON9wg2Wf1C1GMzbHVCFrtGm8Ca2tX2b71bFs1MF0+d8HkJQ6TNtWttmkfVnVSLhbiBOejLCjTFOCqMlRtzw5DUd762KdxOQXzYEMdQGe+qlNm+igLHad2M5CjwZT+DJEjT/gWmGfjtrBgJwQ9udcU/CMxaJuB1MHe7c2ai3QB6IXIrMhqs2LRhoeGxUO5G9O0u3IJNV0SCDC3saQXchw0dxQ+FDu7mwoDuAlo=","data2":2}
2026-04-22 10:34:22  INFO      [root]  con_notify: data2=2, data1 长度=588, data1 前 30 字符='QqM8arBV+kNSAURs3+JCyjHXBdyFZ0', 后 30 字符='SCDC3saQXchw0dxQ+FDu7mwoDuAlo='
2026-04-22 10:34:22  INFO      [root]  con_notify 解密后: data1 长度=412, 前 30='uAQIb3YS7qMIIBIDANBgkqhkiG9w0B', 后 30='w3XvP6GxtAdgxwIBEQ==0HUCOJFDDH'
2026-04-22 10:34:22  INFO      [root]  con_notify 解密后 FULL data1: 'uAQIb3YS7qMIIBIDANBgkqhkiG9w0BAQEFAAOCAQ0AMIIBCAKCAQEA3EaEjzV8y3u+bMcijIEQmW4nk7j9Q5NsHTM1K7BfmMhk8hPsNVfK9P0dInSFxiStImxp01lABF49w9k3HBdAXWCd+c2J6pdm3xeOKXHiax+aNVUgXmnxe29JAFZLr4KfjStXd2N8anv+s2RXI20conh6CwYoVPTSt5CG+YM6/nCYaODjgPybb/xf13I6sS7HUoGNhUP4VrEvbiOQwrOfsrlmlXMxxB3UurHNuQqCFBSb5n+4ln0b8+BvR+jiXjvbN+lnZ+Va/gz9gky5EtKG9VGRUBXzgDW//TE49Gh6EzM3dF/GWTsGyJWEL4jLOyOFlBKtJbrRw3XvP6GxtAdgxwIBEQ==0HUCOJFDDH'
2026-04-22 10:34:22  DEBUG     [root]  _calc_local_path_ending: last_10='0HUCOJFDDH'  (full len=412)
2026-04-22 10:34:22  DEBUG     [root]  _calc_local_path_ending: result=72937
2026-04-22 10:34:22  INFO      [root]  提取公钥 FULL: 'MIIBIDANBgkqhkiG9w0BAQEFAAOCAQ0AMIIBCAKCAQEA3EaEjzV8y3u+bMcijIEQmW4nk7j9Q5NsHTM1K7BfmMhk8hPsNVfK9P0dInSFxiStImxp01lABF49w9k3HBdAXWCd+c2J6pdm3xeOKXHiax+aNVUgXmnxe29JAFZLr4KfjStXd2N8anv+s2RXI20conh6CwYoVPTSt5CG+YM6/nCYaODjgPybb/xf13I6sS7HUoGNhUP4VrEvbiOQwrOfsrlmlXMxxB3UurHNuQqCFBSb5n+4ln0b8+BvR+jiXjvbN+lnZ+Va/gz9gky5EtKG9VGRUBXzgDW//TE49Gh6EzM3dF/GWTsGyJWEL4jLOyOFlBKtJbrRw3XvP6GxtAdgxwIBEQ=='
2026-04-22 10:34:22  INFO      [root]  提取公钥: pem 长度=392, path_ending=72937
2026-04-22 10:34:22  INFO      [root]  公钥 base64 解码: 长度=292 bytes, 前 16 bytes hex=30820120300d06092a864886f70d0101
2026-04-22 10:34:22  ERROR     [root]  An error occurred: 429 Client Error: Too Many Requests for url: http://10.76.170.174:9991/con_ing_72937
2026-04-22 10:34:22  ERROR     [root]  New method failed to send SDP.
2026-04-22 10:34:22  ERROR     [unitree.backend]  ❌ [右] 无法获取 SDP 应答，请检查机器人是否开机且在同一网络
2026-04-22 10:34:22  WARNING   [unitree.backend]  [右] 重连第 5 次失败: 新建连接失败
2026-04-22 10:34:22  INFO      [root]  Heartbeat response received.
2026-04-22 10:34:22  INFO      [unitree.backend]  🔄 [右] 重连中 (4/5)…
2026-04-22 10:34:23  INFO      [unitree.backend]  ⏳ 正在连接 [右] (go2) @ 10.76.170.174…
2026-04-22 10:34:23  INFO      [root]  Creating offer...
2026-04-22 10:34:23  INFO      [root]  Trying to send SDP using the old method...
2026-04-22 10:34:25  ERROR     [root]  An error occurred: HTTPConnectionPool(host='10.76.170.174', port=8081): Max retries exceeded with url: /offer (Caused by NewConnectionError("HTTPConnection(host='10.76.170.174', port=8081): Failed to establish a new connection: [WinError 10061] 由于目标计算机积极拒绝，无法连接。"))
2026-04-22 10:34:25  ERROR     [root]  An error occurred with the old method: Failed to receive SDP Answer: No response
2026-04-22 10:34:25  INFO      [root]  Falling back to the new method...
2026-04-22 10:34:25  ERROR     [root]  An error occurred: 429 Client Error: Too Many Requests for url: http://10.76.170.174:9991/con_notify
2026-04-22 10:34:25  ERROR     [root]  An error occurred with the new method: Failed to receive initial public key response.
2026-04-22 10:34:25  ERROR     [unitree.backend]  ❌ [右] 无法获取 SDP 应答，请检查机器人是否开机且在同一网络
2026-04-22 10:34:25  WARNING   [unitree.backend]  [右] 重连第 4 次失败: 新建连接失败
2026-04-22 10:34:25  INFO      [root]  Heartbeat response received.
2026-04-22 10:34:25  ERROR     [unitree.backend]  ❌ [右] 重连 5 次均失败，请检查设备是否在线
2026-04-22 10:34:27  INFO      [root]  Heartbeat response received.
2026-04-22 10:34:28  INFO      [unitree.backend]  🔄 [右] 重连中 (5/5)…
2026-04-22 10:34:28  INFO      [unitree.backend]  ⏳ 正在连接 [右] (go2) @ 10.76.170.174…
2026-04-22 10:34:28  INFO      [root]  Creating offer...
2026-04-22 10:34:28  INFO      [root]  Trying to send SDP using the old method...
2026-04-22 10:34:30  ERROR     [root]  An error occurred: HTTPConnectionPool(host='10.76.170.174', port=8081): Max retries exceeded with url: /offer (Caused by NewConnectionError("HTTPConnection(host='10.76.170.174', port=8081): Failed to establish a new connection: [WinError 10061] 由于目标计算机积极拒绝，无法连接。"))
2026-04-22 10:34:30  ERROR     [root]  An error occurred with the old method: Failed to receive SDP Answer: No response
2026-04-22 10:34:30  INFO      [root]  Falling back to the new method...
2026-04-22 10:34:30  DEBUG     [root]  Recieved con_notify response: {"data1":"OW6uN6TT3bkzxphLdXcnNg4vYwdlw/i78HjlbYrMVP+7vfIZEfgMZ+MhWwsdY3Dfhl6/NkySwsEK6D9F1CytK/P0a3OmAxFU5foj3wEW+pQLF2jpq4fYParHJtGTq3nLPeRfifueSNlk4yrRBmC9Yj6jaTkyN1WmolisalAK18vhdRsntiD3zs8/3++HO/T3q3RmnTji7vP1YF4nofziR7V/LowSTgoJlqmt541+pw+Fpr0CDvoCjCNWnHFwHW/641Z0aG0ounLxKFiVsoUkLp4eewCMPjBiDU2LwCAC4TwP2l6/qt6EyuRHUFdrE1LYn4243dQWygT5JFcgZKwMPyTi8fZP1JCGQ+muO3KpA1Tsy9rak4JnGbdJe75Eh5MJFcRzOG8pJyJkz3v8wVUS5Zj48wHxVQp8DGzgMI+XjwfZzIKM6Ex5CjC0yJwiMiDk93qnxtvV3Ta0KHmqygBqQvkSl96isoeroXeX1GWeo7NAZdzo8KnCTZ5Nw/ogVEee89D5MZvS4UeyWH8nOhWKALKqDnfmf4zzcyxk+6gN4pmVcRfk9jHwuTJaIUbcBW4NhPF9D+mKZ+g=","data2":2}
2026-04-22 10:34:30  INFO      [root]  con_notify: data2=2, data1 长度=588, data1 前 30 字符='OW6uN6TT3bkzxphLdXcnNg4vYwdlw/', 后 30 字符='fk9jHwuTJaIUbcBW4NhPF9D+mKZ+g='
2026-04-22 10:34:30  INFO      [root]  con_notify 解密后: data1 长度=412, 前 30='PjDgwIn0eRMIIBIDANBgkqhkiG9w0B', 后 30='9odFaa5ToGbMDQIBEQ==XE2ICIVI6C'
2026-04-22 10:34:30  INFO      [root]  con_notify 解密后 FULL data1: 'PjDgwIn0eRMIIBIDANBgkqhkiG9w0BAQEFAAOCAQ0AMIIBCAKCAQEAn5NVjMZCZCWsCyVyFBSZt7w4mfA+YZTomhKjlu28fuVpV492SD680ntRSugK2Gu3zB13v2MQq81yE2AmBGDdCa4T9TkHMt+WvTcso/K0i611sy9WOX2+94+TxzXdkon++w1ZIVh9IHXF0Hg6yb+Agc7NW6r7FigPiUARcKR2MscWn9UjA50SqJg9t6loKilccz6Xh13LaiIeqcvkQRPZk5SdE1+TITd9/uxrC/mo5X4vr9fKXYXYaNznNdBOP1silDAQGegAsvR5jz3he3/lkp9CtUknfm+f+WH/pFlPu4paf7EuizH+9CBggyEepwLpP1A8IwPn9odFaa5ToGbMDQIBEQ==XE2ICIVI6C'
2026-04-22 10:34:30  DEBUG     [root]  _calc_local_path_ending: last_10='XE2ICIVI6C'  (full len=412)
2026-04-22 10:34:30  DEBUG     [root]  _calc_local_path_ending: result=48882
2026-04-22 10:34:30  INFO      [root]  提取公钥 FULL: 'MIIBIDANBgkqhkiG9w0BAQEFAAOCAQ0AMIIBCAKCAQEAn5NVjMZCZCWsCyVyFBSZt7w4mfA+YZTomhKjlu28fuVpV492SD680ntRSugK2Gu3zB13v2MQq81yE2AmBGDdCa4T9TkHMt+WvTcso/K0i611sy9WOX2+94+TxzXdkon++w1ZIVh9IHXF0Hg6yb+Agc7NW6r7FigPiUARcKR2MscWn9UjA50SqJg9t6loKilccz6Xh13LaiIeqcvkQRPZk5SdE1+TITd9/uxrC/mo5X4vr9fKXYXYaNznNdBOP1silDAQGegAsvR5jz3he3/lkp9CtUknfm+f+WH/pFlPu4paf7EuizH+9CBggyEepwLpP1A8IwPn9odFaa5ToGbMDQIBEQ=='
2026-04-22 10:34:30  INFO      [root]  提取公钥: pem 长度=392, path_ending=48882
2026-04-22 10:34:30  INFO      [root]  公钥 base64 解码: 长度=292 bytes, 前 16 bytes hex=30820120300d06092a864886f70d0101
2026-04-22 10:34:30  DEBUG     [root]  Recieved con_ing_48882 response: {"id":"STA_localNetwork","type":"answer","sdp":"reject"}
2026-04-22 10:34:30  INFO      [root]  SDP successfully sent using the new method.
2026-04-22 10:34:30  ERROR     [unitree.backend]  ❌ [右] 机器人已被另一个 WebRTC 客户端连接，请先关闭手机 APP 再重试
2026-04-22 10:34:30  WARNING   [unitree.backend]  [右] 重连第 5 次失败: 新建连接失败
2026-04-22 10:34:30  INFO      [root]  Heartbeat response received.
2026-04-22 10:34:32  INFO      [root]  Heartbeat response received.
2026-04-22 10:34:33  ERROR     [unitree.backend]  ❌ [右] 重连 5 次均失败，请检查设备是否在线
2026-04-22 10:34:34  INFO      [root]  Heartbeat response received.
2026-04-22 10:34:36  INFO      [root]  Heartbeat response received.
2026-04-22 10:34:36  INFO      [unitree.backend]  [用户操作] 列表重连 [右]
2026-04-22 10:34:36  INFO      [unitree.backend]  手动重连：右
2026-04-22 10:34:36  INFO      [unitree.backend]  🔄 [右] 重连中 (1/5)…
2026-04-22 10:34:36  INFO      [unitree.backend]  ⏳ 正在连接 [右] (go2) @ 10.76.170.174…
2026-04-22 10:34:36  INFO      [root]  Creating offer...
2026-04-22 10:34:36  INFO      [root]  Trying to send SDP using the old method...
2026-04-22 10:34:38  ERROR     [root]  An error occurred: HTTPConnectionPool(host='10.76.170.174', port=8081): Max retries exceeded with url: /offer (Caused by NewConnectionError("HTTPConnection(host='10.76.170.174', port=8081): Failed to establish a new connection: [WinError 10061] 由于目标计算机积极拒绝，无法连接。"))
2026-04-22 10:34:38  ERROR     [root]  An error occurred with the old method: Failed to receive SDP Answer: No response
2026-04-22 10:34:38  INFO      [root]  Falling back to the new method...
2026-04-22 10:34:38  DEBUG     [root]  Recieved con_notify response: {"data1":"fTCw0AHF+a+q1o78ozlPaUTOSkrIqwUGo0D968BxRdHeCFUZysLQIjJiv7wRTD7fc+CH5OiWslIoFyATD36Lkp7pTHE/He0hnMLvcsTI/0n89FY9xXzH6s47jF0SemNi493wFOVNA2hLsgyjiw8tyagnxQ7rBnnOnpMiPCsoLDd2PnKrjHxaTuxjrTn/tVeg3BlMyeCrUT8HAAqWL+rqPef1eLVJYb5t0Zt480rKOdkerqeDBZ9DkDa/5uceg5YiB8DioXg4bAiJQ45qJP4QmaIWltOD5+LCEwfTJA6BpgSbZ9KlkkgYFCCgKtGpZNcPoSlYi0G+1y8kFYjrPwtBOwKGayTG+YzgeGDCA5SN30IovIACe4BbjfKaeeSPBt2WYrvZ6s42Y4AFoTPOpn27bO8NQ1ULi2YSGg1LlePVg3nbCyFZ7M27BUXGmY5SyUFIM/eP3xurwYKuQPdrJppGYVWsG+JiRnCG3gPfS9SylAiapwY8mq1vmUC9TKHqOiOHYosCTM/qO63CaUCxSmaAXcHdZSgDeWLX+SP3waKeOODkMMvCaUXsnv23NC6sOmj0Ap0nKyDBMqk=","data2":2}
2026-04-22 10:34:38  INFO      [root]  con_notify: data2=2, data1 长度=588, data1 前 30 字符='fTCw0AHF+a+q1o78ozlPaUTOSkrIqw', 后 30 字符='vCaUXsnv23NC6sOmj0Ap0nKyDBMqk='
2026-04-22 10:34:38  INFO      [root]  con_notify 解密后: data1 长度=412, 前 30='6fb90I3Gs7MIIBIDANBgkqhkiG9w0B', 后 30='+1LHUCN+w+u/AQIBEQ==5GUE5H9CGC'
2026-04-22 10:34:38  INFO      [root]  con_notify 解密后 FULL data1: '6fb90I3Gs7MIIBIDANBgkqhkiG9w0BAQEFAAOCAQ0AMIIBCAKCAQEAu8VSnb8nqLcO0XqXfXyYK9v9oi2d6Vp2QtjCPluhh/ySNPghge0LPgap9MIUUKP5Eyd0ZFu7n3i9g8m1dOItHa07gzm5JMbq98mV60orslPqoNuk6td0SUqg+S011KsJNp+fGp7RGMV0OyPhKwyAgM5JiDPr2ictjnlRUpvV08pLmE/XtA0IFqGMWv96aTf2yuuYdboz8uDWpBK918FbMUbPa1eTYg43WpEKqso+0acf7YItbJ/T9EvYc5uBEiIqExO9Ij71qcJWMlc/m7GXbFzeTDZRM4lHgwhe4wV48S6n/tuhhPEuvagL6CYNx7Ys2wPSz7+f+1LHUCN+w+u/AQIBEQ==5GUE5H9CGC'
2026-04-22 10:34:38  DEBUG     [root]  _calc_local_path_ending: last_10='5GUE5H9CGC'  (full len=412)
2026-04-22 10:34:38  DEBUG     [root]  _calc_local_path_ending: result=64722
2026-04-22 10:34:38  INFO      [root]  提取公钥 FULL: 'MIIBIDANBgkqhkiG9w0BAQEFAAOCAQ0AMIIBCAKCAQEAu8VSnb8nqLcO0XqXfXyYK9v9oi2d6Vp2QtjCPluhh/ySNPghge0LPgap9MIUUKP5Eyd0ZFu7n3i9g8m1dOItHa07gzm5JMbq98mV60orslPqoNuk6td0SUqg+S011KsJNp+fGp7RGMV0OyPhKwyAgM5JiDPr2ictjnlRUpvV08pLmE/XtA0IFqGMWv96aTf2yuuYdboz8uDWpBK918FbMUbPa1eTYg43WpEKqso+0acf7YItbJ/T9EvYc5uBEiIqExO9Ij71qcJWMlc/m7GXbFzeTDZRM4lHgwhe4wV48S6n/tuhhPEuvagL6CYNx7Ys2wPSz7+f+1LHUCN+w+u/AQIBEQ=='
2026-04-22 10:34:38  INFO      [root]  提取公钥: pem 长度=392, path_ending=64722
2026-04-22 10:34:38  INFO      [root]  公钥 base64 解码: 长度=292 bytes, 前 16 bytes hex=30820120300d06092a864886f70d0101
2026-04-22 10:34:39  DEBUG     [root]  Recieved con_ing_64722 response: {"id":"STA_localNetwork","type":"answer","sdp":"reject"}
2026-04-22 10:34:39  INFO      [root]  SDP successfully sent using the new method.
2026-04-22 10:34:39  ERROR     [unitree.backend]  ❌ [右] 机器人已被另一个 WebRTC 客户端连接，请先关闭手机 APP 再重试
2026-04-22 10:34:39  WARNING   [unitree.backend]  [右] 重连第 1 次失败: 新建连接失败
2026-04-22 10:34:39  INFO      [root]  Heartbeat response received.
2026-04-22 10:34:40  INFO      [unitree.backend]  [用户操作] 列表重连 [右]
2026-04-22 10:34:40  INFO      [unitree.backend]  手动重连：右
2026-04-22 10:34:40  INFO      [unitree.backend]  🔄 [右] 重连中 (1/5)…
2026-04-22 10:34:40  INFO      [unitree.backend]  ⏳ 正在连接 [右] (go2) @ 10.76.170.174…
2026-04-22 10:34:40  INFO      [root]  Creating offer...
2026-04-22 10:34:40  INFO      [root]  Trying to send SDP using the old method...
2026-04-22 10:34:42  ERROR     [root]  An error occurred: HTTPConnectionPool(host='10.76.170.174', port=8081): Max retries exceeded with url: /offer (Caused by NewConnectionError("HTTPConnection(host='10.76.170.174', port=8081): Failed to establish a new connection: [WinError 10061] 由于目标计算机积极拒绝，无法连接。"))
2026-04-22 10:34:42  ERROR     [root]  An error occurred with the old method: Failed to receive SDP Answer: No response
2026-04-22 10:34:42  INFO      [root]  Falling back to the new method...
2026-04-22 10:34:42  DEBUG     [root]  Recieved con_notify response: {"data1":"vieUs7BuNCBHLOG+QqHW7NBBKYS1YQnaKdwwNhSf5oyQB/+lFLCbv5ymUzKhtlMia8oySqdu8nKwUuFFv+Cmm38k8ij0Dp5NbY7Dfaegw9xMkSwiHcJhMJhZv/oQJ81e96pfcti4EOKWok/FmnAG6fYfr5+VA0oOQLmxPKbWwN02iNB0W8a9WeX2Y/mNhnovziG97dpz/jqw8G1swRcJtAmvuBZ/qze+Ka4U9nH9JPLtxDfm/84M429lsMdkpnX/gSiw90fOZngkAIotjzJkqZ+VSUKUTiIOQKTXAoxF9w93C8fCHWIFFbXLBimRRsOqs9W9v28e2aujsjz3wxvQqSmPsMNIJzMaRaZGiQ2SDnLoXbVcOYa624mPZ9/JBMJJ2x7lNWS7krZ5YEu//m+NUmuOs5tFRWA7l36ijdkxf1IK/Gv72IHSTwVM07wzf+hoOOZ9H5JQ7sZ6mZTc3Gq0YRJuRQvsYa1sQBJJ2mEksJn0NK0Ro9yIpfVc7rkQW9qJSefjGeM7Z1EMAv80b9PMkihL9DYc7bhCJU4WKp9D8iJUT0pDJL/h9SEkgSuEPOCxkXGib89iC9U=","data2":2}
2026-04-22 10:34:42  INFO      [root]  con_notify: data2=2, data1 长度=588, data1 前 30 字符='vieUs7BuNCBHLOG+QqHW7NBBKYS1YQ', 后 30 字符='pDJL/h9SEkgSuEPOCxkXGib89iC9U='
2026-04-22 10:34:42  INFO      [root]  con_notify 解密后: data1 长度=412, 前 30='zyDthyXqqzMIIBIDANBgkqhkiG9w0B', 后 30='UkS1GdqDkgpMaQIBEQ==PJWIGBFFRH'
2026-04-22 10:34:42  INFO      [root]  con_notify 解密后 FULL data1: 'zyDthyXqqzMIIBIDANBgkqhkiG9w0BAQEFAAOCAQ0AMIIBCAKCAQEApa9jVUoHxXoT7uLI5w6kWvFsQTlugWeQ2k9zatrayOhi0DspVQBU7n8O9JS5W9eVNOXhPmACeN92qLSY/RCpIeaVOlHsvDBODu7FzX6hRVLIcNq8/4du/mK3PpGKw3ijnYthuFnst1NnzkRKt8lvXsYYiiwGhEaB3fDSfLoIL6bmsj5hCMHVFJRUbS0kCIsegmvwvo4BoTBNslbXrnqRN68by/dXoDlagh0ELE7EG5nno4dy0lhR1pssnUqeAQyIRQG3fFLiiJlk0Xmcv7qlo5PpboBju9JxvK4LFVd+iU2uiVl0FG7bzN+N7oL2rB3Dydbrlo9WUkS1GdqDkgpMaQIBEQ==PJWIGBFFRH'
2026-04-22 10:34:42  DEBUG     [root]  _calc_local_path_ending: last_10='PJWIGBFFRH'  (full len=412)
2026-04-22 10:34:42  DEBUG     [root]  _calc_local_path_ending: result=98157
2026-04-22 10:34:42  INFO      [root]  提取公钥 FULL: 'MIIBIDANBgkqhkiG9w0BAQEFAAOCAQ0AMIIBCAKCAQEApa9jVUoHxXoT7uLI5w6kWvFsQTlugWeQ2k9zatrayOhi0DspVQBU7n8O9JS5W9eVNOXhPmACeN92qLSY/RCpIeaVOlHsvDBODu7FzX6hRVLIcNq8/4du/mK3PpGKw3ijnYthuFnst1NnzkRKt8lvXsYYiiwGhEaB3fDSfLoIL6bmsj5hCMHVFJRUbS0kCIsegmvwvo4BoTBNslbXrnqRN68by/dXoDlagh0ELE7EG5nno4dy0lhR1pssnUqeAQyIRQG3fFLiiJlk0Xmcv7qlo5PpboBju9JxvK4LFVd+iU2uiVl0FG7bzN+N7oL2rB3Dydbrlo9WUkS1GdqDkgpMaQIBEQ=='
2026-04-22 10:34:42  INFO      [root]  提取公钥: pem 长度=392, path_ending=98157
2026-04-22 10:34:42  INFO      [root]  公钥 base64 解码: 长度=292 bytes, 前 16 bytes hex=30820120300d06092a864886f70d0101
2026-04-22 10:34:43  DEBUG     [root]  Recieved con_ing_98157 response: {"id":"STA_localNetwork","type":"answer","sdp":"reject"}
2026-04-22 10:34:43  INFO      [root]  SDP successfully sent using the new method.
2026-04-22 10:34:43  ERROR     [unitree.backend]  ❌ [右] 机器人已被另一个 WebRTC 客户端连接，请先关闭手机 APP 再重试
2026-04-22 10:34:43  WARNING   [unitree.backend]  [右] 重连第 1 次失败: 新建连接失败
2026-04-22 10:34:43  INFO      [unitree.backend]  🔄 [右] 重连中 (2/5)…
2026-04-22 10:34:43  INFO      [unitree.backend]  ⏳ 正在连接 [右] (go2) @ 10.76.170.174…
2026-04-22 10:34:43  INFO      [root]  Creating offer...
2026-04-22 10:34:43  INFO      [root]  Trying to send SDP using the old method...
2026-04-22 10:34:45  ERROR     [root]  An error occurred: HTTPConnectionPool(host='10.76.170.174', port=8081): Max retries exceeded with url: /offer (Caused by NewConnectionError("HTTPConnection(host='10.76.170.174', port=8081): Failed to establish a new connection: [WinError 10061] 由于目标计算机积极拒绝，无法连接。"))
2026-04-22 10:34:45  ERROR     [root]  An error occurred with the old method: Failed to receive SDP Answer: No response
2026-04-22 10:34:45  INFO      [root]  Falling back to the new method...
2026-04-22 10:34:45  DEBUG     [root]  Recieved con_notify response: {"data1":"IT3POAqJWrTM5Hpu1NLauCU8i+qlTl66QStOk6AZxg7xxjWJB/krQr5TmjdvJRA8O9IzR8kpb4PlFzkV+RPmtUGYdCjcko9usbbsPUUSVqFxL5l9WhYYbeNmEVr/RYFehjik8y3IqjY/KqNda+NSFrlm8tyTSoTazn5BOQSFUMTCXppd+4mZhthpnZ80wLhPgYBPJxKylO/84qrLND39oW+1RIwhkpfYmV0Jj75oWJepHwUhxV6VsvJ7sy7X+2mGE08+ho3Dk+xqrwYJnjk4aWhH5JbH4hFVJOTo9+5nPXga8nAaM1FSFWNdnUhOX3rchJbuwA5NULlm2WTZhK5po7mudYttzFC9mUVObTSNKrudkSOxwXJrLaADP/tZ/8QoKfLWc8URp5RB8nfD0/+jdFE5C1GUv44GkHWX0WF6+IBhPYglCrQDwTehEcorN72EpzYgWEelfY63G4KiZ/ibzoS6uPkcat9mQwxnekZEKRlaG3XiobCO3BG1zvLZlj0Co8rscc+eE4LBXNeKHZBtHMVFR1ecF4uuXflMDlqJKpdCFOlBTpbBCB8QVdBYr8FAipah21bJ1Zg=","data2":2}
2026-04-22 10:34:45  INFO      [root]  con_notify: data2=2, data1 长度=588, data1 前 30 字符='IT3POAqJWrTM5Hpu1NLauCU8i+qlTl', 后 30 字符='lBTpbBCB8QVdBYr8FAipah21bJ1Zg='
2026-04-22 10:34:45  INFO      [root]  con_notify 解密后: data1 长度=412, 前 30='FIzgMz3zK8MIIBIDANBgkqhkiG9w0B', 后 30='UbkvgVqN0JPAFwIBEQ==VGWH9C7D9I'
2026-04-22 10:34:45  INFO      [root]  con_notify 解密后 FULL data1: 'FIzgMz3zK8MIIBIDANBgkqhkiG9w0BAQEFAAOCAQ0AMIIBCAKCAQEA24WxCTh2AZ5qXSg7JCEthW2SPzdtp38y8rWjWg+DyGqILNFSaH25aMhqv42giWILPCVJbZvldvI3A+swc/zMnCvwwgh6xX0Dwrt7VkLQ2uNUiqSxx1mPEeUB0D2C3DPVWTHJHTN09ba4Us9d1NiGLyDV8ZteqiXzUZP9X1UIkB7SPiNO4MIMa8PPAfSFT2vOQxru7KKWDwQvHBoOiWatOSVyIoVYvShkUIyxtitCNQRLM/v3owPtqkUTjxUfdLlwQBPg6CH5HM+SWREb5VpzdF9h9LfR+v2nzvGP9uEDfwDh3BJCnpgDOFtYPo8Jyi73v+yKq4UIUbkvgVqN0JPAFwIBEQ==VGWH9C7D9I'
2026-04-22 10:34:45  DEBUG     [root]  _calc_local_path_ending: last_10='VGWH9C7D9I'  (full len=412)
2026-04-22 10:34:45  DEBUG     [root]  _calc_local_path_ending: result=67238
2026-04-22 10:34:45  INFO      [root]  提取公钥 FULL: 'MIIBIDANBgkqhkiG9w0BAQEFAAOCAQ0AMIIBCAKCAQEA24WxCTh2AZ5qXSg7JCEthW2SPzdtp38y8rWjWg+DyGqILNFSaH25aMhqv42giWILPCVJbZvldvI3A+swc/zMnCvwwgh6xX0Dwrt7VkLQ2uNUiqSxx1mPEeUB0D2C3DPVWTHJHTN09ba4Us9d1NiGLyDV8ZteqiXzUZP9X1UIkB7SPiNO4MIMa8PPAfSFT2vOQxru7KKWDwQvHBoOiWatOSVyIoVYvShkUIyxtitCNQRLM/v3owPtqkUTjxUfdLlwQBPg6CH5HM+SWREb5VpzdF9h9LfR+v2nzvGP9uEDfwDh3BJCnpgDOFtYPo8Jyi73v+yKq4UIUbkvgVqN0JPAFwIBEQ=='
2026-04-22 10:34:45  INFO      [root]  提取公钥: pem 长度=392, path_ending=67238
2026-04-22 10:34:45  INFO      [root]  公钥 base64 解码: 长度=292 bytes, 前 16 bytes hex=30820120300d06092a864886f70d0101
2026-04-22 10:34:45  ERROR     [root]  An error occurred: ('Connection aborted.', RemoteDisconnected('Remote end closed connection without response'))
2026-04-22 10:34:45  ERROR     [root]  New method failed to send SDP.
2026-04-22 10:34:45  ERROR     [unitree.backend]  ❌ [右] 无法获取 SDP 应答，请检查机器人是否开机且在同一网络
2026-04-22 10:34:45  WARNING   [unitree.backend]  [右] 重连第 2 次失败: 新建连接失败
2026-04-22 10:34:45  INFO      [root]  Heartbeat response received.
2026-04-22 10:34:45  INFO      [root]  Heartbeat response received.
2026-04-22 10:34:46  INFO      [unitree.backend]  🔄 [右] 重连中 (2/5)…
2026-04-22 10:34:46  INFO      [unitree.backend]  ⏳ 正在连接 [右] (go2) @ 10.76.170.174…
2026-04-22 10:34:46  INFO      [root]  Creating offer...
2026-04-22 10:34:46  INFO      [root]  Trying to send SDP using the old method...
2026-04-22 10:34:48  ERROR     [root]  An error occurred: HTTPConnectionPool(host='10.76.170.174', port=8081): Max retries exceeded with url: /offer (Caused by NewConnectionError("HTTPConnection(host='10.76.170.174', port=8081): Failed to establish a new connection: [WinError 10061] 由于目标计算机积极拒绝，无法连接。"))
2026-04-22 10:34:48  ERROR     [root]  An error occurred with the old method: Failed to receive SDP Answer: No response
2026-04-22 10:34:48  INFO      [root]  Falling back to the new method...
2026-04-22 10:34:48  DEBUG     [root]  Recieved con_notify response: {"data1":"gKkowB8cL5/y42bRCrPXeabjjtVJO0SOrdjuz9QR7LoKjKcw9YstVyEi7afjGmIkkWGrGqco2yMSOONhZY6iY1czQ+O7oRr9Zh3JUBG3d0lliRLGlCHWQYUa6Ghm25iP6KMFUv3f39XfLzqzqnw2yli20ZHjcLKJ0xWubMa0NTEMO5mR58KYfMHJPLSfapkloGWarYgjE8L4sCZ4HaVFd05KSnCBScjE5TOtD1tX89/q31cTtZIfkprZwGkNbxksN9eYF4iYZL1PJuJ0sWugdpcgP7PJeFoatb4upmnE46kcUWPJrpNlwdU27/kX1ntjylNFE85uEeeDQJFh/x84TXwMk5vgNGa4S344ZCyaqqdBuDhVcJQSDrB9DzSNvMKjyegstbLuXv5uXt5L9Oou08FRyDKsxuTpJ65hy20rDYMTW795ozfu7RRkXb6iBKCSg2zxDU5gU3f4RoUHvLnWJ9o84GoUo2D9Cnq2bFcVxfk8ICi3DXZO5Vsx1CtTpsz/FEizunh0hAqYKMLVpRsULTaGXuQOPuJw47QEFpjDdR8m8ZZFEfP0Bs2SLBBPXnYQUQC6raoaj3o=","data2":2}
2026-04-22 10:34:48  INFO      [root]  con_notify: data2=2, data1 长度=588, data1 前 30 字符='gKkowB8cL5/y42bRCrPXeabjjtVJO0', 后 30 字符='ZFEfP0Bs2SLBBPXnYQUQC6raoaj3o='
2026-04-22 10:34:48  INFO      [root]  con_notify 解密后: data1 长度=412, 前 30='X0n5IkLTy0MIIBIDANBgkqhkiG9w0B', 后 30='0uZw42jrvAKcDQIBEQ==9DXFQISEGA'
2026-04-22 10:34:48  INFO      [root]  con_notify 解密后 FULL data1: 'X0n5IkLTy0MIIBIDANBgkqhkiG9w0BAQEFAAOCAQ0AMIIBCAKCAQEAp3igQQljWrjcNp043u4snSEMeuEDNKmTWkRRKLC4Rh8dZ7YU5aItuJUxMnh0dUC58tY/nceyn7kjGrxiiXdROa9pOdVia5HDxfEdO3g782oKymdCejcXXC9M8mRm/hHmlF9+iDI/Y58ARQLJb9WlXETIHtN6chmq5RTa70jiYWSd1yEFsBHFoZlhd9fmYrpnj9ekvkeQupRAivRYQX98hUE7QaHDGZrlxUzwXc7yWXVPGgspVcAhMEREE5kowz3m31l2tGPz/7NL41j6O6f3dt5FMdHI1fZwaDn2/Sof2abvpbpKWNTzWbdmGPE85XhC/vHXijk/0uZw42jrvAKcDQIBEQ==9DXFQISEGA'
2026-04-22 10:34:48  DEBUG     [root]  _calc_local_path_ending: last_10='9DXFQISEGA'  (full len=412)
2026-04-22 10:34:48  DEBUG     [root]  _calc_local_path_ending: result=35840
2026-04-22 10:34:48  INFO      [root]  提取公钥 FULL: 'MIIBIDANBgkqhkiG9w0BAQEFAAOCAQ0AMIIBCAKCAQEAp3igQQljWrjcNp043u4snSEMeuEDNKmTWkRRKLC4Rh8dZ7YU5aItuJUxMnh0dUC58tY/nceyn7kjGrxiiXdROa9pOdVia5HDxfEdO3g782oKymdCejcXXC9M8mRm/hHmlF9+iDI/Y58ARQLJb9WlXETIHtN6chmq5RTa70jiYWSd1yEFsBHFoZlhd9fmYrpnj9ekvkeQupRAivRYQX98hUE7QaHDGZrlxUzwXc7yWXVPGgspVcAhMEREE5kowz3m31l2tGPz/7NL41j6O6f3dt5FMdHI1fZwaDn2/Sof2abvpbpKWNTzWbdmGPE85XhC/vHXijk/0uZw42jrvAKcDQIBEQ=='
2026-04-22 10:34:48  INFO      [root]  提取公钥: pem 长度=392, path_ending=35840
2026-04-22 10:34:48  INFO      [root]  公钥 base64 解码: 长度=292 bytes, 前 16 bytes hex=30820120300d06092a864886f70d0101
2026-04-22 10:34:51  ERROR     [root]  An error occurred: ('Connection aborted.', RemoteDisconnected('Remote end closed connection without response'))
2026-04-22 10:34:51  ERROR     [root]  New method failed to send SDP.
2026-04-22 10:34:51  ERROR     [unitree.backend]  ❌ [右] 无法获取 SDP 应答，请检查机器人是否开机且在同一网络
2026-04-22 10:34:51  WARNING   [unitree.backend]  [右] 重连第 2 次失败: 新建连接失败
2026-04-22 10:34:51  INFO      [unitree.backend]  🔄 [右] 重连中 (3/5)…
2026-04-22 10:34:51  INFO      [unitree.backend]  ⏳ 正在连接 [右] (go2) @ 10.76.170.174…
2026-04-22 10:34:51  INFO      [root]  Creating offer...
2026-04-22 10:34:51  INFO      [root]  Trying to send SDP using the old method...
2026-04-22 10:34:53  ERROR     [root]  An error occurred: HTTPConnectionPool(host='10.76.170.174', port=8081): Max retries exceeded with url: /offer (Caused by NewConnectionError("HTTPConnection(host='10.76.170.174', port=8081): Failed to establish a new connection: [WinError 10061] 由于目标计算机积极拒绝，无法连接。"))
2026-04-22 10:34:53  ERROR     [root]  An error occurred with the old method: Failed to receive SDP Answer: No response
2026-04-22 10:34:53  INFO      [root]  Falling back to the new method...
2026-04-22 10:34:53  DEBUG     [root]  Recieved con_notify response: {"data1":"NMEY6PACX8O+zO7IKZ2PbGyEwbK1SAlGM+HuZyEEnguX1SygvepAiquRLLg9/Mfqe7fZtpPO/Wi0Htqwp8dPryaUStInZhsiuRVdMpU+6Zcwozyly1DlTkYQ2L5y6lIJGH3O7bTV8ZI+2QJUuJzqmz8aNOyBHb83mcF2fKFoexo9FxMdcKbDTlYg197epwInJTh2m9RdOj9x88yGaqyKF//gFBj32V2KXIqsFFaeA4bmJJAiJ1+PglhQB7Bei8fdKAsvIiqSF9QQdbFsK5R8tzMuyPPOaPofF9JCObEkcUo4lk9OwvDcJgnFuTHa9lqf7ma7X7zY3dxNYStCoUjCWjlCpf1ALaDAhchuBt12uriDGQDivhfpbO8Yfb1P7XV2YvA97M7DBl7BcubEiRCaI7gm9QwEEwznyMWAPdJIB9xJ6jhh1eKYQXi9CYCvPfvg1CRvlwik3pxIGDD3tk8HpCn8Eimiysz7GxVlhZxyrfYvetGP01we60vkUEfeLIDqR37y0KGFVXraT5ua7wi+KXF0DEtPeKk5/M/6sGXsZ8FPHr30TzUzneZLsMUBXt1kpRm3KraCOwg=","data2":2}
2026-04-22 10:34:53  INFO      [root]  con_notify: data2=2, data1 长度=588, data1 前 30 字符='NMEY6PACX8O+zO7IKZ2PbGyEwbK1SA', 后 30 字符='30TzUzneZLsMUBXt1kpRm3KraCOwg='
2026-04-22 10:34:53  INFO      [root]  con_notify 解密后: data1 长度=412, 前 30='8HolJt7dAzMIIBIDANBgkqhkiG9w0B', 后 30='aiQeHp7ZO6DSrwIBEQ==MCVJFHDHQH'
2026-04-22 10:34:53  INFO      [root]  con_notify 解密后 FULL data1: '8HolJt7dAzMIIBIDANBgkqhkiG9w0BAQEFAAOCAQ0AMIIBCAKCAQEAshTAdETozhdCBiq9Cmd+NsWOGOMK3BwLCQg+shDULCKW2Z3lcZ+Jkz8pnQODxbovzIsDQ9gHXCc/4Nx6Q3pyvJ8B/L2QT5lv9839WZHwBO70miWmyJ7huMpCUAF552Zyfk9jBQCHNJC2aG9R9ZxeQL5sqc1pFViw7VbNhGw490fNJejwv0/eB9E75qisJKzu+c36gWdTiDNsL00oKqBGNGpPP5Gct5JTCtGhrO0R9PnB3thHniLol8E9Tg4UgidjcZtjxTdSHvu/TvN8UMGi5mdh/N/qlgCsTOFx5jvEEBVj/WhCxOvmDzUjA+URpzWK4tMQaADeaiQeHp7ZO6DSrwIBEQ==MCVJFHDHQH'
2026-04-22 10:34:53  DEBUG     [root]  _calc_local_path_ending: last_10='MCVJFHDHQH'  (full len=412)
2026-04-22 10:34:53  DEBUG     [root]  _calc_local_path_ending: result=29777
2026-04-22 10:34:53  INFO      [root]  提取公钥 FULL: 'MIIBIDANBgkqhkiG9w0BAQEFAAOCAQ0AMIIBCAKCAQEAshTAdETozhdCBiq9Cmd+NsWOGOMK3BwLCQg+shDULCKW2Z3lcZ+Jkz8pnQODxbovzIsDQ9gHXCc/4Nx6Q3pyvJ8B/L2QT5lv9839WZHwBO70miWmyJ7huMpCUAF552Zyfk9jBQCHNJC2aG9R9ZxeQL5sqc1pFViw7VbNhGw490fNJejwv0/eB9E75qisJKzu+c36gWdTiDNsL00oKqBGNGpPP5Gct5JTCtGhrO0R9PnB3thHniLol8E9Tg4UgidjcZtjxTdSHvu/TvN8UMGi5mdh/N/qlgCsTOFx5jvEEBVj/WhCxOvmDzUjA+URpzWK4tMQaADeaiQeHp7ZO6DSrwIBEQ=='
2026-04-22 10:34:53  INFO      [root]  提取公钥: pem 长度=392, path_ending=29777
2026-04-22 10:34:53  INFO      [root]  公钥 base64 解码: 长度=292 bytes, 前 16 bytes hex=30820120300d06092a864886f70d0101
2026-04-22 10:34:53  DEBUG     [root]  Recieved con_ing_29777 response: {"id":"STA_localNetwork","type":"answer","sdp":"reject"}
2026-04-22 10:34:53  INFO      [root]  SDP successfully sent using the new method.
2026-04-22 10:34:53  ERROR     [unitree.backend]  ❌ [右] 机器人已被另一个 WebRTC 客户端连接，请先关闭手机 APP 再重试
2026-04-22 10:34:53  WARNING   [unitree.backend]  [右] 重连第 3 次失败: 新建连接失败
2026-04-22 10:34:53  INFO      [root]  Heartbeat response received.
2026-04-22 10:34:53  INFO      [root]  Heartbeat response received.
2026-04-22 10:34:54  INFO      [unitree.backend]  🔄 [右] 重连中 (3/5)…
2026-04-22 10:34:54  INFO      [unitree.backend]  ⏳ 正在连接 [右] (go2) @ 10.76.170.174…
2026-04-22 10:34:54  INFO      [root]  Creating offer...
2026-04-22 10:34:54  INFO      [root]  Trying to send SDP using the old method...
2026-04-22 10:34:56  ERROR     [root]  An error occurred: HTTPConnectionPool(host='10.76.170.174', port=8081): Max retries exceeded with url: /offer (Caused by NewConnectionError("HTTPConnection(host='10.76.170.174', port=8081): Failed to establish a new connection: [WinError 10061] 由于目标计算机积极拒绝，无法连接。"))
2026-04-22 10:34:56  ERROR     [root]  An error occurred with the old method: Failed to receive SDP Answer: No response
2026-04-22 10:34:56  INFO      [root]  Falling back to the new method...
2026-04-22 10:34:56  DEBUG     [root]  Recieved con_notify response: {"data1":"cFq+A3ATnJ9HtO0V0WfENK1+hqJo336zl2kwobVOI9yzkYRYsAzsx42XtxH6RtXcRyeuIk+zYxWCjQIYEbrzQ3pEXg0jDz2HlUt90sfkqYYyOSKD7dX9WXHWvmilWg1q7jQNzST16ucfrTRdSeFya6vt4Y6SyKVyuOMzhtz1D666BN2eIkwkhqnLgyOPh+MCiNLAUVi91CdezmkDiFmmUiNzG/DWgtA5yh4WLkf+7Shd0idz3XoDce1+myKBc35Mpxbcog/kTESEaJslUxvRGeYQwjHRr6Dm7LXM2QiVxSZJugMEgfYPSa02il96v3N62IcQnZ3EiKwojVqIsVqUY/Tb7Xy6e0c+/dXReMadMX02+7I0UmSGLcQp4FR21Z9RvWIV/Gkz+sziU36Mm4u3zlAyWFPynxdGvrgDXiw6/z67//1Kd0w2dl4rFIQQkTacRlDOdmzZ1dFmNeYZyEsehSy5Kkz0bL+rLeVwGgkNVbiAtxlFKVrEH+piczqBRIdGJpXivMrXLh8qLDPZiifRBkWpXcPK/+6qCU9wsgCgLM1jBAngF+SjLm6RXYC8EtTV2baF/SqOC6w=","data2":2}
2026-04-22 10:34:56  INFO      [root]  con_notify: data2=2, data1 长度=588, data1 前 30 字符='cFq+A3ATnJ9HtO0V0WfENK1+hqJo33', 后 30 字符='ngF+SjLm6RXYC8EtTV2baF/SqOC6w='
2026-04-22 10:34:56  INFO      [root]  con_notify 解密后: data1 长度=412, 前 30='f9saKCX3gdMIIBIDANBgkqhkiG9w0B', 后 30='cYv0vrrm1HtsKwIBEQ==2CXBHCFEDF'
2026-04-22 10:34:56  INFO      [root]  con_notify 解密后 FULL data1: 'f9saKCX3gdMIIBIDANBgkqhkiG9w0BAQEFAAOCAQ0AMIIBCAKCAQEAjmIsnFi6xmU16QVfPcDpnq7SmTRMr1yleaZ5rRSarvoAkKB/xQ3lCW0OBTQ5LqUyeEVPtKPdiEXNp30kyZXK3CmNgL2wHVgR4/xGnuSMwMw1MhUAQwfxkYDgnMmew+6vvBhI5hCZUCX9jTYI/INEN8V1hVo2992O/P1BqbJ49TNXXnNn98T+7u8go6Q3RLFBRTMf2Yz6MHHZ2TB69vSINMvaxrVjsxSZKIn+zDz7lap+lXZW1k4SkWaZZ1tl9UxkrbEv3LbAdHMOsNjLBSAzIL0C3KfoEP9RCTP1hpIjr7t99ujtTaiW0Iqac6pzj7HYyCGAvajRcYv0vrrm1HtsKwIBEQ==2CXBHCFEDF'
2026-04-22 10:34:56  DEBUG     [root]  _calc_local_path_ending: last_10='2CXBHCFEDF'  (full len=412)
2026-04-22 10:34:56  DEBUG     [root]  _calc_local_path_ending: result=21245
2026-04-22 10:34:56  INFO      [root]  提取公钥 FULL: 'MIIBIDANBgkqhkiG9w0BAQEFAAOCAQ0AMIIBCAKCAQEAjmIsnFi6xmU16QVfPcDpnq7SmTRMr1yleaZ5rRSarvoAkKB/xQ3lCW0OBTQ5LqUyeEVPtKPdiEXNp30kyZXK3CmNgL2wHVgR4/xGnuSMwMw1MhUAQwfxkYDgnMmew+6vvBhI5hCZUCX9jTYI/INEN8V1hVo2992O/P1BqbJ49TNXXnNn98T+7u8go6Q3RLFBRTMf2Yz6MHHZ2TB69vSINMvaxrVjsxSZKIn+zDz7lap+lXZW1k4SkWaZZ1tl9UxkrbEv3LbAdHMOsNjLBSAzIL0C3KfoEP9RCTP1hpIjr7t99ujtTaiW0Iqac6pzj7HYyCGAvajRcYv0vrrm1HtsKwIBEQ=='
2026-04-22 10:34:56  INFO      [root]  提取公钥: pem 长度=392, path_ending=21245
2026-04-22 10:34:56  INFO      [root]  公钥 base64 解码: 长度=292 bytes, 前 16 bytes hex=30820120300d06092a864886f70d0101
2026-04-22 10:34:56  ERROR     [root]  An error occurred: 429 Client Error: Too Many Requests for url: http://10.76.170.174:9991/con_ing_21245
2026-04-22 10:34:56  ERROR     [root]  New method failed to send SDP.
2026-04-22 10:34:56  ERROR     [unitree.backend]  ❌ [右] 无法获取 SDP 应答，请检查机器人是否开机且在同一网络
2026-04-22 10:34:56  WARNING   [unitree.backend]  [右] 重连第 3 次失败: 新建连接失败
2026-04-22 10:34:56  INFO      [root]  Heartbeat response received.
2026-04-22 10:34:56  INFO      [unitree.backend]  🔄 [右] 重连中 (4/5)…
2026-04-22 10:34:56  INFO      [unitree.backend]  ⏳ 正在连接 [右] (go2) @ 10.76.170.174…
2026-04-22 10:34:56  INFO      [root]  Creating offer...
2026-04-22 10:34:56  INFO      [root]  Trying to send SDP using the old method...
2026-04-22 10:34:58  ERROR     [root]  An error occurred: HTTPConnectionPool(host='10.76.170.174', port=8081): Max retries exceeded with url: /offer (Caused by NewConnectionError("HTTPConnection(host='10.76.170.174', port=8081): Failed to establish a new connection: [WinError 10061] 由于目标计算机积极拒绝，无法连接。"))
2026-04-22 10:34:58  ERROR     [root]  An error occurred with the old method: Failed to receive SDP Answer: No response
2026-04-22 10:34:58  INFO      [root]  Falling back to the new method...
2026-04-22 10:34:59  DEBUG     [root]  Recieved con_notify response: {"data1":"Jeky+qL7YyfdPULByiZVBHpdSaFFdxDju0bNuP7o3iyY6v8rYBuUMiiASHCDyrcQppVwbVxwdSq0731RVTTkKgIw4PNWbqZnmB7hXl5rEMAuk72d7pOrIXpdKulWOcbsHFLj9W4Djkq4xPwGkAIRtpI6ocaLjJEfEN1WySFpmmTOFndinJN1u3VanvwSYTBC+xg/angBoKIYOz1mHQmMiZkscA9P7JKxbQWLSDIt93FFU2JrOg8F6zywQze6vqF8/010kr/XPte3qU7KznOxqOVuAShDHjbx4BY6NiHX6jvNEbyl5q9qmfJHCbvN/lFs74xqr4MlOkuIF6HzRxwGfgPeX+jIV+LfZ72p4aE3H+HOJqK1RJQen/cyyWOjJrC1svMBaXlUPSn8igIIWMiqbWD3DdFDWarkeKL8Gaksig3/Xa0U2hDHx/bnidk5kcGLVD4nwgdQwyoVVpIFA4ekr7ot1wTwoEjlFLg1CqvLivSc061RDPx5ZYRntH2BIVLb1EKfjmzTFJ/c6brBOMpWVvm1RS5WPIqXAm46PirdmgfcaXDIq3I0FR2+2ZQjFgFS/H/bWPEIR/E=","data2":2}
2026-04-22 10:34:59  INFO      [root]  con_notify: data2=2, data1 长度=588, data1 前 30 字符='Jeky+qL7YyfdPULByiZVBHpdSaFFdx', 后 30 字符='DIq3I0FR2+2ZQjFgFS/H/bWPEIR/E='
2026-04-22 10:34:59  INFO      [root]  con_notify 解密后: data1 长度=412, 前 30='pTjPXXEO4MMIIBIDANBgkqhkiG9w0B', 后 30='t8nS6kFUhbBTUQIBEQ==KD4BXHVA8E'
2026-04-22 10:34:59  INFO      [root]  con_notify 解密后 FULL data1: 'pTjPXXEO4MMIIBIDANBgkqhkiG9w0BAQEFAAOCAQ0AMIIBCAKCAQEAr0DYaBDijs/An5p8uNVQeRoWuR95jfG1t4l9j/9McVWk/6NA2wMrT9CowUOa5/uNtJZdmOKyn3Y3y6oQ3C+q+VSzweMoGUSdzZf/nKY3bjCaLTcl8BdlXHw3stKw6LQlJwlU34AyDf771UsYuY8beKG3tOxjRJi3ug9o4lRei2kFUlEY0M2AqdQxuPTC1rfc54psF/+M4tQIwh0C78Y5inNZapWEsi3+nzkNO+ndXxADQsrQXdJ4S4wZqx6pVvl5CTQ3ppiquYMGsTLqL1+SLllT7wZnmDcYg5RsH3FGhltBIf4n3JfpqJu4KgTV9sVi/fH04WUat8nS6kFUhbBTUQIBEQ==KD4BXHVA8E'
2026-04-22 10:34:59  DEBUG     [root]  _calc_local_path_ending: last_10='KD4BXHVA8E'  (full len=412)
2026-04-22 10:34:59  DEBUG     [root]  _calc_local_path_ending: result=31704
2026-04-22 10:34:59  INFO      [root]  提取公钥 FULL: 'MIIBIDANBgkqhkiG9w0BAQEFAAOCAQ0AMIIBCAKCAQEAr0DYaBDijs/An5p8uNVQeRoWuR95jfG1t4l9j/9McVWk/6NA2wMrT9CowUOa5/uNtJZdmOKyn3Y3y6oQ3C+q+VSzweMoGUSdzZf/nKY3bjCaLTcl8BdlXHw3stKw6LQlJwlU34AyDf771UsYuY8beKG3tOxjRJi3ug9o4lRei2kFUlEY0M2AqdQxuPTC1rfc54psF/+M4tQIwh0C78Y5inNZapWEsi3+nzkNO+ndXxADQsrQXdJ4S4wZqx6pVvl5CTQ3ppiquYMGsTLqL1+SLllT7wZnmDcYg5RsH3FGhltBIf4n3JfpqJu4KgTV9sVi/fH04WUat8nS6kFUhbBTUQIBEQ=='
2026-04-22 10:34:59  INFO      [root]  提取公钥: pem 长度=392, path_ending=31704
2026-04-22 10:34:59  INFO      [root]  公钥 base64 解码: 长度=292 bytes, 前 16 bytes hex=30820120300d06092a864886f70d0101
2026-04-22 10:34:59  DEBUG     [root]  Recieved con_ing_31704 response: {"id":"STA_localNetwork","type":"answer","sdp":"reject"}
2026-04-22 10:34:59  INFO      [root]  SDP successfully sent using the new method.
2026-04-22 10:34:59  ERROR     [unitree.backend]  ❌ [右] 机器人已被另一个 WebRTC 客户端连接，请先关闭手机 APP 再重试
2026-04-22 10:34:59  WARNING   [unitree.backend]  [右] 重连第 4 次失败: 新建连接失败
2026-04-22 10:34:59  INFO      [root]  Heartbeat response received.
2026-04-22 10:34:59  INFO      [unitree.backend]  🔄 [右] 重连中 (4/5)…
2026-04-22 10:34:59  INFO      [unitree.backend]  ⏳ 正在连接 [右] (go2) @ 10.76.170.174…
2026-04-22 10:34:59  INFO      [root]  Creating offer...
2026-04-22 10:34:59  INFO      [root]  Trying to send SDP using the old method...
2026-04-22 10:35:01  ERROR     [root]  An error occurred: HTTPConnectionPool(host='10.76.170.174', port=8081): Max retries exceeded with url: /offer (Caused by NewConnectionError("HTTPConnection(host='10.76.170.174', port=8081): Failed to establish a new connection: [WinError 10061] 由于目标计算机积极拒绝，无法连接。"))
2026-04-22 10:35:01  ERROR     [root]  An error occurred with the old method: Failed to receive SDP Answer: No response
2026-04-22 10:35:01  INFO      [root]  Falling back to the new method...
2026-04-22 10:35:02  DEBUG     [root]  Recieved con_notify response: {"data1":"KCcz5EPXNZsuqFFx5xQ5QGN1gA6p5LYVdlKB/gAaCTfV7NHykERDGitVQPMJeXwbqoYQ5w7n+I9mB8g+BuOrKScxOIy1pt1fzJxyAoMCFcqvpH/ZXjiUpRQ0xGcPo6QNiG/WoGlCA31Y9cjE9VaOa3O6XVXW1he9oBX4CTvU9A9Mq4cFh52VqdFWB5l6NEQrTU6/pjawoULRA4M3qtVcGYMfXRhk5+c24rjrWw9WrpSJCP6z1tPL6ykZ5pJ6LNjQ2O7vqKxuy5YGT9Z2gAR+SHcE6C409sx9bZmWsNqmeidPZfGZZRSfUyNk6JF6W8sdMoqRdsg0QHLTFZvqTsf301xWDQjqxs73YFx1NJYaHKVa79wp7fntaJ0Fr9ctYb9YhWGFcQpIqQMoSnsuPJl6U7KuMCWgLL8fHMZWgdlaU3LniZZ9v7Lx7ADpG33RZwcHyB+Tangnjo0+tXWXDBuuFy+l4aPdTuMqJZgpFOpkhIrxkzLiL7e5F+26z90jMfXVQA8IDQhh02KOEuhiUvdUjaSYWCiixRxUnMsbxoSMVx02Yp8Ni25Pi1A5TIAJDmFAPyZL/NWy8S0=","data2":2}
2026-04-22 10:35:02  INFO      [root]  con_notify: data2=2, data1 长度=588, data1 前 30 字符='KCcz5EPXNZsuqFFx5xQ5QGN1gA6p5L', 后 30 字符='8Ni25Pi1A5TIAJDmFAPyZL/NWy8S0='
2026-04-22 10:35:02  INFO      [root]  con_notify 解密后: data1 长度=412, 前 30='ysDLxxTuIFMIIBIDANBgkqhkiG9w0B', 后 30='YaINAjml+cB6AQIBEQ==1F4AIGEADG'
2026-04-22 10:35:02  INFO      [root]  con_notify 解密后 FULL data1: 'ysDLxxTuIFMIIBIDANBgkqhkiG9w0BAQEFAAOCAQ0AMIIBCAKCAQEAr9ojAZ4+hkQwTxpTexRAMQHxugbTGn9SNanTt9VY7C74NEaIL+aVk1BrxOdjTLHS6kiBzVFU4mOWKHlLQMShyVnwbEbSAwyktZjpkss6HS4tCtScLkoOGkxxL+cz/NNYb6Y1XtEXi4UuK+rkXAuE/vJkkXecr4pdyyID42PZ+EiXoecyrX7X+HOJhScy1XW2OU5lC9keck+gypFDOl+DM7/dTbArtrPwjJg+hShNxPM/v7q5t9Ayp9+u44FNbFpZ9r60VH7dDrIETNUDZLskHCm5eadfvV4JBd76TVjIsASjPONgPgSvRPxO1VqE+1VejVkvLiVZYaINAjml+cB6AQIBEQ==1F4AIGEADG'
2026-04-22 10:35:02  DEBUG     [root]  _calc_local_path_ending: last_10='1F4AIGEADG'  (full len=412)
2026-04-22 10:35:02  DEBUG     [root]  _calc_local_path_ending: result=50606
2026-04-22 10:35:02  INFO      [root]  提取公钥 FULL: 'MIIBIDANBgkqhkiG9w0BAQEFAAOCAQ0AMIIBCAKCAQEAr9ojAZ4+hkQwTxpTexRAMQHxugbTGn9SNanTt9VY7C74NEaIL+aVk1BrxOdjTLHS6kiBzVFU4mOWKHlLQMShyVnwbEbSAwyktZjpkss6HS4tCtScLkoOGkxxL+cz/NNYb6Y1XtEXi4UuK+rkXAuE/vJkkXecr4pdyyID42PZ+EiXoecyrX7X+HOJhScy1XW2OU5lC9keck+gypFDOl+DM7/dTbArtrPwjJg+hShNxPM/v7q5t9Ayp9+u44FNbFpZ9r60VH7dDrIETNUDZLskHCm5eadfvV4JBd76TVjIsASjPONgPgSvRPxO1VqE+1VejVkvLiVZYaINAjml+cB6AQIBEQ=='
2026-04-22 10:35:02  INFO      [root]  提取公钥: pem 长度=392, path_ending=50606
2026-04-22 10:35:02  INFO      [root]  公钥 base64 解码: 长度=292 bytes, 前 16 bytes hex=30820120300d06092a864886f70d0101
2026-04-22 10:35:02  DEBUG     [root]  Recieved con_ing_50606 response: {"id":"STA_localNetwork","type":"answer","sdp":"reject"}
2026-04-22 10:35:02  INFO      [root]  SDP successfully sent using the new method.
2026-04-22 10:35:02  ERROR     [unitree.backend]  ❌ [右] 机器人已被另一个 WebRTC 客户端连接，请先关闭手机 APP 再重试
2026-04-22 10:35:02  WARNING   [unitree.backend]  [右] 重连第 4 次失败: 新建连接失败
2026-04-22 10:35:02  INFO      [root]  Heartbeat response received.
2026-04-22 10:35:02  INFO      [unitree.backend]  🔄 [右] 重连中 (5/5)…
2026-04-22 10:35:02  INFO      [unitree.backend]  ⏳ 正在连接 [右] (go2) @ 10.76.170.174…
2026-04-22 10:35:02  INFO      [root]  Creating offer...
2026-04-22 10:35:02  INFO      [root]  Trying to send SDP using the old method...
2026-04-22 10:35:04  INFO      [unitree.ui]  [用户操作] 请求删除：['右']
2026-04-22 10:35:04  ERROR     [root]  An error occurred: HTTPConnectionPool(host='10.76.170.174', port=8081): Max retries exceeded with url: /offer (Caused by NewConnectionError("HTTPConnection(host='10.76.170.174', port=8081): Failed to establish a new connection: [WinError 10061] 由于目标计算机积极拒绝，无法连接。"))
2026-04-22 10:35:04  ERROR     [root]  An error occurred with the old method: Failed to receive SDP Answer: No response
2026-04-22 10:35:04  INFO      [root]  Falling back to the new method...
2026-04-22 10:35:04  DEBUG     [root]  Recieved con_notify response: {"data1":"yYmdz9wNM6iBUV4JgC/48YL00837rHWKCy8Hk+Tb2dIB0B/rt2uYrubaj1Zns3VKMsla0yRXLYpTBW4/c0g2m5p9FEKH4fXkNk515/g+A1RbAl22U7MtgWSugnXABOp7K9Dir1onyAgm7oZy2qPSIwe9mBOOpx4UOsMTeXlQ4jlUwCtMFEH6h0q9Oop1UITOOeQthY9IWF/DuwfAJfi3SsRP7x+vg3Q4IW/c57MmV7SVQIyHbg0puUta5qiZEFqAHeg4cR0NLgP6jnGY4AIWLTKVoKB9bHKYHzgvygqQVm582+LdrAZtB3A99kQuRD96ody4FkQ6J2z1xAiVbTGISXEaJRTztLRwHGePVklABBzpf7AtOOmFW/Vbw6IWUaqXIdVd7aCS+/WrZX0ZPeFIdWbaAknL6+xmo1vIfHaZEt8E2F23MAZSIFyfIUPcwMJJc5xDHCnViNNeew8tZls/3N+DxaoMzl+2Na6L/pWGpg3LAP8YSHGigwtG2xFIoGC13xvdE9kYFZJ9REgDy5koWPDcSgDE2OtW/FXx12fmKEaaMwWxYG5FBWjrafM0wWJxYuLVk2wumHU=","data2":2}
2026-04-22 10:35:04  INFO      [root]  con_notify: data2=2, data1 长度=588, data1 前 30 字符='yYmdz9wNM6iBUV4JgC/48YL00837rH', 后 30 字符='WxYG5FBWjrafM0wWJxYuLVk2wumHU='
2026-04-22 10:35:04  INFO      [root]  con_notify 解密后: data1 长度=412, 前 30='q5PQOIq6EiMIIBIDANBgkqhkiG9w0B', 后 30='wOW6FdyDMO7n6QIBEQ==SJ9HACZEQI'
2026-04-22 10:35:04  INFO      [root]  con_notify 解密后 FULL data1: 'q5PQOIq6EiMIIBIDANBgkqhkiG9w0BAQEFAAOCAQ0AMIIBCAKCAQEA7lZo+9pgCQ/euVgLMWQtthpBfh4E0HvFl8zuOEzeBiPIX7eFyGthCYgetx3sFZWgMyd6FobixlEdW9FE0k1I1fN6bjSghi/ns24gIzPXZtlmQWeJiiYn6YH1gstHkIv0ePj6VS38TxAC2EexVpYCpLneCY7lIcGtGwGYMp9nD0jZuTbkqAO0YqH0p6NbF+EJpQcHstcQMS/V2IOQqz9brnmog/VKpddB9qQvEpgkRvwFJQykuMkLzF/Ho5lJ68wbg/ToTIX6Dt7P25r4N/Zv63y55eTwYBvzRcgegIEs/4dfz0jmsK8HYfZesO7w2t+IsRfOEVPOwOW6FdyDMO7n6QIBEQ==SJ9HACZEQI'
2026-04-22 10:35:04  DEBUG     [root]  _calc_local_path_ending: last_10='SJ9HACZEQI'  (full len=412)
2026-04-22 10:35:04  DEBUG     [root]  _calc_local_path_ending: result=97248
2026-04-22 10:35:04  INFO      [root]  提取公钥 FULL: 'MIIBIDANBgkqhkiG9w0BAQEFAAOCAQ0AMIIBCAKCAQEA7lZo+9pgCQ/euVgLMWQtthpBfh4E0HvFl8zuOEzeBiPIX7eFyGthCYgetx3sFZWgMyd6FobixlEdW9FE0k1I1fN6bjSghi/ns24gIzPXZtlmQWeJiiYn6YH1gstHkIv0ePj6VS38TxAC2EexVpYCpLneCY7lIcGtGwGYMp9nD0jZuTbkqAO0YqH0p6NbF+EJpQcHstcQMS/V2IOQqz9brnmog/VKpddB9qQvEpgkRvwFJQykuMkLzF/Ho5lJ68wbg/ToTIX6Dt7P25r4N/Zv63y55eTwYBvzRcgegIEs/4dfz0jmsK8HYfZesO7w2t+IsRfOEVPOwOW6FdyDMO7n6QIBEQ=='
2026-04-22 10:35:04  INFO      [root]  提取公钥: pem 长度=392, path_ending=97248
2026-04-22 10:35:04  INFO      [root]  公钥 base64 解码: 长度=292 bytes, 前 16 bytes hex=30820120300d06092a864886f70d0101
2026-04-22 10:35:04  ERROR     [root]  An error occurred: 429 Client Error: Too Many Requests for url: http://10.76.170.174:9991/con_ing_97248
2026-04-22 10:35:04  ERROR     [root]  New method failed to send SDP.
2026-04-22 10:35:04  ERROR     [unitree.backend]  ❌ [右] 无法获取 SDP 应答，请检查机器人是否开机且在同一网络
2026-04-22 10:35:04  WARNING   [unitree.backend]  [右] 重连第 5 次失败: 新建连接失败
2026-04-22 10:35:04  INFO      [root]  Heartbeat response received.
2026-04-22 10:35:05  INFO      [unitree.backend]  🔄 [右] 重连中 (5/5)…
2026-04-22 10:35:05  INFO      [unitree.backend]  ⏳ 正在连接 [右] (go2) @ 10.76.170.174…
2026-04-22 10:35:05  INFO      [root]  Creating offer...
2026-04-22 10:35:05  INFO      [root]  Trying to send SDP using the old method...
2026-04-22 10:35:06  INFO      [unitree.backend]  删除已保存机器人 cfg_id=72899c3c
2026-04-22 10:35:06  DEBUG     [unitree.backend]  配置已写入 C:\Users\ChenSanSui\.unitree_multicontrol\config.json
2026-04-22 10:35:06  INFO      [unitree.backend]  删除机器人：右 (robot_id=b8d35c33)
2026-04-22 10:35:07  ERROR     [root]  An error occurred: HTTPConnectionPool(host='10.76.170.174', port=8081): Max retries exceeded with url: /offer (Caused by NewConnectionError("HTTPConnection(host='10.76.170.174', port=8081): Failed to establish a new connection: [WinError 10061] 由于目标计算机积极拒绝，无法连接。"))
2026-04-22 10:35:07  ERROR     [root]  An error occurred with the old method: Failed to receive SDP Answer: No response
2026-04-22 10:35:07  INFO      [root]  Falling back to the new method...
2026-04-22 10:35:07  ERROR     [root]  An error occurred: 429 Client Error: Too Many Requests for url: http://10.76.170.174:9991/con_notify
2026-04-22 10:35:07  ERROR     [root]  An error occurred with the new method: Failed to receive initial public key response.
2026-04-22 10:35:07  ERROR     [unitree.backend]  ❌ [右] 无法获取 SDP 应答，请检查机器人是否开机且在同一网络
2026-04-22 10:35:07  WARNING   [unitree.backend]  [右] 重连第 5 次失败: 新建连接失败
2026-04-22 10:35:07  INFO      [root]  Heartbeat response received.
2026-04-22 10:35:07  ERROR     [unitree.backend]  ❌ [右] 重连 5 次均失败，请检查设备是否在线
2026-04-22 10:35:08  INFO      [unitree.ui]  [用户操作] 点击 IP 手动添加
2026-04-22 10:35:09  INFO      [root]  Heartbeat response received.
2026-04-22 10:35:10  ERROR     [unitree.backend]  ❌ [右] 重连 5 次均失败，请检查设备是否在线
2026-04-22 10:35:11  INFO      [root]  Heartbeat response received.
2026-04-22 10:35:13  INFO      [root]  Heartbeat response received.
2026-04-22 10:35:15  INFO      [root]  Heartbeat response received.
2026-04-22 10:35:17  INFO      [root]  Heartbeat response received.
2026-04-22 10:35:19  INFO      [root]  Heartbeat response received.
2026-04-22 10:35:21  INFO      [root]  Heartbeat response received.
2026-04-22 10:35:23  INFO      [root]  Heartbeat response received.
2026-04-22 10:35:25  INFO      [root]  Heartbeat response received.
2026-04-22 10:35:27  INFO      [root]  Heartbeat response received.
2026-04-22 10:35:29  INFO      [root]  Heartbeat response received.
2026-04-22 10:35:31  INFO      [root]  Heartbeat response received.
2026-04-22 10:35:31  INFO      [unitree.ui]  [用户操作] 确认手动添加：name=右 type=go2 ip=10.76.170.174
2026-04-22 10:35:31  DEBUG     [unitree.backend]  配置已写入 C:\Users\ChenSanSui\.unitree_multicontrol\config.json
2026-04-22 10:35:31  INFO      [unitree.backend]  新保存机器人：右 (cfg_id=11821444, IP=10.76.170.174, SN=None)
2026-04-22 10:35:31  INFO      [unitree.backend]  添加机器人：name=右 type=go2 ip=10.76.170.174 sn=None robot_id=4e9eae54
2026-04-22 10:35:31  INFO      [unitree.backend]  ⏳ 正在连接 [右] (go2) @ 10.76.170.174…
2026-04-22 10:35:32  INFO      [root]  Creating offer...
2026-04-22 10:35:32  INFO      [root]  Trying to send SDP using the old method...
2026-04-22 10:35:34  ERROR     [root]  An error occurred: HTTPConnectionPool(host='10.76.170.174', port=8081): Max retries exceeded with url: /offer (Caused by NewConnectionError("HTTPConnection(host='10.76.170.174', port=8081): Failed to establish a new connection: [WinError 10061] 由于目标计算机积极拒绝，无法连接。"))
2026-04-22 10:35:34  ERROR     [root]  An error occurred with the old method: Failed to receive SDP Answer: No response
2026-04-22 10:35:34  INFO      [root]  Falling back to the new method...
2026-04-22 10:35:34  DEBUG     [root]  Recieved con_notify response: {"data1":"iVQFqTdTSa49+7DS4FaoR36fv7OYuVrEkfcgS04/pyiPNl52JUEtC6fXiVvHTa9sWWFNphKro6UwKIxrfaIyXb8otxR8YgN44VOd++PA6jhQLwWFYuiLS/4Fw36i9avi/6s0xGTMCLjNbSS5puImb6iqm8HLB2lhP4kR9mvDrOfB2lKu12KrBV3Syw8uIUpwDDLOpR0+0yOMDelOmQuclpk2f4Rd2OTaYvFJ32jFqFUqmqKF2ZndZ/Yb/ALEZSvpJfy6xyh26RzRSjPMapNRtldl7+lGB4i6YEsXpxJpmY6EF7quM7zgmL7zRrof016rcg1Tpx406/OJwT4LfAbhOI5jfeSaJacc6LMQtbhZMVbvxfSDjp6HdM+OJOwLe/xM3GN4gulR5j9Zozz7D1+ofowFXI5Yi8iUowkqZZSFLOIaphLZf5hPEjUJTu4IXyEsm6THBJvCLVb1Oqxu0NIGV71pZrVGKGP3ep/bgMgwVkS8wi73Sa+GDJw+1BtjgMtqGbMAC2x1QX1a9NxhzJ5gbUiyW/RiO5B+6KBEgUlVKEV7YAz3yLQOBy6YhEqS4o6lu46yja83L2I=","data2":2}
2026-04-22 10:35:34  INFO      [root]  con_notify: data2=2, data1 长度=588, data1 前 30 字符='iVQFqTdTSa49+7DS4FaoR36fv7OYuV', 后 30 字符='z3yLQOBy6YhEqS4o6lu46yja83L2I='
2026-04-22 10:35:34  INFO      [root]  con_notify 解密后: data1 长度=412, 前 30='5Ncxl8o2qzMIIBIDANBgkqhkiG9w0B', 后 30='jO8fBAZLYVyeUwIBEQ==QBWIRDFI7J'
2026-04-22 10:35:34  INFO      [root]  con_notify 解密后 FULL data1: '5Ncxl8o2qzMIIBIDANBgkqhkiG9w0BAQEFAAOCAQ0AMIIBCAKCAQEA1vy9nG3vyJpmf02fJGssgRAKDt/iys32o9dgBpHGzH1mrLagZBmRc9/+lka5qctlWvZl7C8pz2FRGm6yU7pQ7lyVOiM9CxAA0un9MczCm+OpapIBovAUlMJyd/t+ReeOl/N/0LBKgT7XnrzTixjO2ayLPwihYfIefJBmTPpl30w5IJVCSkdILVY4F/qqwiC3PyPl4lRTtsmE/EC/RevhiusiPDdEKNyRw+u0aacAV4IepbzvkJcXnLB/l3Abwq912v+8x4C5lwJvtQkhTzoD0nVKLrYnWmi+pMKRv/sk+0AmLlU0oxzFe59V6+LIC9sxJvp62lU/jO8fBAZLYVyeUwIBEQ==QBWIRDFI7J'
2026-04-22 10:35:34  DEBUG     [root]  _calc_local_path_ending: last_10='QBWIRDFI7J'  (full len=412)
2026-04-22 10:35:34  DEBUG     [root]  _calc_local_path_ending: result=18389
2026-04-22 10:35:34  INFO      [root]  提取公钥 FULL: 'MIIBIDANBgkqhkiG9w0BAQEFAAOCAQ0AMIIBCAKCAQEA1vy9nG3vyJpmf02fJGssgRAKDt/iys32o9dgBpHGzH1mrLagZBmRc9/+lka5qctlWvZl7C8pz2FRGm6yU7pQ7lyVOiM9CxAA0un9MczCm+OpapIBovAUlMJyd/t+ReeOl/N/0LBKgT7XnrzTixjO2ayLPwihYfIefJBmTPpl30w5IJVCSkdILVY4F/qqwiC3PyPl4lRTtsmE/EC/RevhiusiPDdEKNyRw+u0aacAV4IepbzvkJcXnLB/l3Abwq912v+8x4C5lwJvtQkhTzoD0nVKLrYnWmi+pMKRv/sk+0AmLlU0oxzFe59V6+LIC9sxJvp62lU/jO8fBAZLYVyeUwIBEQ=='
2026-04-22 10:35:34  INFO      [root]  提取公钥: pem 长度=392, path_ending=18389
2026-04-22 10:35:34  INFO      [root]  公钥 base64 解码: 长度=292 bytes, 前 16 bytes hex=30820120300d06092a864886f70d0101
2026-04-22 10:35:34  DEBUG     [root]  Recieved con_ing_18389 response: {"id":"STA_localNetwork","type":"answer","sdp":"reject"}
2026-04-22 10:35:34  INFO      [root]  SDP successfully sent using the new method.
2026-04-22 10:35:34  ERROR     [unitree.backend]  ❌ [右] 机器人已被另一个 WebRTC 客户端连接，请先关闭手机 APP 再重试
2026-04-22 10:35:34  INFO      [root]  Heartbeat response received.
2026-04-22 10:35:36  INFO      [root]  Heartbeat response received.
2026-04-22 10:35:38  INFO      [root]  Heartbeat response received.
2026-04-22 10:35:40  INFO      [root]  Heartbeat response received.
2026-04-22 10:35:41  INFO      [unitree.backend]  [用户操作] 列表重连 [右]
2026-04-22 10:35:41  INFO      [unitree.backend]  手动重连：右
2026-04-22 10:35:41  INFO      [unitree.backend]  🔄 [右] 重连中 (1/5)…
2026-04-22 10:35:41  INFO      [unitree.backend]  ⏳ 正在连接 [右] (go2) @ 10.76.170.174…
2026-04-22 10:35:41  INFO      [root]  Creating offer...
2026-04-22 10:35:41  INFO      [root]  Trying to send SDP using the old method...
2026-04-22 10:35:44  ERROR     [root]  An error occurred: HTTPConnectionPool(host='10.76.170.174', port=8081): Max retries exceeded with url: /offer (Caused by NewConnectionError("HTTPConnection(host='10.76.170.174', port=8081): Failed to establish a new connection: [WinError 10061] 由于目标计算机积极拒绝，无法连接。"))
2026-04-22 10:35:44  ERROR     [root]  An error occurred with the old method: Failed to receive SDP Answer: No response
2026-04-22 10:35:44  INFO      [root]  Falling back to the new method...
2026-04-22 10:35:44  DEBUG     [root]  Recieved con_notify response: {"data1":"JcDlXaelwh1y1/ynGSZktbyvxm4+vapBlHUqT4ZPqa9RBqohXTeEXBtUpJhoi83uHMSgurVlANs1Hgb+un3+AeCccTUg6xyGzrGw5dRfolgfJzkomefA3dsFK0usbVHAezW2SbiryYSnxOTiG7aKuzyvg5aKlvOtMXrd6QW4lwIlbGeGuOpt/izdN5caBbzUKF+7RojH78imvB4+hkm9ySfg0+daGDSI9OvYeghtHFwH79JAkJHuwsF7TF3j76jyffrd5MdlPFlH4DLAcb5xwt09rbT3/38Tt8YHJEPLZagM9ThCZzA5amezzF5xf1hjVsqka72iz6RSKtFm6FYwsdwVjlSRUyyjbYkv5BcbL6Kr4wCeGVcfAcXn+PF7VrT30K75UoAL/He4Urqn/ZX05tQpvkz81YFepdKq4wX3CQTgFw/0ZZzHiOXMmwRRF/73yVHm4TahmuYKIEA757w6rj5VSzzNUntxJFQoOAeSVvAln3dF0YWg1zsfmGUQxE6nSPaYXGB5nBfTMh2O87yJJly2pcZD9VkD09oq7VjGA0RErTkpkwGwLRLIdhJi/R7/swUpFF5IgD0=","data2":2}
2026-04-22 10:35:44  INFO      [root]  con_notify: data2=2, data1 长度=588, data1 前 30 字符='JcDlXaelwh1y1/ynGSZktbyvxm4+va', 后 30 字符='kpkwGwLRLIdhJi/R7/swUpFF5IgD0='
2026-04-22 10:35:44  INFO      [root]  con_notify 解密后: data1 长度=412, 前 30='te6U1RxQCmMIIBIDANBgkqhkiG9w0B', 后 30='iRqXjtQXC2mqPwIBEQ==CGGGVADIMC'
2026-04-22 10:35:44  INFO      [root]  con_notify 解密后 FULL data1: 'te6U1RxQCmMIIBIDANBgkqhkiG9w0BAQEFAAOCAQ0AMIIBCAKCAQEAtL9iO8WQqi9tL6iW/uaXusT7fUqdMgj7pIzaMwJbtaNrNE7biyWKUFkBklIgc7yIEISjHl5HsTx5gmCvqNIXkxisrLKdaSlbPlmPyLOO+ogzJC9oF48XitDXPFqJS9ZLjK74CHjKH8M+/nKWKc3MhdUM+jttrzieCCDKIUu4L2JC7MYjn/rEXQjk3GxyGaj2tEepDSLfy5fTgKg8ZdsQoEjH0rfwcl6F8iw+SKt/x+M20HedomhV9TqYEFFkbN9ezOodJFSe14tl424qQnFTLuaKLd0JzoijMGG5M5Csr+XO8AwS1htFZCJP2ALSvGt0jFRxHIXJiRqXjtQXC2mqPwIBEQ==CGGGVADIMC'
2026-04-22 10:35:44  DEBUG     [root]  _calc_local_path_ending: last_10='CGGGVADIMC'  (full len=412)
2026-04-22 10:35:44  DEBUG     [root]  _calc_local_path_ending: result=66082
2026-04-22 10:35:44  INFO      [root]  提取公钥 FULL: 'MIIBIDANBgkqhkiG9w0BAQEFAAOCAQ0AMIIBCAKCAQEAtL9iO8WQqi9tL6iW/uaXusT7fUqdMgj7pIzaMwJbtaNrNE7biyWKUFkBklIgc7yIEISjHl5HsTx5gmCvqNIXkxisrLKdaSlbPlmPyLOO+ogzJC9oF48XitDXPFqJS9ZLjK74CHjKH8M+/nKWKc3MhdUM+jttrzieCCDKIUu4L2JC7MYjn/rEXQjk3GxyGaj2tEepDSLfy5fTgKg8ZdsQoEjH0rfwcl6F8iw+SKt/x+M20HedomhV9TqYEFFkbN9ezOodJFSe14tl424qQnFTLuaKLd0JzoijMGG5M5Csr+XO8AwS1htFZCJP2ALSvGt0jFRxHIXJiRqXjtQXC2mqPwIBEQ=='
2026-04-22 10:35:44  INFO      [root]  提取公钥: pem 长度=392, path_ending=66082
2026-04-22 10:35:44  INFO      [root]  公钥 base64 解码: 长度=292 bytes, 前 16 bytes hex=30820120300d06092a864886f70d0101
2026-04-22 10:35:44  DEBUG     [root]  Recieved con_ing_66082 response: {"type":"answer","sdp":"v=0\r\no=- 1018320345 2 IN IP4 127.0.0.1\r\ns=-\r\nt=0 0\r\na=group:BUNDLE 0 1 2\r\na=msid-semantic: WMS myKvsVideoStream\r\nm=audio 9 UDP/TLS/RTP/SAVPF 96\r\nc=IN IP4 127.0.0.1\r\na=candidate:2 1 udp 2130706431 240E:047C:06B1:4231:555C:42C6:9F03:FF3E 48716 typ host raddr ::/0 rport 0 generation 0 network-cost 999\r\na=candidate:1 1 udp 2130706431 240E:047C:06B1:4231:0A92:B1B6:B703:3774 47710 typ host raddr ::/0 rport 0 generation 0 network-cost 999\r\na=candidate:0 1 udp 2130706431 10.76.170.174 34719 typ host raddr 0.0.0.0 rport 0 generation 0 network-cost 999\r\na=msid:unitreeMediaStream unitreeAudioTrack\r\na=ssrc:1520912524 cname:98ojnsggz28DeXsT\r\na=ssrc:1520912524 msid:unitreeMediaStream unitreeAudioTrack\r\na=ssrc:1520912524 mslabel:unitreeMediaStream\r\na=ssrc:1520912524 label:unitreeAudioTrack\r\na=rtcp:9 IN IP4 0.0.0.0\r\na=ice-ufrag:af3z\r\na=ice-pwd:v7NUGcOfqSKtTWg6yERr97i2\r\na=ice-options:trickle\r\na=fingerprint:sha-256 3A:94:B3:8F:29:01:94:B5:B6:9E:A4:8A:83:35:AA:83:66:36:49:98:0E:20:BB:A2:C5:7E:21:FD:9E:E5:5A:1A\r\na=setup:active\r\na=mid:0\r\na=sendrecv\r\na=rtcp-mux\r\na=rtcp-rsize\r\na=rtpmap:96 opus/48000/2\r\na=rtcp-fb:96 nack\r\na=rtcp-fb:96 goog-remb\r\nm=video 9 UDP/TLS/RTP/SAVPF 101\r\nc=IN IP4 127.0.0.1\r\na=candidate:2 1 udp 2130706431 240E:047C:06B1:4231:555C:42C6:9F03:FF3E 48716 typ host raddr ::/0 rport 0 generation 0 network-cost 999\r\na=candidate:1 1 udp 2130706431 240E:047C:06B1:4231:0A92:B1B6:B703:3774 47710 typ host raddr ::/0 rport 0 generation 0 network-cost 999\r\na=candidate:0 1 udp 2130706431 10.76.170.174 34719 typ host raddr 0.0.0.0 rport 0 generation 0 network-cost 999\r\na=msid:unitreeMediaStream unitreeVideoTrack\r\na=ssrc:1555622985 cname:98ojnsggz28DeXsT\r\na=ssrc:1555622985 msid:unitreeMediaStream unitreeVideoTrack\r\na=ssrc:1555622985 mslabel:unitreeMediaStream\r\na=ssrc:1555622985 label:unitreeVideoTrack\r\na=rtcp:9 IN IP4 0.0.0.0\r\na=ice-ufrag:af3z\r\na=ice-pwd:v7NUGcOfqSKtTWg6yERr97i2\r\na=ice-options:trickle\r\na=fingerprint:sha-256 3A:94:B3:8F:29:01:94:B5:B6:9E:A4:8A:83:35:AA:83:66:36:49:98:0E:20:BB:A2:C5:7E:21:FD:9E:E5:5A:1A\r\na=setup:active\r\na=mid:1\r\na=sendonly\r\na=rtcp-mux\r\na=rtcp-rsize\r\na=rtpmap:101 H264/90000\r\na=fmtp:101 level-asymmetry-allowed=1;packetization-mode=1;profile-level-id=42e01f\r\na=rtcp-fb:101 nack\r\na=rtcp-fb:101 goog-remb\r\nm=application 9 UDP/DTLS/SCTP webrtc-datachannel\r\nc=IN IP4 127.0.0.1\r\na=candidate:2 1 udp 2130706431 240E:047C:06B1:4231:555C:42C6:9F03:FF3E 48716 typ host raddr ::/0 rport 0 generation 0 network-cost 999\r\na=candidate:1 1 udp 2130706431 240E:047C:06B1:4231:0A92:B1B6:B703:3774 47710 typ host raddr ::/0 rport 0 generation 0 network-cost 999\r\na=candidate:0 1 udp 2130706431 10.76.170.174 34719 typ host raddr 0.0.0.0 rport 0 generation 0 network-cost 999\r\na=rtcp:9 IN IP4 0.0.0.0\r\na=ice-ufrag:af3z\r\na=ice-pwd:v7NUGcOfqSKtTWg6yERr97i2\r\na=fingerprint:sha-256 3A:94:B3:8F:29:01:94:B5:B6:9E:A4:8A:83:35:AA:83:66:36:49:98:0E:20:BB:A2:C5:7E:21:FD:9E:E5:5A:1A\r\na=setup:active\r\na=mid:2\r\na=sctp-port:5000\r\n","id":"STA_localNetwork"}
2026-04-22 10:35:44  INFO      [root]  SDP successfully sent using the new method.
2026-04-22 10:35:44  INFO      [root]  Track recieved: audio
2026-04-22 10:35:44  INFO      [root]  Track recieved: video
2026-04-22 10:35:44  INFO      [root]  Heartbeat response received.
2026-04-22 10:35:44  INFO      [root]  Data channel opened
2026-04-22 10:35:44  INFO      [root]  Validation succeed
2026-04-22 10:35:45  INFO      [root]  Network status message received.
2026-04-22 10:35:45  INFO      [unitree.backend]  ✅ [右] 连接成功！  IP=10.76.170.174  type=go2
2026-04-22 10:35:45  INFO      [unitree.backend]  [右] 已订阅 LOW_STATE
2026-04-22 10:35:46  INFO      [root]  Network status message received.
2026-04-22 10:35:46  INFO      [root]  Heartbeat response received.
2026-04-22 10:35:46  INFO      [root]  Heartbeat response received.
2026-04-22 10:35:46  INFO      [root]  Network status message received.
2026-04-22 10:35:47  INFO      [root]  Network status message received.
2026-04-22 10:35:47  INFO      [root]  Network status message received.
2026-04-22 10:35:48  INFO      [root]  Network status message received.
2026-04-22 10:35:48  INFO      [root]  Heartbeat response received.
2026-04-22 10:35:48  INFO      [root]  Heartbeat response received.
2026-04-22 10:35:50  INFO      [root]  Heartbeat response received.
2026-04-22 10:35:50  INFO      [root]  Heartbeat response received.
2026-04-22 10:35:52  INFO      [root]  Heartbeat response received.
2026-04-22 10:35:52  INFO      [root]  Heartbeat response received.
2026-04-22 10:35:54  INFO      [root]  Heartbeat response received.
2026-04-22 10:35:54  INFO      [root]  Heartbeat response received.
2026-04-22 10:35:56  INFO      [root]  Heartbeat response received.
2026-04-22 10:35:56  INFO      [root]  Heartbeat response received.
2026-04-22 10:35:58  INFO      [root]  Heartbeat response received.
2026-04-22 10:35:58  INFO      [root]  Heartbeat response received.
2026-04-22 10:36:00  INFO      [root]  Heartbeat response received.
2026-04-22 10:36:00  INFO      [root]  Heartbeat response received.
2026-04-22 10:36:02  INFO      [root]  Heartbeat response received.
2026-04-22 10:36:02  INFO      [root]  Heartbeat response received.
2026-04-22 10:36:04  INFO      [root]  Heartbeat response received.
2026-04-22 10:36:04  INFO      [root]  Heartbeat response received.
2026-04-22 10:36:05  INFO      [unitree.ui]  [用户操作] 打开编排编辑器
2026-04-22 10:36:06  INFO      [root]  Heartbeat response received.
2026-04-22 10:36:06  INFO      [root]  Heartbeat response received.
2026-04-22 10:36:08  INFO      [root]  Heartbeat response received.
2026-04-22 10:36:08  INFO      [root]  Heartbeat response received.
2026-04-22 10:36:10  INFO      [root]  Heartbeat response received.
2026-04-22 10:36:10  INFO      [root]  Heartbeat response received.
2026-04-22 10:36:12  INFO      [root]  Heartbeat response received.
2026-04-22 10:36:12  INFO      [root]  Heartbeat response received.
2026-04-22 10:36:14  INFO      [root]  Heartbeat response received.
2026-04-22 10:36:14  INFO      [root]  Heartbeat response received.
2026-04-22 10:36:16  INFO      [root]  Heartbeat response received.
2026-04-22 10:36:16  INFO      [root]  Heartbeat response received.
2026-04-22 10:36:18  INFO      [root]  Heartbeat response received.
2026-04-22 10:36:18  INFO      [root]  Heartbeat response received.
2026-04-22 10:36:20  INFO      [root]  Heartbeat response received.
2026-04-22 10:36:20  INFO      [root]  Heartbeat response received.
2026-04-22 10:36:22  INFO      [root]  Heartbeat response received.
2026-04-22 10:36:22  INFO      [root]  Heartbeat response received.
2026-04-22 10:36:24  INFO      [root]  Heartbeat response received.
2026-04-22 10:36:24  INFO      [root]  Heartbeat response received.
2026-04-22 10:36:26  INFO      [root]  Heartbeat response received.
2026-04-22 10:36:26  INFO      [root]  Heartbeat response received.
2026-04-22 10:36:28  INFO      [root]  Heartbeat response received.
2026-04-22 10:36:28  INFO      [root]  Heartbeat response received.
2026-04-22 10:36:30  INFO      [root]  Heartbeat response received.
2026-04-22 10:36:30  INFO      [root]  Heartbeat response received.
2026-04-22 10:36:32  INFO      [root]  Heartbeat response received.
2026-04-22 10:36:32  INFO      [root]  Heartbeat response received.
2026-04-22 10:36:34  INFO      [root]  Heartbeat response received.
2026-04-22 10:36:34  INFO      [root]  Heartbeat response received.
2026-04-22 10:36:36  INFO      [root]  Heartbeat response received.
2026-04-22 10:36:36  INFO      [root]  Heartbeat response received.
2026-04-22 10:36:38  INFO      [root]  Heartbeat response received.
2026-04-22 10:36:38  INFO      [root]  Heartbeat response received.
2026-04-22 10:36:40  INFO      [root]  Heartbeat response received.
2026-04-22 10:36:40  INFO      [root]  Heartbeat response received.
2026-04-22 10:36:42  INFO      [root]  Heartbeat response received.
2026-04-22 10:36:42  INFO      [root]  Heartbeat response received.
2026-04-22 10:36:44  INFO      [root]  Heartbeat response received.
2026-04-22 10:36:44  INFO      [root]  Heartbeat response received.
2026-04-22 10:36:46  INFO      [root]  Heartbeat response received.
2026-04-22 10:36:46  INFO      [root]  Heartbeat response received.
2026-04-22 10:36:48  INFO      [root]  Heartbeat response received.
2026-04-22 10:36:48  INFO      [root]  Heartbeat response received.
2026-04-22 10:36:50  INFO      [root]  Heartbeat response received.
2026-04-22 10:36:50  INFO      [root]  Heartbeat response received.
2026-04-22 10:36:52  INFO      [root]  Heartbeat response received.
2026-04-22 10:36:52  INFO      [root]  Heartbeat response received.
2026-04-22 10:36:54  INFO      [root]  Heartbeat response received.
2026-04-22 10:36:54  INFO      [root]  Heartbeat response received.
2026-04-22 10:36:56  INFO      [root]  Heartbeat response received.
2026-04-22 10:36:56  INFO      [root]  Heartbeat response received.
2026-04-22 10:36:58  INFO      [root]  Heartbeat response received.
2026-04-22 10:36:58  INFO      [root]  Heartbeat response received.
2026-04-22 10:37:00  INFO      [root]  Heartbeat response received.
2026-04-22 10:37:00  INFO      [root]  Heartbeat response received.
2026-04-22 10:37:02  INFO      [root]  Heartbeat response received.
2026-04-22 10:37:02  INFO      [root]  Heartbeat response received.
2026-04-22 10:37:04  INFO      [root]  Heartbeat response received.
2026-04-22 10:37:04  INFO      [root]  Heartbeat response received.
2026-04-22 10:37:06  INFO      [root]  Heartbeat response received.
2026-04-22 10:37:06  INFO      [root]  Heartbeat response received.
2026-04-22 10:37:08  INFO      [root]  Heartbeat response received.
2026-04-22 10:37:08  INFO      [root]  Heartbeat response received.
2026-04-22 10:37:10  INFO      [root]  Heartbeat response received.
2026-04-22 10:37:11  INFO      [root]  Heartbeat response received.
2026-04-22 10:37:12  INFO      [root]  Heartbeat response received.
2026-04-22 10:37:13  INFO      [root]  Heartbeat response received.
2026-04-22 10:37:14  INFO      [root]  Heartbeat response received.
2026-04-22 10:37:15  INFO      [root]  Heartbeat response received.
2026-04-22 10:37:16  INFO      [root]  Heartbeat response received.
2026-04-22 10:37:17  INFO      [root]  Heartbeat response received.
2026-04-22 10:37:18  INFO      [root]  Heartbeat response received.
2026-04-22 10:37:19  INFO      [root]  Heartbeat response received.
2026-04-22 10:37:20  INFO      [root]  Heartbeat response received.
2026-04-22 10:37:21  INFO      [root]  Heartbeat response received.
2026-04-22 10:37:22  INFO      [root]  Heartbeat response received.
2026-04-22 10:37:23  INFO      [root]  Heartbeat response received.
2026-04-22 10:37:24  INFO      [root]  Heartbeat response received.
2026-04-22 10:37:25  INFO      [root]  Heartbeat response received.
2026-04-22 10:37:26  INFO      [root]  Heartbeat response received.
2026-04-22 10:37:27  INFO      [root]  Heartbeat response received.
2026-04-22 10:37:28  INFO      [root]  Heartbeat response received.
2026-04-22 10:37:29  INFO      [root]  Heartbeat response received.
2026-04-22 10:37:30  INFO      [root]  Heartbeat response received.
2026-04-22 10:37:31  INFO      [root]  Heartbeat response received.
2026-04-22 10:37:32  INFO      [root]  Heartbeat response received.
2026-04-22 10:37:33  INFO      [root]  Heartbeat response received.
2026-04-22 10:37:34  INFO      [root]  Heartbeat response received.
2026-04-22 10:37:35  INFO      [root]  Heartbeat response received.
2026-04-22 10:37:36  INFO      [root]  Heartbeat response received.
2026-04-22 10:37:37  INFO      [root]  Heartbeat response received.
2026-04-22 10:37:38  INFO      [root]  Heartbeat response received.
2026-04-22 10:37:39  INFO      [root]  Heartbeat response received.
2026-04-22 10:37:40  INFO      [root]  Heartbeat response received.
2026-04-22 10:37:41  INFO      [root]  Heartbeat response received.
2026-04-22 10:37:42  INFO      [root]  Heartbeat response received.
2026-04-22 10:37:43  INFO      [root]  Heartbeat response received.
2026-04-22 10:37:44  INFO      [root]  Heartbeat response received.
2026-04-22 10:37:45  INFO      [root]  Heartbeat response received.
2026-04-22 10:37:46  INFO      [root]  Heartbeat response received.
2026-04-22 10:37:47  INFO      [root]  Heartbeat response received.
2026-04-22 10:37:48  INFO      [root]  Heartbeat response received.
2026-04-22 10:37:49  INFO      [root]  Heartbeat response received.
2026-04-22 10:37:50  INFO      [root]  Heartbeat response received.
2026-04-22 10:37:51  INFO      [root]  Heartbeat response received.
2026-04-22 10:37:52  INFO      [root]  Heartbeat response received.
2026-04-22 10:37:53  INFO      [root]  Heartbeat response received.
2026-04-22 10:37:54  INFO      [root]  Heartbeat response received.
2026-04-22 10:37:55  INFO      [root]  Heartbeat response received.
2026-04-22 10:37:56  INFO      [root]  Heartbeat response received.
2026-04-22 10:37:57  INFO      [root]  Heartbeat response received.
2026-04-22 10:37:58  INFO      [root]  Heartbeat response received.
2026-04-22 10:37:59  INFO      [root]  Heartbeat response received.
2026-04-22 10:38:00  INFO      [root]  Heartbeat response received.
2026-04-22 10:38:01  INFO      [root]  Heartbeat response received.
2026-04-22 10:38:02  INFO      [root]  Heartbeat response received.
2026-04-22 10:38:03  INFO      [root]  Heartbeat response received.
2026-04-22 10:38:05  INFO      [root]  Heartbeat response received.
2026-04-22 10:38:05  INFO      [root]  Heartbeat response received.
2026-04-22 10:38:07  INFO      [root]  Heartbeat response received.
2026-04-22 10:38:07  INFO      [root]  Heartbeat response received.
2026-04-22 10:38:09  INFO      [root]  Heartbeat response received.
2026-04-22 10:38:09  INFO      [root]  Heartbeat response received.
2026-04-22 10:38:11  INFO      [root]  Heartbeat response received.
2026-04-22 10:38:11  INFO      [root]  Heartbeat response received.
2026-04-22 10:38:13  INFO      [root]  Heartbeat response received.
2026-04-22 10:38:13  INFO      [root]  Heartbeat response received.
2026-04-22 10:38:15  INFO      [root]  Heartbeat response received.
2026-04-22 10:38:15  INFO      [root]  Heartbeat response received.
2026-04-22 10:38:17  INFO      [root]  Heartbeat response received.
2026-04-22 10:38:17  INFO      [root]  Heartbeat response received.
2026-04-22 10:38:19  INFO      [root]  Heartbeat response received.
2026-04-22 10:38:19  INFO      [root]  Heartbeat response received.
2026-04-22 10:38:20  INFO      [unitree.ui]  [用户操作] 打开编排编辑器
2026-04-22 10:38:21  INFO      [root]  Heartbeat response received.
2026-04-22 10:38:21  INFO      [root]  Heartbeat response received.
2026-04-22 10:38:23  INFO      [root]  Heartbeat response received.
2026-04-22 10:38:23  INFO      [root]  Heartbeat response received.
2026-04-22 10:38:25  INFO      [root]  Heartbeat response received.
2026-04-22 10:38:25  INFO      [root]  Heartbeat response received.
2026-04-22 10:38:27  INFO      [root]  Heartbeat response received.
2026-04-22 10:38:27  INFO      [root]  Heartbeat response received.
2026-04-22 10:38:29  INFO      [root]  Heartbeat response received.
2026-04-22 10:38:29  INFO      [root]  Heartbeat response received.
2026-04-22 10:38:31  INFO      [root]  Heartbeat response received.
2026-04-22 10:38:31  INFO      [root]  Heartbeat response received.
2026-04-22 10:38:33  INFO      [root]  Heartbeat response received.
2026-04-22 10:38:33  INFO      [root]  Heartbeat response received.
2026-04-22 10:38:35  INFO      [root]  Heartbeat response received.
2026-04-22 10:38:35  INFO      [root]  Heartbeat response received.
2026-04-22 10:38:37  INFO      [root]  Heartbeat response received.
2026-04-22 10:38:37  INFO      [root]  Heartbeat response received.
2026-04-22 10:38:39  INFO      [root]  Heartbeat response received.
2026-04-22 10:38:39  INFO      [root]  Heartbeat response received.
2026-04-22 10:38:41  INFO      [root]  Heartbeat response received.
2026-04-22 10:38:41  INFO      [root]  Heartbeat response received.
2026-04-22 10:38:43  INFO      [root]  Heartbeat response received.
2026-04-22 10:38:43  INFO      [root]  Heartbeat response received.
2026-04-22 10:38:45  INFO      [root]  Heartbeat response received.
2026-04-22 10:38:45  INFO      [root]  Heartbeat response received.
2026-04-22 10:38:47  INFO      [root]  Heartbeat response received.
2026-04-22 10:38:47  INFO      [root]  Heartbeat response received.
2026-04-22 10:38:49  INFO      [root]  Heartbeat response received.
2026-04-22 10:38:49  INFO      [root]  Heartbeat response received.
2026-04-22 10:38:51  INFO      [root]  Heartbeat response received.
2026-04-22 10:38:51  INFO      [root]  Heartbeat response received.
2026-04-22 10:38:53  INFO      [root]  Heartbeat response received.
2026-04-22 10:38:53  INFO      [root]  Heartbeat response received.
2026-04-22 10:38:55  INFO      [root]  Heartbeat response received.
2026-04-22 10:38:55  INFO      [root]  Heartbeat response received.
2026-04-22 10:38:57  INFO      [root]  Heartbeat response received.
2026-04-22 10:38:57  INFO      [root]  Heartbeat response received.
2026-04-22 10:38:59  INFO      [root]  Heartbeat response received.
2026-04-22 10:38:59  INFO      [root]  Heartbeat response received.
2026-04-22 10:39:01  INFO      [root]  Heartbeat response received.
2026-04-22 10:39:01  INFO      [root]  Heartbeat response received.
2026-04-22 10:39:03  INFO      [root]  Heartbeat response received.
2026-04-22 10:39:03  INFO      [root]  Heartbeat response received.
2026-04-22 10:39:05  INFO      [root]  Heartbeat response received.
2026-04-22 10:39:05  INFO      [root]  Heartbeat response received.
2026-04-22 10:39:07  INFO      [unitree.choreo]  添加步骤：角色=#1 Go2  动作=▲ 前进 (速度0.6)  时长=3000ms
2026-04-22 10:39:07  INFO      [root]  Heartbeat response received.
2026-04-22 10:39:07  INFO      [root]  Heartbeat response received.
2026-04-22 10:39:09  INFO      [root]  Heartbeat response received.
2026-04-22 10:39:09  INFO      [root]  Heartbeat response received.
2026-04-22 10:39:11  INFO      [root]  Heartbeat response received.
2026-04-22 10:39:11  INFO      [root]  Heartbeat response received.
2026-04-22 10:39:13  INFO      [root]  Heartbeat response received.
2026-04-22 10:39:13  INFO      [root]  Heartbeat response received.
2026-04-22 10:39:15  INFO      [root]  Heartbeat response received.
2026-04-22 10:39:15  INFO      [root]  Heartbeat response received.
2026-04-22 10:39:17  INFO      [root]  Heartbeat response received.
2026-04-22 10:39:17  INFO      [root]  Heartbeat response received.
2026-04-22 10:39:19  INFO      [root]  Heartbeat response received.
2026-04-22 10:39:19  INFO      [root]  Heartbeat response received.
2026-04-22 10:39:21  INFO      [root]  Heartbeat response received.
2026-04-22 10:39:21  INFO      [root]  Heartbeat response received.
2026-04-22 10:39:23  INFO      [root]  Heartbeat response received.
2026-04-22 10:39:23  INFO      [root]  Heartbeat response received.
2026-04-22 10:39:25  INFO      [root]  Heartbeat response received.
2026-04-22 10:39:25  INFO      [root]  Heartbeat response received.
2026-04-22 10:39:27  INFO      [root]  Heartbeat response received.
2026-04-22 10:39:27  INFO      [root]  Heartbeat response received.
2026-04-22 10:39:29  INFO      [root]  Heartbeat response received.
2026-04-22 10:39:29  INFO      [root]  Heartbeat response received.
2026-04-22 10:39:31  INFO      [root]  Heartbeat response received.
2026-04-22 10:39:31  INFO      [root]  Heartbeat response received.
2026-04-22 10:39:33  INFO      [root]  Heartbeat response received.
2026-04-22 10:39:33  INFO      [root]  Heartbeat response received.
2026-04-22 10:39:35  INFO      [root]  Heartbeat response received.
2026-04-22 10:39:35  INFO      [root]  Heartbeat response received.
2026-04-22 10:39:37  INFO      [root]  Heartbeat response received.
2026-04-22 10:39:37  INFO      [root]  Heartbeat response received.
2026-04-22 10:39:39  INFO      [root]  Heartbeat response received.
2026-04-22 10:39:39  INFO      [root]  Heartbeat response received.
2026-04-22 10:39:41  INFO      [root]  Heartbeat response received.
2026-04-22 10:39:41  INFO      [root]  Heartbeat response received.
2026-04-22 10:39:43  INFO      [root]  Heartbeat response received.
2026-04-22 10:39:43  INFO      [root]  Heartbeat response received.
2026-04-22 10:39:45  INFO      [root]  Heartbeat response received.
2026-04-22 10:39:45  INFO      [root]  Heartbeat response received.
2026-04-22 10:39:47  INFO      [root]  Heartbeat response received.
2026-04-22 10:39:47  INFO      [root]  Heartbeat response received.
2026-04-22 10:39:49  INFO      [root]  Heartbeat response received.
2026-04-22 10:39:49  INFO      [root]  Heartbeat response received.
2026-04-22 10:39:51  INFO      [root]  Heartbeat response received.
2026-04-22 10:39:51  INFO      [root]  Heartbeat response received.
2026-04-22 10:39:53  INFO      [root]  Heartbeat response received.
2026-04-22 10:39:53  INFO      [root]  Heartbeat response received.
2026-04-22 10:39:55  INFO      [root]  Heartbeat response received.
2026-04-22 10:39:55  INFO      [root]  Heartbeat response received.
2026-04-22 10:39:57  INFO      [root]  Heartbeat response received.
2026-04-22 10:39:57  INFO      [root]  Heartbeat response received.
2026-04-22 10:39:58  INFO      [unitree.choreo]  添加步骤：角色=#1 Go2  动作=↻  右转 (速度0.6)  时长=3000ms
2026-04-22 10:39:59  INFO      [root]  Heartbeat response received.
2026-04-22 10:39:59  INFO      [root]  Heartbeat response received.
2026-04-22 10:40:01  INFO      [root]  Heartbeat response received.
2026-04-22 10:40:01  INFO      [root]  Heartbeat response received.
2026-04-22 10:40:03  INFO      [root]  Heartbeat response received.
2026-04-22 10:40:03  INFO      [root]  Heartbeat response received.
2026-04-22 10:40:05  INFO      [root]  Heartbeat response received.
2026-04-22 10:40:05  INFO      [root]  Heartbeat response received.
2026-04-22 10:40:07  INFO      [root]  Heartbeat response received.
2026-04-22 10:40:07  INFO      [root]  Heartbeat response received.
2026-04-22 10:40:09  INFO      [root]  Heartbeat response received.
2026-04-22 10:40:09  INFO      [root]  Heartbeat response received.
2026-04-22 10:40:11  INFO      [root]  Heartbeat response received.
2026-04-22 10:40:11  INFO      [root]  Heartbeat response received.
2026-04-22 10:40:13  INFO      [root]  Heartbeat response received.
2026-04-22 10:40:13  INFO      [root]  Heartbeat response received.
2026-04-22 10:40:15  INFO      [root]  Heartbeat response received.
2026-04-22 10:40:15  INFO      [root]  Heartbeat response received.
2026-04-22 10:40:17  INFO      [root]  Heartbeat response received.
2026-04-22 10:40:17  INFO      [root]  Heartbeat response received.
2026-04-22 10:40:19  INFO      [root]  Heartbeat response received.
2026-04-22 10:40:19  INFO      [root]  Heartbeat response received.
2026-04-22 10:40:21  INFO      [root]  Heartbeat response received.
2026-04-22 10:40:21  INFO      [root]  Heartbeat response received.
2026-04-22 10:40:23  INFO      [unitree.choreo]  添加步骤：角色=#2 Go2  动作=▲ 前进 (速度0.6)  时长=3000ms
2026-04-22 10:40:23  INFO      [root]  Heartbeat response received.
2026-04-22 10:40:23  INFO      [root]  Heartbeat response received.
2026-04-22 10:40:25  INFO      [root]  Heartbeat response received.
2026-04-22 10:40:25  INFO      [root]  Heartbeat response received.
2026-04-22 10:40:26  INFO      [unitree.choreo]  添加步骤：角色=#2 Go2  动作=▶ 右移 (速度0.6)  时长=3000ms
2026-04-22 10:40:27  INFO      [root]  Heartbeat response received.
2026-04-22 10:40:27  INFO      [root]  Heartbeat response received.
2026-04-22 10:40:29  INFO      [root]  Heartbeat response received.
2026-04-22 10:40:29  INFO      [root]  Heartbeat response received.
2026-04-22 10:40:31  INFO      [root]  Heartbeat response received.
2026-04-22 10:40:31  INFO      [root]  Heartbeat response received.
2026-04-22 10:40:33  INFO      [root]  Heartbeat response received.
2026-04-22 10:40:33  INFO      [root]  Heartbeat response received.
2026-04-22 10:40:35  INFO      [root]  Heartbeat response received.
2026-04-22 10:40:35  INFO      [root]  Heartbeat response received.
2026-04-22 10:40:37  INFO      [root]  Heartbeat response received.
2026-04-22 10:40:37  INFO      [root]  Heartbeat response received.
2026-04-22 10:40:38  INFO      [unitree.choreo]  编排已保存：D:/机器狗测试/MultiRobot/dist/choreo_auto/新编排.json
2026-04-22 10:40:38  INFO      [unitree.backend]  [用户操作] 保存编排 | D:/机器狗测试/MultiRobot/dist/choreo_auto/新编排.json
2026-04-22 10:40:39  INFO      [root]  Heartbeat response received.
2026-04-22 10:40:39  INFO      [root]  Heartbeat response received.
2026-04-22 10:40:41  INFO      [root]  Heartbeat response received.
2026-04-22 10:40:41  INFO      [root]  Heartbeat response received.
2026-04-22 10:40:43  INFO      [root]  Heartbeat response received.
2026-04-22 10:40:43  INFO      [root]  Heartbeat response received.
2026-04-22 10:40:45  INFO      [root]  Heartbeat response received.
2026-04-22 10:40:45  INFO      [root]  Heartbeat response received.
2026-04-22 10:40:47  INFO      [root]  Heartbeat response received.
2026-04-22 10:40:47  INFO      [root]  Heartbeat response received.
2026-04-22 10:40:49  INFO      [root]  Heartbeat response received.
2026-04-22 10:40:49  INFO      [root]  Heartbeat response received.
2026-04-22 10:40:51  INFO      [root]  Heartbeat response received.
2026-04-22 10:40:51  INFO      [root]  Heartbeat response received.
2026-04-22 10:40:52  INFO      [unitree.backend]  [用户操作] 编排开始播放 | 新编排
2026-04-22 10:40:52  INFO      [unitree.backend]  [playback verbose] ON
2026-04-22 10:40:52  INFO      [root]  > message sent: {"type": "req", "topic": "rt/api/sport/request", "data": {"header": {"identity": {"id": 856676131, "api_id": 1019}}, "parameter": ""}}
2026-04-22 10:40:52  INFO      [root]  > message sent: {"type": "req", "topic": "rt/api/sport/request", "data": {"header": {"identity": {"id": 856675617, "api_id": 1019}}, "parameter": ""}}
2026-04-22 10:40:52  INFO      [unitree.backend]  ▶ 发送(ff) [ContinuousGait(api_id=1019)] → 左, 右
2026-04-22 10:40:52  INFO      [root]  Received message on data channel: {"type":"res","topic":"rt/api/sport/response","data":{"header":{"identity":{"api_id":1019,"id":856676131},"status":{"code":3202}},"data":""}}
2026-04-22 10:40:52  INFO      [root]  Received message on data channel: {"type":"res","topic":"rt/api/sport/response","data":{"header":{"identity":{"api_id":1019,"id":856675617},"status":{"code":3202}},"data":""}}
2026-04-22 10:40:52  INFO      [root]  Received message on data channel: {"type":"msg","topic":"rt/lf/lowstate","data":{"imu_state":{"rpy":[-0.011123,0.037594,-2.045881]},"motor_state":[{"q":0.042502,"temperature":36,"lost":6,"reserve":[0,594]},{"q":0.720377,"temperature":37,"lost":5,"reserve":[0,594]},{"q":-1.566642,"temperature":43,"lost":0,"reserve":[0,594]},{"q":0.042245,"temperature":34,"lost":5,"reserve":[0,594]},{"q":0.774029,"temperature":37,"lost":6,"reserve":[0,594]},{"q":-1.561697,"temperature":43,"lost":5,"reserve":[0,594]},{"q":0.034050,"temperature":42,"lost":5,"reserve":[0,594]},{"q":0.674925,"temperature":40,"lost":6,"reserve":[0,594]},{"q":-1.455937,"temperature":41,"lost":5,"reserve":[0,594]},{"q":-0.013340,"temperature":39,"lost":6,"reserve":[0,594]},{"q":0.553694,"temperature":49,"lost":5,"reserve":[0,594]},{"q":-1.541651,"temperature":51,"lost":0,"reserve":[0,594]},{"q":0,"temperature":0,"lost":0,"reserve":[0,0]},{"q":0,"temperature":0,"lost":0,"reserve":[0,0]},{"q":0,"temperature":0,"lost":0,"reserve":[0,0]},{"q":0,"temperature":0,"lost":0,"reserve":[0,0]},{"q":0,"temperature":0,"lost":0,"reserve":[0,0]},{"q":0,"temperature":0,"lost":0,"reserve":[0,0]},{"q":0,"temperature":0,"lost":0,"reserve":[0,0]},{"q":0,"temperature":0,"lost":0,"reserve":[0,0]}],"bms_state":{"version_high":1,"version_low":18,"soc":57,"current":-2788,"cycle":9,"bq_ntc":[27,27],"mcu_ntc":[32,29]},"foot_force":[82,56,104,80],"temperature_ntc1":44,"power_v":28.570087}}
2026-04-22 10:40:52  DEBUG     [unitree.backend]  [右] 电量=57%
2026-04-22 10:40:52  INFO      [root]  > message sent: {"type": "req", "topic": "rt/api/sport/request", "data": {"header": {"identity": {"id": 856675671, "api_id": 1019}}, "parameter": ""}}
2026-04-22 10:40:52  INFO      [unitree.backend]  ▶ 发送(ff) [ContinuousGait(api_id=1019)] → 左
2026-04-22 10:40:52  INFO      [root]  > message sent: {"type": "msg", "topic": "rt/wirelesscontroller", "data": {"lx": 0.0, "ly": 0.6, "rx": 0.0, "ry": 0.0, "keys": 0}}
2026-04-22 10:40:52  INFO      [root]  > message sent: {"type": "req", "topic": "rt/api/sport/request", "data": {"header": {"identity": {"id": 856676244, "api_id": 1019}}, "parameter": ""}}
2026-04-22 10:40:52  INFO      [unitree.backend]  ▶ 发送(ff) [ContinuousGait(api_id=1019)] → 右
2026-04-22 10:40:52  INFO      [root]  > message sent: {"type": "msg", "topic": "rt/wirelesscontroller", "data": {"lx": 0.0, "ly": 0.6, "rx": 0.0, "ry": 0.0, "keys": 0}}
2026-04-22 10:40:52  INFO      [root]  Received message on data channel: {"type":"res","topic":"rt/api/sport/response","data":{"header":{"identity":{"api_id":1019,"id":856675671},"status":{"code":3202}},"data":""}}
2026-04-22 10:40:52  INFO      [root]  Received message on data channel: {"type":"res","topic":"rt/api/sport/response","data":{"header":{"identity":{"api_id":1019,"id":856676244},"status":{"code":3202}},"data":""}}
2026-04-22 10:40:52  INFO      [root]  > message sent: {"type": "msg", "topic": "rt/wirelesscontroller", "data": {"lx": 0.0, "ly": 0.6, "rx": 0.0, "ry": 0.0, "keys": 0}}
2026-04-22 10:40:52  INFO      [root]  > message sent: {"type": "msg", "topic": "rt/wirelesscontroller", "data": {"lx": 0.0, "ly": 0.6, "rx": 0.0, "ry": 0.0, "keys": 0}}
2026-04-22 10:40:52  INFO      [root]  > message sent: {"type": "msg", "topic": "rt/wirelesscontroller", "data": {"lx": 0.0, "ly": 0.6, "rx": 0.0, "ry": 0.0, "keys": 0}}
2026-04-22 10:40:52  INFO      [root]  > message sent: {"type": "msg", "topic": "rt/wirelesscontroller", "data": {"lx": 0.0, "ly": 0.6, "rx": 0.0, "ry": 0.0, "keys": 0}}
2026-04-22 10:40:52  INFO      [root]  > message sent: {"type": "msg", "topic": "rt/wirelesscontroller", "data": {"lx": 0.0, "ly": 0.6, "rx": 0.0, "ry": 0.0, "keys": 0}}
2026-04-22 10:40:52  INFO      [root]  > message sent: {"type": "msg", "topic": "rt/wirelesscontroller", "data": {"lx": 0.0, "ly": 0.6, "rx": 0.0, "ry": 0.0, "keys": 0}}
2026-04-22 10:40:52  INFO      [root]  > message sent: {"type": "msg", "topic": "rt/wirelesscontroller", "data": {"lx": 0.0, "ly": 0.6, "rx": 0.0, "ry": 0.0, "keys": 0}}
2026-04-22 10:40:52  INFO      [root]  > message sent: {"type": "msg", "topic": "rt/wirelesscontroller", "data": {"lx": 0.0, "ly": 0.6, "rx": 0.0, "ry": 0.0, "keys": 0}}
2026-04-22 10:40:52  INFO      [root]  > message sent: {"type": "msg", "topic": "rt/wirelesscontroller", "data": {"lx": 0.0, "ly": 0.6, "rx": 0.0, "ry": 0.0, "keys": 0}}
2026-04-22 10:40:52  INFO      [root]  > message sent: {"type": "msg", "topic": "rt/wirelesscontroller", "data": {"lx": 0.0, "ly": 0.6, "rx": 0.0, "ry": 0.0, "keys": 0}}
2026-04-22 10:40:52  INFO      [root]  > message sent: {"type": "msg", "topic": "rt/wirelesscontroller", "data": {"lx": 0.0, "ly": 0.6, "rx": 0.0, "ry": 0.0, "keys": 0}}
2026-04-22 10:40:52  INFO      [root]  > message sent: {"type": "msg", "topic": "rt/wirelesscontroller", "data": {"lx": 0.0, "ly": 0.6, "rx": 0.0, "ry": 0.0, "keys": 0}}
2026-04-22 10:40:52  INFO      [root]  > message sent: {"type": "msg", "topic": "rt/wirelesscontroller", "data": {"lx": 0.0, "ly": 0.6, "rx": 0.0, "ry": 0.0, "keys": 0}}
2026-04-22 10:40:52  INFO      [root]  > message sent: {"type": "msg", "topic": "rt/wirelesscontroller", "data": {"lx": 0.0, "ly": 0.6, "rx": 0.0, "ry": 0.0, "keys": 0}}
2026-04-22 10:40:53  INFO      [root]  > message sent: {"type": "msg", "topic": "rt/wirelesscontroller", "data": {"lx": 0.0, "ly": 0.6, "rx": 0.0, "ry": 0.0, "keys": 0}}
2026-04-22 10:40:53  INFO      [root]  > message sent: {"type": "msg", "topic": "rt/wirelesscontroller", "data": {"lx": 0.0, "ly": 0.6, "rx": 0.0, "ry": 0.0, "keys": 0}}
2026-04-22 10:40:53  INFO      [root]  > message sent: {"type": "msg", "topic": "rt/wirelesscontroller", "data": {"lx": 0.0, "ly": 0.6, "rx": 0.0, "ry": 0.0, "keys": 0}}
2026-04-22 10:40:53  INFO      [root]  > message sent: {"type": "msg", "topic": "rt/wirelesscontroller", "data": {"lx": 0.0, "ly": 0.6, "rx": 0.0, "ry": 0.0, "keys": 0}}
2026-04-22 10:40:53  INFO      [root]  Received message on data channel: {"type":"msg","topic":"rt/lf/lowstate","data":{"imu_state":{"rpy":[-0.033517,0.010570,-3.080379]},"motor_state":[{"q":0.025729,"temperature":35,"lost":0,"reserve":[0,593]},{"q":0.931957,"temperature":38,"lost":5,"reserve":[0,593]},{"q":-1.756837,"temperature":45,"lost":0,"reserve":[0,593]},{"q":-0.044622,"temperature":37,"lost":0,"reserve":[0,593]},{"q":0.732458,"temperature":40,"lost":5,"reserve":[0,593]},{"q":-1.590132,"temperature":44,"lost":5,"reserve":[0,593]},{"q":0.109895,"temperature":38,"lost":0,"reserve":[0,593]},{"q":0.601744,"temperature":38,"lost":5,"reserve":[0,593]},{"q":-1.449823,"temperature":40,"lost":0,"reserve":[0,593]},{"q":0.034832,"temperature":38,"lost":5,"reserve":[0,593]},{"q":0.962501,"temperature":39,"lost":5,"reserve":[0,593]},{"q":-1.463298,"temperature":46,"lost":0,"reserve":[0,593]},{"q":0,"temperature":0,"lost":0,"reserve":[0,0]},{"q":0,"temperature":0,"lost":0,"reserve":[0,0]},{"q":0,"temperature":0,"lost":0,"reserve":[0,0]},{"q":0,"temperature":0,"lost":0,"reserve":[0,0]},{"q":0,"temperature":0,"lost":0,"reserve":[0,0]},{"q":0,"temperature":0,"lost":0,"reserve":[0,0]},{"q":0,"temperature":0,"lost":0,"reserve":[0,0]},{"q":0,"temperature":0,"lost":0,"reserve":[0,0]}],"bms_state":{"version_high":1,"version_low":18,"soc":58,"current":-3663,"cycle":16,"bq_ntc":[27,27],"mcu_ntc":[31,29]},"foot_force":[96,90,84,54],"temperature_ntc1":45,"power_v":28.499260}}
2026-04-22 10:40:53  DEBUG     [unitree.backend]  [左] 电量=58%
2026-04-22 10:40:53  INFO      [root]  > message sent: {"type": "msg", "topic": "rt/wirelesscontroller", "data": {"lx": 0.0, "ly": 0.6, "rx": 0.0, "ry": 0.0, "keys": 0}}
2026-04-22 10:40:53  INFO      [root]  > message sent: {"type": "msg", "topic": "rt/wirelesscontroller", "data": {"lx": 0.0, "ly": 0.6, "rx": 0.0, "ry": 0.0, "keys": 0}}
2026-04-22 10:40:53  INFO      [root]  > message sent: {"type": "msg", "topic": "rt/wirelesscontroller", "data": {"lx": 0.0, "ly": 0.6, "rx": 0.0, "ry": 0.0, "keys": 0}}
2026-04-22 10:40:53  INFO      [root]  Received message on data channel: {"type":"msg","topic":"rt/lf/lowstate","data":{"imu_state":{"rpy":[-0.026148,0.032132,-2.018651]},"motor_state":[{"q":0.155165,"temperature":36,"lost":6,"reserve":[0,599]},{"q":0.623338,"temperature":37,"lost":5,"reserve":[0,599]},{"q":-1.575993,"temperature":43,"lost":0,"reserve":[0,599]},{"q":-0.048739,"temperature":34,"lost":5,"reserve":[0,599]},{"q":1.201487,"temperature":37,"lost":6,"reserve":[0,599]},{"q":-1.421136,"temperature":43,"lost":5,"reserve":[0,599]},{"q":0.011432,"temperature":42,"lost":5,"reserve":[0,599]},{"q":0.979305,"temperature":40,"lost":6,"reserve":[0,599]},{"q":-1.273813,"temperature":41,"lost":5,"reserve":[0,599]},{"q":-0.005982,"temperature":39,"lost":6,"reserve":[0,599]},{"q":0.488052,"temperature":49,"lost":5,"reserve":[0,599]},{"q":-1.515681,"temperature":51,"lost":0,"reserve":[0,599]},{"q":0,"temperature":0,"lost":0,"reserve":[0,0]},{"q":0,"temperature":0,"lost":0,"reserve":[0,0]},{"q":0,"temperature":0,"lost":0,"reserve":[0,0]},{"q":0,"temperature":0,"lost":0,"reserve":[0,0]},{"q":0,"temperature":0,"lost":0,"reserve":[0,0]},{"q":0,"temperature":0,"lost":0,"reserve":[0,0]},{"q":0,"temperature":0,"lost":0,"reserve":[0,0]},{"q":0,"temperature":0,"lost":0,"reserve":[0,0]}],"bms_state":{"version_high":1,"version_low":18,"soc":57,"current":-4570,"cycle":9,"bq_ntc":[27,27],"mcu_ntc":[32,29]},"foot_force":[82,56,104,80],"temperature_ntc1":44,"power_v":28.145123}}
2026-04-22 10:40:53  DEBUG     [unitree.backend]  [右] 电量=57%
2026-04-22 10:40:53  INFO      [root]  > message sent: {"type": "msg", "topic": "rt/wirelesscontroller", "data": {"lx": 0.0, "ly": 0.6, "rx": 0.0, "ry": 0.0, "keys": 0}}
2026-04-22 10:40:53  INFO      [root]  > message sent: {"type": "msg", "topic": "rt/wirelesscontroller", "data": {"lx": 0.0, "ly": 0.6, "rx": 0.0, "ry": 0.0, "keys": 0}}
2026-04-22 10:40:53  INFO      [root]  > message sent: {"type": "msg", "topic": "rt/wirelesscontroller", "data": {"lx": 0.0, "ly": 0.6, "rx": 0.0, "ry": 0.0, "keys": 0}}
2026-04-22 10:40:53  INFO      [root]  > message sent: {"type": "msg", "topic": "rt/wirelesscontroller", "data": {"lx": 0.0, "ly": 0.6, "rx": 0.0, "ry": 0.0, "keys": 0}}
2026-04-22 10:40:53  INFO      [root]  > message sent: {"type": "msg", "topic": "rt/wirelesscontroller", "data": {"lx": 0.0, "ly": 0.6, "rx": 0.0, "ry": 0.0, "keys": 0}}
2026-04-22 10:40:53  INFO      [root]  > message sent: {"type": "msg", "topic": "rt/wirelesscontroller", "data": {"lx": 0.0, "ly": 0.6, "rx": 0.0, "ry": 0.0, "keys": 0}}
2026-04-22 10:40:53  INFO      [root]  > message sent: {"type": "msg", "topic": "rt/wirelesscontroller", "data": {"lx": 0.0, "ly": 0.6, "rx": 0.0, "ry": 0.0, "keys": 0}}
2026-04-22 10:40:53  INFO      [root]  > message sent: {"type": "heartbeat", "topic": "", "data": {"timeInStr": "2026-04-22 10:40:53", "timeInNum": 1776825653}}
2026-04-22 10:40:53  INFO      [root]  Received message on data channel: {"type":"heartbeat"}
2026-04-22 10:40:53  INFO      [root]  Heartbeat response received.
2026-04-22 10:40:53  INFO      [root]  > message sent: {"type": "msg", "topic": "rt/wirelesscontroller", "data": {"lx": 0.0, "ly": 0.6, "rx": 0.0, "ry": 0.0, "keys": 0}}
2026-04-22 10:40:53  INFO      [root]  > message sent: {"type": "msg", "topic": "rt/wirelesscontroller", "data": {"lx": 0.0, "ly": 0.6, "rx": 0.0, "ry": 0.0, "keys": 0}}
2026-04-22 10:40:53  INFO      [root]  > message sent: {"type": "msg", "topic": "rt/wirelesscontroller", "data": {"lx": 0.0, "ly": 0.6, "rx": 0.0, "ry": 0.0, "keys": 0}}
2026-04-22 10:40:53  INFO      [root]  > message sent: {"type": "heartbeat", "topic": "", "data": {"timeInStr": "2026-04-22 10:40:53", "timeInNum": 1776825653}}
2026-04-22 10:40:53  INFO      [root]  > message sent: {"type": "msg", "topic": "rt/wirelesscontroller", "data": {"lx": 0.0, "ly": 0.6, "rx": 0.0, "ry": 0.0, "keys": 0}}
2026-04-22 10:40:53  INFO      [root]  Received message on data channel: {"type":"heartbeat"}
2026-04-22 10:40:53  INFO      [root]  Heartbeat response received.
2026-04-22 10:40:53  INFO      [root]  > message sent: {"type": "msg", "topic": "rt/wirelesscontroller", "data": {"lx": 0.0, "ly": 0.6, "rx": 0.0, "ry": 0.0, "keys": 0}}
2026-04-22 10:40:53  INFO      [root]  > message sent: {"type": "msg", "topic": "rt/wirelesscontroller", "data": {"lx": 0.0, "ly": 0.6, "rx": 0.0, "ry": 0.0, "keys": 0}}
2026-04-22 10:40:53  INFO      [root]  > message sent: {"type": "msg", "topic": "rt/wirelesscontroller", "data": {"lx": 0.0, "ly": 0.6, "rx": 0.0, "ry": 0.0, "keys": 0}}
2026-04-22 10:40:53  INFO      [root]  > message sent: {"type": "msg", "topic": "rt/wirelesscontroller", "data": {"lx": 0.0, "ly": 0.6, "rx": 0.0, "ry": 0.0, "keys": 0}}
2026-04-22 10:40:54  INFO      [root]  > message sent: {"type": "msg", "topic": "rt/wirelesscontroller", "data": {"lx": 0.0, "ly": 0.6, "rx": 0.0, "ry": 0.0, "keys": 0}}
2026-04-22 10:40:54  INFO      [root]  > message sent: {"type": "msg", "topic": "rt/wirelesscontroller", "data": {"lx": 0.0, "ly": 0.6, "rx": 0.0, "ry": 0.0, "keys": 0}}
2026-04-22 10:40:54  INFO      [root]  > message sent: {"type": "msg", "topic": "rt/wirelesscontroller", "data": {"lx": 0.0, "ly": 0.6, "rx": 0.0, "ry": 0.0, "keys": 0}}
2026-04-22 10:40:54  INFO      [root]  > message sent: {"type": "msg", "topic": "rt/wirelesscontroller", "data": {"lx": 0.0, "ly": 0.6, "rx": 0.0, "ry": 0.0, "keys": 0}}
2026-04-22 10:40:54  INFO      [root]  Received message on data channel: {"type":"msg","topic":"rt/lf/lowstate","data":{"imu_state":{"rpy":[-0.026245,0.009362,-3.054653]},"motor_state":[{"q":0.093247,"temperature":35,"lost":0,"reserve":[0,600]},{"q":0.945309,"temperature":38,"lost":5,"reserve":[0,600]},{"q":-1.495160,"temperature":45,"lost":0,"reserve":[0,600]},{"q":-0.014163,"temperature":37,"lost":0,"reserve":[0,600]},{"q":0.370006,"temperature":40,"lost":5,"reserve":[0,600]},{"q":-1.633653,"temperature":44,"lost":5,"reserve":[0,600]},{"q":0.059210,"temperature":38,"lost":0,"reserve":[0,600]},{"q":0.316470,"temperature":38,"lost":5,"reserve":[0,600]},{"q":-1.665862,"temperature":40,"lost":0,"reserve":[0,600]},{"q":-0.040408,"temperature":38,"lost":5,"reserve":[0,600]},{"q":0.933980,"temperature":39,"lost":5,"reserve":[0,600]},{"q":-1.458606,"temperature":46,"lost":0,"reserve":[0,600]},{"q":0,"temperature":0,"lost":0,"reserve":[0,0]},{"q":0,"temperature":0,"lost":0,"reserve":[0,0]},{"q":0,"temperature":0,"lost":0,"reserve":[0,0]},{"q":0,"temperature":0,"lost":0,"reserve":[0,0]},{"q":0,"temperature":0,"lost":0,"reserve":[0,0]},{"q":0,"temperature":0,"lost":0,"reserve":[0,0]},{"q":0,"temperature":0,"lost":0,"reserve":[0,0]},{"q":0,"temperature":0,"lost":0,"reserve":[0,0]}],"bms_state":{"version_high":1,"version_low":18,"soc":58,"current":-5219,"cycle":16,"bq_ntc":[27,27],"mcu_ntc":[31,29]},"foot_force":[96,90,84,54],"temperature_ntc1":45,"power_v":28.640915}}
2026-04-22 10:40:54  DEBUG     [unitree.backend]  [左] 电量=58%
2026-04-22 10:40:54  INFO      [root]  > message sent: {"type": "msg", "topic": "rt/wirelesscontroller", "data": {"lx": 0.0, "ly": 0.6, "rx": 0.0, "ry": 0.0, "keys": 0}}
2026-04-22 10:40:54  INFO      [root]  > message sent: {"type": "msg", "topic": "rt/wirelesscontroller", "data": {"lx": 0.0, "ly": 0.6, "rx": 0.0, "ry": 0.0, "keys": 0}}
2026-04-22 10:40:54  INFO      [root]  > message sent: {"type": "msg", "topic": "rt/wirelesscontroller", "data": {"lx": 0.0, "ly": 0.6, "rx": 0.0, "ry": 0.0, "keys": 0}}
2026-04-22 10:40:54  INFO      [root]  Received message on data channel: {"type":"msg","topic":"rt/lf/lowstate","data":{"imu_state":{"rpy":[-0.018287,0.037336,-2.022262]},"motor_state":[{"q":0.008228,"temperature":36,"lost":6,"reserve":[0,594]},{"q":0.471072,"temperature":37,"lost":5,"reserve":[0,594]},{"q":-1.946970,"temperature":43,"lost":0,"reserve":[0,594]},{"q":-0.061395,"temperature":34,"lost":5,"reserve":[0,594]},{"q":0.816630,"temperature":37,"lost":6,"reserve":[0,594]},{"q":-1.523784,"temperature":43,"lost":5,"reserve":[0,594]},{"q":0.119372,"temperature":42,"lost":5,"reserve":[0,594]},{"q":0.701479,"temperature":40,"lost":6,"reserve":[0,594]},{"q":-1.369812,"temperature":41,"lost":5,"reserve":[0,594]},{"q":0.046367,"temperature":39,"lost":6,"reserve":[0,594]},{"q":0.604833,"temperature":49,"lost":5,"reserve":[0,594]},{"q":-1.829582,"temperature":51,"lost":0,"reserve":[0,594]},{"q":0,"temperature":0,"lost":0,"reserve":[0,0]},{"q":0,"temperature":0,"lost":0,"reserve":[0,0]},{"q":0,"temperature":0,"lost":0,"reserve":[0,0]},{"q":0,"temperature":0,"lost":0,"reserve":[0,0]},{"q":0,"temperature":0,"lost":0,"reserve":[0,0]},{"q":0,"temperature":0,"lost":0,"reserve":[0,0]},{"q":0,"temperature":0,"lost":0,"reserve":[0,0]},{"q":0,"temperature":0,"lost":0,"reserve":[0,0]}],"bms_state":{"version_high":1,"version_low":18,"soc":57,"current":-6172,"cycle":9,"bq_ntc":[27,27],"mcu_ntc":[32,29]},"foot_force":[82,56,104,80],"temperature_ntc1":44,"power_v":28.578939}}
2026-04-22 10:40:54  DEBUG     [unitree.backend]  [右] 电量=57%
2026-04-22 10:40:54  INFO      [root]  > message sent: {"type": "msg", "topic": "rt/wirelesscontroller", "data": {"lx": 0.0, "ly": 0.6, "rx": 0.0, "ry": 0.0, "keys": 0}}
2026-04-22 10:40:54  INFO      [root]  > message sent: {"type": "msg", "topic": "rt/wirelesscontroller", "data": {"lx": 0.0, "ly": 0.6, "rx": 0.0, "ry": 0.0, "keys": 0}}
2026-04-22 10:40:54  INFO      [root]  > message sent: {"type": "msg", "topic": "rt/wirelesscontroller", "data": {"lx": 0.0, "ly": 0.6, "rx": 0.0, "ry": 0.0, "keys": 0}}
2026-04-22 10:40:54  INFO      [root]  > message sent: {"type": "msg", "topic": "rt/wirelesscontroller", "data": {"lx": 0.0, "ly": 0.6, "rx": 0.0, "ry": 0.0, "keys": 0}}
2026-04-22 10:40:54  INFO      [root]  > message sent: {"type": "msg", "topic": "rt/wirelesscontroller", "data": {"lx": 0.0, "ly": 0.6, "rx": 0.0, "ry": 0.0, "keys": 0}}
2026-04-22 10:40:54  INFO      [root]  > message sent: {"type": "msg", "topic": "rt/wirelesscontroller", "data": {"lx": 0.0, "ly": 0.6, "rx": 0.0, "ry": 0.0, "keys": 0}}
2026-04-22 10:40:54  INFO      [root]  > message sent: {"type": "msg", "topic": "rt/wirelesscontroller", "data": {"lx": 0.0, "ly": 0.6, "rx": 0.0, "ry": 0.0, "keys": 0}}
2026-04-22 10:40:54  INFO      [root]  > message sent: {"type": "msg", "topic": "rt/wirelesscontroller", "data": {"lx": 0.0, "ly": 0.6, "rx": 0.0, "ry": 0.0, "keys": 0}}
2026-04-22 10:40:54  INFO      [root]  > message sent: {"type": "msg", "topic": "rt/wirelesscontroller", "data": {"lx": 0.0, "ly": 0.6, "rx": 0.0, "ry": 0.0, "keys": 0}}
2026-04-22 10:40:54  INFO      [root]  > message sent: {"type": "msg", "topic": "rt/wirelesscontroller", "data": {"lx": 0.0, "ly": 0.6, "rx": 0.0, "ry": 0.0, "keys": 0}}
2026-04-22 10:40:54  INFO      [root]  > message sent: {"type": "msg", "topic": "rt/wirelesscontroller", "data": {"lx": 0.0, "ly": 0.6, "rx": 0.0, "ry": 0.0, "keys": 0}}
2026-04-22 10:40:54  INFO      [root]  > message sent: {"type": "msg", "topic": "rt/wirelesscontroller", "data": {"lx": 0.0, "ly": 0.6, "rx": 0.0, "ry": 0.0, "keys": 0}}
2026-04-22 10:40:54  INFO      [root]  > message sent: {"type": "msg", "topic": "rt/wirelesscontroller", "data": {"lx": 0.0, "ly": 0.6, "rx": 0.0, "ry": 0.0, "keys": 0}}
2026-04-22 10:40:55  INFO      [root]  > message sent: {"type": "msg", "topic": "rt/wirelesscontroller", "data": {"lx": 0.0, "ly": 0.6, "rx": 0.0, "ry": 0.0, "keys": 0}}
2026-04-22 10:40:55  INFO      [root]  > message sent: {"type": "msg", "topic": "rt/wirelesscontroller", "data": {"lx": 0.0, "ly": 0.6, "rx": 0.0, "ry": 0.0, "keys": 0}}
2026-04-22 10:40:55  INFO      [root]  > message sent: {"type": "msg", "topic": "rt/wirelesscontroller", "data": {"lx": 0.0, "ly": 0.6, "rx": 0.0, "ry": 0.0, "keys": 0}}
2026-04-22 10:40:55  INFO      [root]  > message sent: {"type": "msg", "topic": "rt/wirelesscontroller", "data": {"lx": 0.0, "ly": 0.6, "rx": 0.0, "ry": 0.0, "keys": 0}}
2026-04-22 10:40:55  INFO      [root]  Received message on data channel: {"type":"msg","topic":"rt/lf/lowstate","data":{"imu_state":{"rpy":[-0.015207,0.010880,-3.026469]},"motor_state":[{"q":0.100726,"temperature":35,"lost":0,"reserve":[0,601]},{"q":0.752441,"temperature":38,"lost":5,"reserve":[0,601]},{"q":-1.554241,"temperature":45,"lost":0,"reserve":[0,601]},{"q":0.051721,"temperature":37,"lost":0,"reserve":[0,601]},{"q":0.955119,"temperature":40,"lost":5,"reserve":[0,601]},{"q":-1.884208,"temperature":44,"lost":5,"reserve":[0,601]},{"q":-0.041341,"temperature":38,"lost":0,"reserve":[0,601]},{"q":0.855470,"temperature":38,"lost":5,"reserve":[0,601]},{"q":-1.723047,"temperature":40,"lost":0,"reserve":[0,601]},{"q":-0.045404,"temperature":38,"lost":5,"reserve":[0,601]},{"q":0.717495,"temperature":39,"lost":5,"reserve":[0,601]},{"q":-1.499015,"temperature":46,"lost":0,"reserve":[0,601]},{"q":0,"temperature":0,"lost":0,"reserve":[0,0]},{"q":0,"temperature":0,"lost":0,"reserve":[0,0]},{"q":0,"temperature":0,"lost":0,"reserve":[0,0]},{"q":0,"temperature":0,"lost":0,"reserve":[0,0]},{"q":0,"temperature":0,"lost":0,"reserve":[0,0]},{"q":0,"temperature":0,"lost":0,"reserve":[0,0]},{"q":0,"temperature":0,"lost":0,"reserve":[0,0]},{"q":0,"temperature":0,"lost":0,"reserve":[0,0]}],"bms_state":{"version_high":1,"version_low":18,"soc":58,"current":-5631,"cycle":16,"bq_ntc":[27,27],"mcu_ntc":[31,29]},"foot_force":[96,90,84,54],"temperature_ntc1":45,"power_v":28.543528}}
2026-04-22 10:40:55  DEBUG     [unitree.backend]  [左] 电量=58%
2026-04-22 10:40:55  INFO      [root]  > message sent: {"type": "msg", "topic": "rt/wirelesscontroller", "data": {"lx": 0.0, "ly": 0.6, "rx": 0.0, "ry": 0.0, "keys": 0}}
2026-04-22 10:40:55  INFO      [root]  > message sent: {"type": "msg", "topic": "rt/wirelesscontroller", "data": {"lx": 0.0, "ly": 0.6, "rx": 0.0, "ry": 0.0, "keys": 0}}
2026-04-22 10:40:55  INFO      [root]  > message sent: {"type": "msg", "topic": "rt/wirelesscontroller", "data": {"lx": 0.0, "ly": 0.0, "rx": 0.0, "ry": 0.0, "keys": 0}}
2026-04-22 10:40:55  INFO      [root]  > message sent: {"type": "req", "topic": "rt/api/sport/request", "data": {"header": {"identity": {"id": 856678382, "api_id": 1019}}, "parameter": ""}}
2026-04-22 10:40:55  INFO      [unitree.backend]  ▶ 发送(ff) [ContinuousGait(api_id=1019)] → 左
2026-04-22 10:40:55  INFO      [root]  > message sent: {"type": "msg", "topic": "rt/wirelesscontroller", "data": {"lx": 0.0, "ly": 0.0, "rx": 0.6, "ry": 0.0, "keys": 0}}
2026-04-22 10:40:55  INFO      [root]  > message sent: {"type": "msg", "topic": "rt/wirelesscontroller", "data": {"lx": 0.0, "ly": 0.0, "rx": 0.0, "ry": 0.0, "keys": 0}}
2026-04-22 10:40:55  INFO      [root]  > message sent: {"type": "req", "topic": "rt/api/sport/request", "data": {"header": {"identity": {"id": 856679189, "api_id": 1019}}, "parameter": ""}}
2026-04-22 10:40:55  INFO      [unitree.backend]  ▶ 发送(ff) [ContinuousGait(api_id=1019)] → 右
2026-04-22 10:40:55  INFO      [root]  > message sent: {"type": "msg", "topic": "rt/wirelesscontroller", "data": {"lx": 0.6, "ly": 0.0, "rx": 0.0, "ry": 0.0, "keys": 0}}
2026-04-22 10:40:55  INFO      [root]  Received message on data channel: {"type":"res","topic":"rt/api/sport/response","data":{"header":{"identity":{"api_id":1019,"id":856678382},"status":{"code":3202}},"data":""}}
2026-04-22 10:40:55  INFO      [root]  Received message on data channel: {"type":"res","topic":"rt/api/sport/response","data":{"header":{"identity":{"api_id":1019,"id":856679189},"status":{"code":3202}},"data":""}}
2026-04-22 10:40:55  INFO      [root]  Received message on data channel: {"type":"msg","topic":"rt/lf/lowstate","data":{"imu_state":{"rpy":[-0.005110,0.046257,-1.999449]},"motor_state":[{"q":0.060245,"temperature":36,"lost":6,"reserve":[0,597]},{"q":1.055701,"temperature":37,"lost":5,"reserve":[0,597]},{"q":-1.440661,"temperature":43,"lost":0,"reserve":[0,597]},{"q":-0.068904,"temperature":34,"lost":5,"reserve":[0,597]},{"q":0.506133,"temperature":37,"lost":6,"reserve":[0,597]},{"q":-1.537291,"temperature":43,"lost":5,"reserve":[0,597]},{"q":0.109471,"temperature":42,"lost":5,"reserve":[0,597]},{"q":0.484571,"temperature":40,"lost":6,"reserve":[0,597]},{"q":-1.383539,"temperature":41,"lost":5,"reserve":[0,597]},{"q":-0.017185,"temperature":39,"lost":6,"reserve":[0,597]},{"q":0.983544,"temperature":49,"lost":5,"reserve":[0,597]},{"q":-1.388894,"temperature":51,"lost":0,"reserve":[0,597]},{"q":0,"temperature":0,"lost":0,"reserve":[0,0]},{"q":0,"temperature":0,"lost":0,"reserve":[0,0]},{"q":0,"temperature":0,"lost":0,"reserve":[0,0]},{"q":0,"temperature":0,"lost":0,"reserve":[0,0]},{"q":0,"temperature":0,"lost":0,"reserve":[0,0]},{"q":0,"temperature":0,"lost":0,"reserve":[0,0]},{"q":0,"temperature":0,"lost":0,"reserve":[0,0]},{"q":0,"temperature":0,"lost":0,"reserve":[0,0]}],"bms_state":{"version_high":1,"version_low":18,"soc":57,"current":-3856,"cycle":9,"bq_ntc":[27,27],"mcu_ntc":[32,29]},"foot_force":[82,56,104,80],"temperature_ntc1":44,"power_v":28.277924}}
2026-04-22 10:40:55  DEBUG     [unitree.backend]  [右] 电量=57%
2026-04-22 10:40:55  INFO      [root]  > message sent: {"type": "msg", "topic": "rt/wirelesscontroller", "data": {"lx": 0.0, "ly": 0.0, "rx": 0.6, "ry": 0.0, "keys": 0}}
2026-04-22 10:40:55  INFO      [root]  > message sent: {"type": "msg", "topic": "rt/wirelesscontroller", "data": {"lx": 0.6, "ly": 0.0, "rx": 0.0, "ry": 0.0, "keys": 0}}
2026-04-22 10:40:55  INFO      [root]  > message sent: {"type": "msg", "topic": "rt/wirelesscontroller", "data": {"lx": 0.0, "ly": 0.0, "rx": 0.6, "ry": 0.0, "keys": 0}}
2026-04-22 10:40:55  INFO      [root]  > message sent: {"type": "msg", "topic": "rt/wirelesscontroller", "data": {"lx": 0.6, "ly": 0.0, "rx": 0.0, "ry": 0.0, "keys": 0}}
2026-04-22 10:40:55  INFO      [root]  > message sent: {"type": "msg", "topic": "rt/wirelesscontroller", "data": {"lx": 0.0, "ly": 0.0, "rx": 0.6, "ry": 0.0, "keys": 0}}
2026-04-22 10:40:55  INFO      [root]  > message sent: {"type": "msg", "topic": "rt/wirelesscontroller", "data": {"lx": 0.6, "ly": 0.0, "rx": 0.0, "ry": 0.0, "keys": 0}}
2026-04-22 10:40:55  INFO      [root]  > message sent: {"type": "heartbeat", "topic": "", "data": {"timeInStr": "2026-04-22 10:40:55", "timeInNum": 1776825655}}
2026-04-22 10:40:55  INFO      [root]  > message sent: {"type": "msg", "topic": "rt/wirelesscontroller", "data": {"lx": 0.0, "ly": 0.0, "rx": 0.6, "ry": 0.0, "keys": 0}}
2026-04-22 10:40:55  INFO      [root]  > message sent: {"type": "msg", "topic": "rt/wirelesscontroller", "data": {"lx": 0.6, "ly": 0.0, "rx": 0.0, "ry": 0.0, "keys": 0}}
2026-04-22 10:40:55  INFO      [root]  Received message on data channel: {"type":"heartbeat"}
2026-04-22 10:40:55  INFO      [root]  Heartbeat response received.
2026-04-22 10:40:55  INFO      [root]  > message sent: {"type": "msg", "topic": "rt/wirelesscontroller", "data": {"lx": 0.0, "ly": 0.0, "rx": 0.6, "ry": 0.0, "keys": 0}}
2026-04-22 10:40:55  INFO      [root]  > message sent: {"type": "msg", "topic": "rt/wirelesscontroller", "data": {"lx": 0.6, "ly": 0.0, "rx": 0.0, "ry": 0.0, "keys": 0}}
2026-04-22 10:40:55  INFO      [root]  > message sent: {"type": "heartbeat", "topic": "", "data": {"timeInStr": "2026-04-22 10:40:55", "timeInNum": 1776825655}}
2026-04-22 10:40:55  INFO      [root]  Received message on data channel: {"type":"heartbeat"}
2026-04-22 10:40:55  INFO      [root]  Heartbeat response received.
2026-04-22 10:40:55  INFO      [root]  > message sent: {"type": "msg", "topic": "rt/wirelesscontroller", "data": {"lx": 0.0, "ly": 0.0, "rx": 0.6, "ry": 0.0, "keys": 0}}
2026-04-22 10:40:55  INFO      [root]  > message sent: {"type": "msg", "topic": "rt/wirelesscontroller", "data": {"lx": 0.6, "ly": 0.0, "rx": 0.0, "ry": 0.0, "keys": 0}}
2026-04-22 10:40:55  INFO      [root]  > message sent: {"type": "msg", "topic": "rt/wirelesscontroller", "data": {"lx": 0.0, "ly": 0.0, "rx": 0.6, "ry": 0.0, "keys": 0}}
2026-04-22 10:40:55  INFO      [root]  > message sent: {"type": "msg", "topic": "rt/wirelesscontroller", "data": {"lx": 0.6, "ly": 0.0, "rx": 0.0, "ry": 0.0, "keys": 0}}
2026-04-22 10:40:55  INFO      [root]  > message sent: {"type": "msg", "topic": "rt/wirelesscontroller", "data": {"lx": 0.0, "ly": 0.0, "rx": 0.6, "ry": 0.0, "keys": 0}}
2026-04-22 10:40:55  INFO      [root]  > message sent: {"type": "msg", "topic": "rt/wirelesscontroller", "data": {"lx": 0.6, "ly": 0.0, "rx": 0.0, "ry": 0.0, "keys": 0}}
2026-04-22 10:40:56  INFO      [root]  > message sent: {"type": "msg", "topic": "rt/wirelesscontroller", "data": {"lx": 0.0, "ly": 0.0, "rx": 0.6, "ry": 0.0, "keys": 0}}
2026-04-22 10:40:56  INFO      [root]  > message sent: {"type": "msg", "topic": "rt/wirelesscontroller", "data": {"lx": 0.6, "ly": 0.0, "rx": 0.0, "ry": 0.0, "keys": 0}}
2026-04-22 10:40:56  INFO      [root]  > message sent: {"type": "msg", "topic": "rt/wirelesscontroller", "data": {"lx": 0.0, "ly": 0.0, "rx": 0.6, "ry": 0.0, "keys": 0}}
2026-04-22 10:40:56  INFO      [root]  > message sent: {"type": "msg", "topic": "rt/wirelesscontroller", "data": {"lx": 0.6, "ly": 0.0, "rx": 0.0, "ry": 0.0, "keys": 0}}
2026-04-22 10:40:56  INFO      [root]  Received message on data channel: {"type":"msg","topic":"rt/lf/lowstate","data":{"imu_state":{"rpy":[-0.043806,0.053459,2.464325]},"motor_state":[{"q":0.497574,"temperature":35,"lost":0,"reserve":[0,595]},{"q":0.751139,"temperature":38,"lost":5,"reserve":[0,595]},{"q":-1.558048,"temperature":45,"lost":0,"reserve":[0,595]},{"q":0.121814,"temperature":37,"lost":0,"reserve":[0,595]},{"q":0.732246,"temperature":40,"lost":5,"reserve":[0,595]},{"q":-1.468827,"temperature":44,"lost":5,"reserve":[0,595]},{"q":-0.030865,"temperature":38,"lost":0,"reserve":[0,595]},{"q":0.477485,"temperature":38,"lost":5,"reserve":[0,595]},{"q":-1.305407,"temperature":40,"lost":0,"reserve":[0,595]},{"q":-0.340367,"temperature":38,"lost":5,"reserve":[0,595]},{"q":0.870760,"temperature":39,"lost":5,"reserve":[0,595]},{"q":-1.460676,"temperature":46,"lost":0,"reserve":[0,595]},{"q":0,"temperature":0,"lost":0,"reserve":[0,0]},{"q":0,"temperature":0,"lost":0,"reserve":[0,0]},{"q":0,"temperature":0,"lost":0,"reserve":[0,0]},{"q":0,"temperature":0,"lost":0,"reserve":[0,0]},{"q":0,"temperature":0,"lost":0,"reserve":[0,0]},{"q":0,"temperature":0,"lost":0,"reserve":[0,0]},{"q":0,"temperature":0,"lost":0,"reserve":[0,0]},{"q":0,"temperature":0,"lost":0,"reserve":[0,0]}],"bms_state":{"version_high":1,"version_low":18,"soc":58,"current":-3843,"cycle":16,"bq_ntc":[27,27],"mcu_ntc":[31,29]},"foot_force":[96,90,84,54],"temperature_ntc1":45,"power_v":28.694035}}
2026-04-22 10:40:56  DEBUG     [unitree.backend]  [左] 电量=58%
2026-04-22 10:40:56  INFO      [root]  > message sent: {"type": "msg", "topic": "rt/wirelesscontroller", "data": {"lx": 0.0, "ly": 0.0, "rx": 0.6, "ry": 0.0, "keys": 0}}
2026-04-22 10:40:56  INFO      [root]  > message sent: {"type": "msg", "topic": "rt/wirelesscontroller", "data": {"lx": 0.6, "ly": 0.0, "rx": 0.0, "ry": 0.0, "keys": 0}}
2026-04-22 10:40:56  INFO      [root]  Received message on data channel: {"type":"msg","topic":"rt/lf/lowstate","data":{"imu_state":{"rpy":[-0.011214,0.058985,-1.943196]},"motor_state":[{"q":0.164914,"temperature":36,"lost":6,"reserve":[0,596]},{"q":0.706026,"temperature":37,"lost":5,"reserve":[0,596]},{"q":-1.540577,"temperature":43,"lost":0,"reserve":[0,596]},{"q":0.034433,"temperature":34,"lost":5,"reserve":[0,596]},{"q":0.671570,"temperature":37,"lost":6,"reserve":[0,596]},{"q":-1.712922,"temperature":43,"lost":5,"reserve":[0,596]},{"q":-0.110041,"temperature":42,"lost":5,"reserve":[0,596]},{"q":0.719282,"temperature":40,"lost":6,"reserve":[0,596]},{"q":-1.738276,"temperature":41,"lost":5,"reserve":[0,596]},{"q":-0.098208,"temperature":39,"lost":6,"reserve":[0,596]},{"q":0.652611,"temperature":49,"lost":5,"reserve":[0,596]},{"q":-1.484624,"temperature":51,"lost":0,"reserve":[0,596]},{"q":0,"temperature":0,"lost":0,"reserve":[0,0]},{"q":0,"temperature":0,"lost":0,"reserve":[0,0]},{"q":0,"temperature":0,"lost":0,"reserve":[0,0]},{"q":0,"temperature":0,"lost":0,"reserve":[0,0]},{"q":0,"temperature":0,"lost":0,"reserve":[0,0]},{"q":0,"temperature":0,"lost":0,"reserve":[0,0]},{"q":0,"temperature":0,"lost":0,"reserve":[0,0]},{"q":0,"temperature":0,"lost":0,"reserve":[0,0]}],"bms_state":{"version_high":1,"version_low":18,"soc":56,"current":-4747,"cycle":9,"bq_ntc":[27,27],"mcu_ntc":[32,29]},"foot_force":[82,56,104,80],"temperature_ntc1":44,"power_v":28.446138}}
2026-04-22 10:40:56  DEBUG     [unitree.backend]  [右] 电量=56%
2026-04-22 10:40:56  INFO      [root]  > message sent: {"type": "msg", "topic": "rt/wirelesscontroller", "data": {"lx": 0.0, "ly": 0.0, "rx": 0.6, "ry": 0.0, "keys": 0}}
2026-04-22 10:40:56  INFO      [root]  > message sent: {"type": "msg", "topic": "rt/wirelesscontroller", "data": {"lx": 0.6, "ly": 0.0, "rx": 0.0, "ry": 0.0, "keys": 0}}
2026-04-22 10:40:56  INFO      [root]  > message sent: {"type": "msg", "topic": "rt/wirelesscontroller", "data": {"lx": 0.0, "ly": 0.0, "rx": 0.6, "ry": 0.0, "keys": 0}}
2026-04-22 10:40:56  INFO      [root]  > message sent: {"type": "msg", "topic": "rt/wirelesscontroller", "data": {"lx": 0.6, "ly": 0.0, "rx": 0.0, "ry": 0.0, "keys": 0}}
2026-04-22 10:40:56  INFO      [root]  > message sent: {"type": "msg", "topic": "rt/wirelesscontroller", "data": {"lx": 0.0, "ly": 0.0, "rx": 0.6, "ry": 0.0, "keys": 0}}
2026-04-22 10:40:56  INFO      [root]  > message sent: {"type": "msg", "topic": "rt/wirelesscontroller", "data": {"lx": 0.6, "ly": 0.0, "rx": 0.0, "ry": 0.0, "keys": 0}}
2026-04-22 10:40:56  INFO      [root]  > message sent: {"type": "msg", "topic": "rt/wirelesscontroller", "data": {"lx": 0.0, "ly": 0.0, "rx": 0.6, "ry": 0.0, "keys": 0}}
2026-04-22 10:40:56  INFO      [root]  > message sent: {"type": "msg", "topic": "rt/wirelesscontroller", "data": {"lx": 0.6, "ly": 0.0, "rx": 0.0, "ry": 0.0, "keys": 0}}
2026-04-22 10:40:56  INFO      [root]  > message sent: {"type": "msg", "topic": "rt/wirelesscontroller", "data": {"lx": 0.0, "ly": 0.0, "rx": 0.6, "ry": 0.0, "keys": 0}}
2026-04-22 10:40:56  INFO      [root]  > message sent: {"type": "msg", "topic": "rt/wirelesscontroller", "data": {"lx": 0.6, "ly": 0.0, "rx": 0.0, "ry": 0.0, "keys": 0}}
2026-04-22 10:40:56  INFO      [root]  > message sent: {"type": "msg", "topic": "rt/wirelesscontroller", "data": {"lx": 0.0, "ly": 0.0, "rx": 0.6, "ry": 0.0, "keys": 0}}
2026-04-22 10:40:56  INFO      [root]  > message sent: {"type": "msg", "topic": "rt/wirelesscontroller", "data": {"lx": 0.6, "ly": 0.0, "rx": 0.0, "ry": 0.0, "keys": 0}}
2026-04-22 10:40:56  INFO      [root]  > message sent: {"type": "msg", "topic": "rt/wirelesscontroller", "data": {"lx": 0.0, "ly": 0.0, "rx": 0.6, "ry": 0.0, "keys": 0}}
2026-04-22 10:40:56  INFO      [root]  > message sent: {"type": "msg", "topic": "rt/wirelesscontroller", "data": {"lx": 0.6, "ly": 0.0, "rx": 0.0, "ry": 0.0, "keys": 0}}
2026-04-22 10:40:57  INFO      [root]  > message sent: {"type": "msg", "topic": "rt/wirelesscontroller", "data": {"lx": 0.0, "ly": 0.0, "rx": 0.6, "ry": 0.0, "keys": 0}}
2026-04-22 10:40:57  INFO      [root]  > message sent: {"type": "msg", "topic": "rt/wirelesscontroller", "data": {"lx": 0.6, "ly": 0.0, "rx": 0.0, "ry": 0.0, "keys": 0}}
2026-04-22 10:40:57  INFO      [root]  > message sent: {"type": "msg", "topic": "rt/wirelesscontroller", "data": {"lx": 0.0, "ly": 0.0, "rx": 0.6, "ry": 0.0, "keys": 0}}
2026-04-22 10:40:57  INFO      [root]  > message sent: {"type": "msg", "topic": "rt/wirelesscontroller", "data": {"lx": 0.6, "ly": 0.0, "rx": 0.0, "ry": 0.0, "keys": 0}}
2026-04-22 10:40:57  INFO      [root]  > message sent: {"type": "msg", "topic": "rt/wirelesscontroller", "data": {"lx": 0.0, "ly": 0.0, "rx": 0.6, "ry": 0.0, "keys": 0}}
2026-04-22 10:40:57  INFO      [root]  > message sent: {"type": "msg", "topic": "rt/wirelesscontroller", "data": {"lx": 0.6, "ly": 0.0, "rx": 0.0, "ry": 0.0, "keys": 0}}
2026-04-22 10:40:57  INFO      [root]  Received message on data channel: {"type":"msg","topic":"rt/lf/lowstate","data":{"imu_state":{"rpy":[0.287040,0.398420,1.401170]},"motor_state":[{"q":0.273762,"temperature":35,"lost":0,"reserve":[0,595]},{"q":1.149925,"temperature":38,"lost":5,"reserve":[0,595]},{"q":-1.990411,"temperature":45,"lost":0,"reserve":[0,595]},{"q":-0.441863,"temperature":37,"lost":0,"reserve":[0,595]},{"q":0.991361,"temperature":40,"lost":5,"reserve":[0,595]},{"q":-1.052845,"temperature":44,"lost":5,"reserve":[0,595]},{"q":-0.475672,"temperature":38,"lost":0,"reserve":[0,595]},{"q":0.103921,"temperature":38,"lost":5,"reserve":[0,595]},{"q":-0.883612,"temperature":40,"lost":0,"reserve":[0,595]},{"q":-0.822900,"temperature":38,"lost":5,"reserve":[0,595]},{"q":0.745532,"temperature":39,"lost":5,"reserve":[0,595]},{"q":-2.509516,"temperature":46,"lost":0,"reserve":[0,595]},{"q":0,"temperature":0,"lost":0,"reserve":[0,0]},{"q":0,"temperature":0,"lost":0,"reserve":[0,0]},{"q":0,"temperature":0,"lost":0,"reserve":[0,0]},{"q":0,"temperature":0,"lost":0,"reserve":[0,0]},{"q":0,"temperature":0,"lost":0,"reserve":[0,0]},{"q":0,"temperature":0,"lost":0,"reserve":[0,0]},{"q":0,"temperature":0,"lost":0,"reserve":[0,0]},{"q":0,"temperature":0,"lost":0,"reserve":[0,0]}],"bms_state":{"version_high":1,"version_low":18,"soc":58,"current":-9446,"cycle":16,"bq_ntc":[27,27],"mcu_ntc":[31,29]},"foot_force":[96,90,84,54],"temperature_ntc1":45,"power_v":27.879519}}
2026-04-22 10:40:57  DEBUG     [unitree.backend]  [左] 电量=58%
2026-04-22 10:40:57  INFO      [root]  > message sent: {"type": "msg", "topic": "rt/wirelesscontroller", "data": {"lx": 0.0, "ly": 0.0, "rx": 0.6, "ry": 0.0, "keys": 0}}
2026-04-22 10:40:57  INFO      [root]  > message sent: {"type": "msg", "topic": "rt/wirelesscontroller", "data": {"lx": 0.6, "ly": 0.0, "rx": 0.0, "ry": 0.0, "keys": 0}}
2026-04-22 10:40:57  INFO      [root]  Received message on data channel: {"type":"msg","topic":"rt/lf/lowstate","data":{"imu_state":{"rpy":[0.070678,0.035661,-1.797846]},"motor_state":[{"q":0.023791,"temperature":36,"lost":6,"reserve":[0,598]},{"q":0.807970,"temperature":37,"lost":5,"reserve":[0,598]},{"q":-1.864004,"temperature":43,"lost":0,"reserve":[0,598]},{"q":-0.081560,"temperature":34,"lost":5,"reserve":[0,598]},{"q":0.749898,"temperature":37,"lost":6,"reserve":[0,598]},{"q":-1.411579,"temperature":43,"lost":5,"reserve":[0,598]},{"q":0.255560,"temperature":42,"lost":5,"reserve":[0,598]},{"q":0.736237,"temperature":40,"lost":6,"reserve":[0,598]},{"q":-1.444689,"temperature":41,"lost":5,"reserve":[0,598]},{"q":0.177136,"temperature":39,"lost":6,"reserve":[0,598]},{"q":0.658606,"temperature":50,"lost":5,"reserve":[0,598]},{"q":-1.690869,"temperature":51,"lost":0,"reserve":[0,598]},{"q":0,"temperature":0,"lost":0,"reserve":[0,0]},{"q":0,"temperature":0,"lost":0,"reserve":[0,0]},{"q":0,"temperature":0,"lost":0,"reserve":[0,0]},{"q":0,"temperature":0,"lost":0,"reserve":[0,0]},{"q":0,"temperature":0,"lost":0,"reserve":[0,0]},{"q":0,"temperature":0,"lost":0,"reserve":[0,0]},{"q":0,"temperature":0,"lost":0,"reserve":[0,0]},{"q":0,"temperature":0,"lost":0,"reserve":[0,0]}],"bms_state":{"version_high":1,"version_low":18,"soc":56,"current":-4390,"cycle":9,"bq_ntc":[27,27],"mcu_ntc":[32,29]},"foot_force":[82,56,104,80],"temperature_ntc1":44,"power_v":28.508114}}
2026-04-22 10:40:57  DEBUG     [unitree.backend]  [右] 电量=56%
2026-04-22 10:40:57  INFO      [root]  > message sent: {"type": "msg", "topic": "rt/wirelesscontroller", "data": {"lx": 0.0, "ly": 0.0, "rx": 0.6, "ry": 0.0, "keys": 0}}
2026-04-22 10:40:57  INFO      [root]  > message sent: {"type": "msg", "topic": "rt/wirelesscontroller", "data": {"lx": 0.6, "ly": 0.0, "rx": 0.0, "ry": 0.0, "keys": 0}}
2026-04-22 10:40:57  INFO      [root]  > message sent: {"type": "msg", "topic": "rt/wirelesscontroller", "data": {"lx": 0.0, "ly": 0.0, "rx": 0.6, "ry": 0.0, "keys": 0}}
2026-04-22 10:40:57  INFO      [root]  > message sent: {"type": "msg", "topic": "rt/wirelesscontroller", "data": {"lx": 0.6, "ly": 0.0, "rx": 0.0, "ry": 0.0, "keys": 0}}
2026-04-22 10:40:57  INFO      [root]  > message sent: {"type": "msg", "topic": "rt/wirelesscontroller", "data": {"lx": 0.0, "ly": 0.0, "rx": 0.6, "ry": 0.0, "keys": 0}}
2026-04-22 10:40:57  INFO      [root]  > message sent: {"type": "msg", "topic": "rt/wirelesscontroller", "data": {"lx": 0.6, "ly": 0.0, "rx": 0.0, "ry": 0.0, "keys": 0}}
2026-04-22 10:40:57  INFO      [root]  > message sent: {"type": "heartbeat", "topic": "", "data": {"timeInStr": "2026-04-22 10:40:57", "timeInNum": 1776825657}}
2026-04-22 10:40:57  INFO      [root]  > message sent: {"type": "msg", "topic": "rt/wirelesscontroller", "data": {"lx": 0.0, "ly": 0.0, "rx": 0.6, "ry": 0.0, "keys": 0}}
2026-04-22 10:40:57  INFO      [root]  > message sent: {"type": "msg", "topic": "rt/wirelesscontroller", "data": {"lx": 0.6, "ly": 0.0, "rx": 0.0, "ry": 0.0, "keys": 0}}
2026-04-22 10:40:57  INFO      [root]  Received message on data channel: {"type":"heartbeat"}
2026-04-22 10:40:57  INFO      [root]  Heartbeat response received.
2026-04-22 10:40:57  INFO      [root]  > message sent: {"type": "msg", "topic": "rt/wirelesscontroller", "data": {"lx": 0.0, "ly": 0.0, "rx": 0.6, "ry": 0.0, "keys": 0}}
2026-04-22 10:40:57  INFO      [root]  > message sent: {"type": "msg", "topic": "rt/wirelesscontroller", "data": {"lx": 0.6, "ly": 0.0, "rx": 0.0, "ry": 0.0, "keys": 0}}
2026-04-22 10:40:57  INFO      [root]  > message sent: {"type": "heartbeat", "topic": "", "data": {"timeInStr": "2026-04-22 10:40:57", "timeInNum": 1776825657}}
2026-04-22 10:40:57  INFO      [root]  Received message on data channel: {"type":"heartbeat"}
2026-04-22 10:40:57  INFO      [root]  Heartbeat response received.
2026-04-22 10:40:57  INFO      [root]  > message sent: {"type": "msg", "topic": "rt/wirelesscontroller", "data": {"lx": 0.0, "ly": 0.0, "rx": 0.6, "ry": 0.0, "keys": 0}}
2026-04-22 10:40:57  INFO      [root]  > message sent: {"type": "msg", "topic": "rt/wirelesscontroller", "data": {"lx": 0.6, "ly": 0.0, "rx": 0.0, "ry": 0.0, "keys": 0}}
2026-04-22 10:40:57  INFO      [root]  > message sent: {"type": "msg", "topic": "rt/wirelesscontroller", "data": {"lx": 0.0, "ly": 0.0, "rx": 0.6, "ry": 0.0, "keys": 0}}
2026-04-22 10:40:57  INFO      [root]  > message sent: {"type": "msg", "topic": "rt/wirelesscontroller", "data": {"lx": 0.6, "ly": 0.0, "rx": 0.0, "ry": 0.0, "keys": 0}}
2026-04-22 10:40:58  INFO      [root]  > message sent: {"type": "msg", "topic": "rt/wirelesscontroller", "data": {"lx": 0.0, "ly": 0.0, "rx": 0.6, "ry": 0.0, "keys": 0}}
2026-04-22 10:40:58  INFO      [root]  > message sent: {"type": "msg", "topic": "rt/wirelesscontroller", "data": {"lx": 0.6, "ly": 0.0, "rx": 0.0, "ry": 0.0, "keys": 0}}
2026-04-22 10:40:58  INFO      [root]  > message sent: {"type": "msg", "topic": "rt/wirelesscontroller", "data": {"lx": 0.0, "ly": 0.0, "rx": 0.6, "ry": 0.0, "keys": 0}}
2026-04-22 10:40:58  INFO      [root]  > message sent: {"type": "msg", "topic": "rt/wirelesscontroller", "data": {"lx": 0.6, "ly": 0.0, "rx": 0.0, "ry": 0.0, "keys": 0}}
2026-04-22 10:40:58  INFO      [root]  Received message on data channel: {"type":"msg","topic":"rt/lf/lowstate","data":{"imu_state":{"rpy":[0.181217,0.285057,0.926399]},"motor_state":[{"q":-0.333847,"temperature":35,"lost":0,"reserve":[0,600]},{"q":1.391237,"temperature":38,"lost":5,"reserve":[0,600]},{"q":-1.973082,"temperature":45,"lost":0,"reserve":[0,600]},{"q":0.281376,"temperature":37,"lost":0,"reserve":[0,600]},{"q":0.990756,"temperature":40,"lost":5,"reserve":[0,600]},{"q":-1.698815,"temperature":44,"lost":5,"reserve":[0,600]},{"q":0.130786,"temperature":38,"lost":0,"reserve":[0,600]},{"q":2.273337,"temperature":38,"lost":5,"reserve":[0,600]},{"q":-2.439345,"temperature":40,"lost":0,"reserve":[0,600]},{"q":-0.497326,"temperature":38,"lost":5,"reserve":[0,600]},{"q":1.309694,"temperature":39,"lost":5,"reserve":[0,600]},{"q":-2.354847,"temperature":46,"lost":0,"reserve":[0,600]},{"q":0,"temperature":0,"lost":0,"reserve":[0,0]},{"q":0,"temperature":0,"lost":0,"reserve":[0,0]},{"q":0,"temperature":0,"lost":0,"reserve":[0,0]},{"q":0,"temperature":0,"lost":0,"reserve":[0,0]},{"q":0,"temperature":0,"lost":0,"reserve":[0,0]},{"q":0,"temperature":0,"lost":0,"reserve":[0,0]},{"q":0,"temperature":0,"lost":0,"reserve":[0,0]},{"q":0,"temperature":0,"lost":0,"reserve":[0,0]}],"bms_state":{"version_high":1,"version_low":18,"soc":58,"current":-18351,"cycle":16,"bq_ntc":[27,27],"mcu_ntc":[31,29]},"foot_force":[96,90,84,54],"temperature_ntc1":45,"power_v":27.560793}}
2026-04-22 10:40:58  DEBUG     [unitree.backend]  [左] 电量=58%
2026-04-22 10:40:58  INFO      [root]  > message sent: {"type": "msg", "topic": "rt/wirelesscontroller", "data": {"lx": 0.0, "ly": 0.0, "rx": 0.6, "ry": 0.0, "keys": 0}}
2026-04-22 10:40:58  INFO      [root]  > message sent: {"type": "msg", "topic": "rt/wirelesscontroller", "data": {"lx": 0.6, "ly": 0.0, "rx": 0.0, "ry": 0.0, "keys": 0}}
2026-04-22 10:40:58  INFO      [root]  > message sent: {"type": "msg", "topic": "rt/wirelesscontroller", "data": {"lx": 0.0, "ly": 0.0, "rx": 0.0, "ry": 0.0, "keys": 0}}
2026-04-22 10:40:58  INFO      [unitree.backend]  [编排] 收尾停止 → ['3925157a', '4e9eae54']
2026-04-22 10:40:58  INFO      [unitree.backend]  [playback verbose] OFF
2026-04-22 10:40:58  INFO      [unitree.backend]  [用户操作] 编排播放完成 | 新编排
2026-04-22 10:40:58  INFO      [unitree.backend]  ⏹ 编排收尾停止 → 左, 右
2026-04-22 10:40:58  INFO      [unitree.backend]  [编排收尾] 已发送 → 左, 右
2026-04-22 10:40:59  INFO      [root]  Heartbeat response received.
2026-04-22 10:40:59  INFO      [root]  Heartbeat response received.
2026-04-22 10:41:01  INFO      [root]  Heartbeat response received.
2026-04-22 10:41:01  INFO      [root]  Heartbeat response received.
2026-04-22 10:41:02  INFO      [unitree.backend]  🚨 全体紧急停止 → 2 台
2026-04-22 10:41:02  INFO      [unitree.backend]  [playback verbose] OFF
2026-04-22 10:41:02  INFO      [unitree.backend]  🚨 紧急停止 StopMove+BalanceStand → 左, 右
2026-04-22 10:41:02  INFO      [unitree.backend]  [用户操作] 编排紧急停止
2026-04-22 10:41:02  INFO      [unitree.backend]  [左] StopMove 成功
2026-04-22 10:41:02  INFO      [unitree.backend]  [左] BalanceStand 成功
2026-04-22 10:41:02  INFO      [unitree.backend]  [右] StopMove 成功
2026-04-22 10:41:02  INFO      [unitree.backend]  [右] BalanceStand 成功
2026-04-22 10:41:02  INFO      [unitree.backend]  🚨 强制切换运动模式 → normal: 左, 右
2026-04-22 10:41:02  INFO      [unitree.backend]  [左] 运动模式切换成功
2026-04-22 10:41:02  INFO      [unitree.backend]  [右] 运动模式切换成功
2026-04-22 10:41:03  INFO      [unitree.backend]  [左] 紧急停止完成
2026-04-22 10:41:03  INFO      [unitree.backend]  [右] 紧急停止完成
2026-04-22 10:41:03  INFO      [unitree.backend]  🚨 全体紧急停止 → 2 台
2026-04-22 10:41:03  INFO      [unitree.backend]  [playback verbose] OFF
2026-04-22 10:41:03  INFO      [unitree.backend]  [用户操作] 编排紧急停止
2026-04-22 10:41:03  INFO      [unitree.backend]  🚨 紧急停止 StopMove+BalanceStand → 左, 右
2026-04-22 10:41:03  INFO      [root]  Heartbeat response received.
2026-04-22 10:41:03  INFO      [unitree.backend]  [左] StopMove 成功
2026-04-22 10:41:03  INFO      [unitree.backend]  [左] BalanceStand 成功
2026-04-22 10:41:03  INFO      [unitree.backend]  [右] StopMove 成功
2026-04-22 10:41:03  INFO      [unitree.backend]  [右] BalanceStand 成功
2026-04-22 10:41:03  INFO      [unitree.backend]  🚨 强制切换运动模式 → normal: 左, 右
2026-04-22 10:41:03  INFO      [unitree.backend]  [左] 运动模式切换成功
2026-04-22 10:41:03  INFO      [unitree.backend]  [右] 运动模式切换成功
2026-04-22 10:41:03  INFO      [root]  Heartbeat response received.
2026-04-22 10:41:04  INFO      [unitree.backend]  [左] 紧急停止完成
2026-04-22 10:41:04  INFO      [unitree.backend]  [右] 紧急停止完成
2026-04-22 10:41:04  INFO      [unitree.backend]  🚨 全体紧急停止 → 2 台
2026-04-22 10:41:04  INFO      [unitree.backend]  [playback verbose] OFF
2026-04-22 10:41:04  INFO      [unitree.backend]  [用户操作] 编排紧急停止
2026-04-22 10:41:04  INFO      [unitree.backend]  🚨 紧急停止 StopMove+BalanceStand → 左, 右
2026-04-22 10:41:04  INFO      [unitree.backend]  [左] StopMove 成功
2026-04-22 10:41:04  INFO      [unitree.backend]  [左] BalanceStand 成功
2026-04-22 10:41:04  INFO      [unitree.backend]  [右] StopMove 成功
2026-04-22 10:41:04  INFO      [unitree.backend]  [右] BalanceStand 成功
2026-04-22 10:41:04  INFO      [unitree.backend]  🚨 强制切换运动模式 → normal: 左, 右
2026-04-22 10:41:04  INFO      [unitree.backend]  [左] 运动模式切换成功
2026-04-22 10:41:04  INFO      [unitree.backend]  [右] 运动模式切换成功
2026-04-22 10:41:04  INFO      [unitree.backend]  [左] 紧急停止完成
2026-04-22 10:41:04  INFO      [unitree.backend]  [右] 紧急停止完成
2026-04-22 10:41:05  INFO      [root]  Heartbeat response received.
2026-04-22 10:41:05  INFO      [root]  Heartbeat response received.
2026-04-22 10:41:07  INFO      [root]  Heartbeat response received.
2026-04-22 10:41:07  INFO      [root]  Heartbeat response received.
2026-04-22 10:41:09  INFO      [root]  Heartbeat response received.
2026-04-22 10:41:09  INFO      [root]  Heartbeat response received.
2026-04-22 10:41:11  INFO      [root]  Heartbeat response received.
2026-04-22 10:41:11  INFO      [root]  Heartbeat response received.
2026-04-22 10:41:13  ERROR     [root]  Error processing WebRTC data
Traceback (most recent call last):
  File "unitree_webrtc_connect\webrtc_datachannel.py", line 80, in on_message
  File "unitree_webrtc_connect\webrtc_datachannel.py", line 98, in handle_response
  File "unitree_webrtc_connect\msgs\error_handler.py", line 76, in handle_error
TypeError: cannot unpack non-iterable int object
2026-04-22 10:41:13  INFO      [root]  Heartbeat response received.
2026-04-22 10:41:13  INFO      [root]  Heartbeat response received.
2026-04-22 10:41:15  INFO      [root]  Heartbeat response received.
2026-04-22 10:41:15  INFO      [root]  Heartbeat response received.
2026-04-22 10:41:17  INFO      [root]  Heartbeat response received.
2026-04-22 10:41:17  INFO      [root]  Heartbeat response received.
2026-04-22 10:41:19  INFO      [root]  Heartbeat response received.
2026-04-22 10:41:19  INFO      [root]  Heartbeat response received.
2026-04-22 10:41:21  INFO      [root]  Heartbeat response received.
2026-04-22 10:41:21  INFO      [root]  Heartbeat response received.
2026-04-22 10:41:23  INFO      [root]  Heartbeat response received.
2026-04-22 10:41:23  INFO      [root]  Heartbeat response received.
2026-04-22 10:41:25  INFO      [root]  Heartbeat response received.
2026-04-22 10:41:25  INFO      [root]  Heartbeat response received.
2026-04-22 10:41:27  INFO      [root]  Heartbeat response received.
2026-04-22 10:41:27  INFO      [root]  Heartbeat response received.
2026-04-22 10:41:29  INFO      [root]  Heartbeat response received.
2026-04-22 10:41:29  INFO      [root]  Heartbeat response received.
2026-04-22 10:41:31  INFO      [root]  Heartbeat response received.
2026-04-22 10:41:31  INFO      [root]  Heartbeat response received.
2026-04-22 10:41:33  INFO      [root]  Heartbeat response received.
2026-04-22 10:41:33  INFO      [root]  Heartbeat response received.
2026-04-22 10:41:35  INFO      [root]  Heartbeat response received.
2026-04-22 10:41:35  INFO      [root]  Heartbeat response received.
2026-04-22 10:41:36  ERROR     [root]  Error processing WebRTC data
Traceback (most recent call last):
  File "unitree_webrtc_connect\webrtc_datachannel.py", line 80, in on_message
  File "unitree_webrtc_connect\webrtc_datachannel.py", line 98, in handle_response
  File "unitree_webrtc_connect\msgs\error_handler.py", line 76, in handle_error
TypeError: cannot unpack non-iterable int object
2026-04-22 10:41:37  INFO      [root]  Heartbeat response received.
2026-04-22 10:41:37  INFO      [root]  Heartbeat response received.
2026-04-22 10:41:39  INFO      [unitree.backend]  [playback verbose] OFF
2026-04-22 10:41:39  INFO      [root]  Heartbeat response received.
2026-04-22 10:41:39  INFO      [root]  Heartbeat response received.
2026-04-22 10:41:41  INFO      [root]  Heartbeat response received.
2026-04-22 10:41:41  INFO      [root]  Heartbeat response received.
2026-04-22 10:41:43  INFO      [root]  Heartbeat response received.
2026-04-22 10:41:43  INFO      [root]  Heartbeat response received.
2026-04-22 10:41:45  INFO      [root]  Heartbeat response received.
2026-04-22 10:41:46  INFO      [root]  Heartbeat response received.
2026-04-22 10:41:47  INFO      [root]  Heartbeat response received.
2026-04-22 10:41:48  INFO      [root]  Heartbeat response received.
2026-04-22 10:41:49  INFO      [root]  Heartbeat response received.
2026-04-22 10:41:50  INFO      [root]  Heartbeat response received.
2026-04-22 10:41:51  INFO      [root]  Heartbeat response received.
2026-04-22 10:41:52  INFO      [root]  Heartbeat response received.
2026-04-22 10:41:53  INFO      [root]  Heartbeat response received.
2026-04-22 10:41:54  INFO      [root]  Heartbeat response received.
2026-04-22 10:41:55  INFO      [root]  Heartbeat response received.
2026-04-22 10:41:56  INFO      [root]  Heartbeat response received.
2026-04-22 10:41:57  INFO      [root]  Heartbeat response received.
2026-04-22 10:41:58  INFO      [root]  Heartbeat response received.
2026-04-22 10:41:59  INFO      [root]  Heartbeat response received.
2026-04-22 10:42:00  INFO      [root]  Heartbeat response received.
2026-04-22 10:42:01  INFO      [root]  Heartbeat response received.
2026-04-22 10:42:02  INFO      [root]  Heartbeat response received.
2026-04-22 10:42:03  INFO      [root]  Heartbeat response received.
2026-04-22 10:42:04  INFO      [root]  Heartbeat response received.
2026-04-22 10:42:06  INFO      [root]  Heartbeat response received.
2026-04-22 10:42:08  INFO      [root]  Heartbeat response received.
2026-04-22 10:42:10  INFO      [root]  Heartbeat response received.
2026-04-22 10:42:12  INFO      [root]  Heartbeat response received.
2026-04-22 10:42:14  INFO      [root]  Heartbeat response received.
2026-04-22 10:42:16  INFO      [root]  Heartbeat response received.
2026-04-22 10:42:18  INFO      [root]  Heartbeat response received.
2026-04-22 10:42:20  INFO      [root]  Heartbeat response received.
2026-04-22 10:42:22  INFO      [root]  Heartbeat response received.
2026-04-22 10:42:24  INFO      [root]  Heartbeat response received.
2026-04-22 10:42:26  INFO      [root]  Heartbeat response received.
2026-04-22 10:42:28  INFO      [root]  Heartbeat response received.
2026-04-22 10:42:30  INFO      [root]  Heartbeat response received.
2026-04-22 10:42:32  INFO      [root]  Heartbeat response received.
2026-04-22 10:42:34  INFO      [root]  Heartbeat response received.
2026-04-22 10:42:36  INFO      [root]  Heartbeat response received.
2026-04-22 10:42:37  DEBUG     [root]  Track video ended
2026-04-22 10:42:37  DEBUG     [root]  Track audio ended
2026-04-22 10:42:37  INFO      [root]  Data channel closed
2026-04-22 10:42:38  INFO      [root]  Heartbeat response received.
2026-04-22 10:42:40  WARNING   [unitree.backend]  ⚠️ [左] WebRTC 连接中断（closed），启动自动重连…
2026-04-22 10:42:40  INFO      [unitree.backend]  🔄 [左] 重连中 (1/3)…
2026-04-22 10:42:40  INFO      [unitree.backend]  [左] 旧连接已死（closed），创建新连接
2026-04-22 10:42:40  INFO      [unitree.backend]  ⏳ 正在连接 [左] (go2) @ 10.76.170.116…
2026-04-22 10:42:40  INFO      [root]  Creating offer...
2026-04-22 10:42:40  INFO      [root]  Trying to send SDP using the old method...
2026-04-22 10:42:43  INFO      [unitree.choreo]  添加步骤：角色=#2 Go2  动作=↻  右转 (速度0.6)  时长=3000ms
2026-04-22 10:43:01  ERROR     [root]  An error occurred: HTTPConnectionPool(host='10.76.170.116', port=8081): Max retries exceeded with url: /offer (Caused by ConnectTimeoutError(<HTTPConnection(host='10.76.170.116', port=8081) at 0x232cc95e690>, 'Connection to 10.76.170.116 timed out. (connect timeout=None)'))
2026-04-22 10:43:01  ERROR     [root]  An error occurred with the old method: Failed to receive SDP Answer: No response
2026-04-22 10:43:01  INFO      [root]  Falling back to the new method...
2026-04-22 10:43:03  ERROR     [root]  An error occurred: HTTPConnectionPool(host='10.76.170.116', port=9991): Max retries exceeded with url: /con_notify (Caused by NewConnectionError("HTTPConnection(host='10.76.170.116', port=9991): Failed to establish a new connection: [WinError 10061] 由于目标计算机积极拒绝，无法连接。"))
2026-04-22 10:43:03  ERROR     [root]  An error occurred with the new method: Failed to receive initial public key response.
2026-04-22 10:43:03  ERROR     [unitree.backend]  ❌ [左] 无法获取 SDP 应答，请检查机器人是否开机且在同一网络
2026-04-22 10:43:03  WARNING   [unitree.backend]  [左] 重连第 1 次失败: 新建连接失败
2026-04-22 10:43:03  DEBUG     [root]  Track audio ended
2026-04-22 10:43:03  DEBUG     [root]  Track video ended
2026-04-22 10:43:03  INFO      [root]  Data channel closed
2026-04-22 10:43:06  INFO      [unitree.backend]  🔄 [左] 重连中 (2/3)…
2026-04-22 10:43:06  INFO      [unitree.backend]  ⏳ 正在连接 [左] (go2) @ 10.76.170.116…
2026-04-22 10:43:06  INFO      [root]  Creating offer...
2026-04-22 10:43:06  INFO      [root]  Trying to send SDP using the old method...
2026-04-22 10:43:08  ERROR     [root]  An error occurred: HTTPConnectionPool(host='10.76.170.116', port=8081): Max retries exceeded with url: /offer (Caused by NewConnectionError("HTTPConnection(host='10.76.170.116', port=8081): Failed to establish a new connection: [WinError 10061] 由于目标计算机积极拒绝，无法连接。"))
2026-04-22 10:43:08  ERROR     [root]  An error occurred with the old method: Failed to receive SDP Answer: No response
2026-04-22 10:43:08  INFO      [root]  Falling back to the new method...
2026-04-22 10:43:09  DEBUG     [root]  Recieved con_notify response: {"data1":"VsFsqZzqKx4NOlKTaSFSM7JcXLkSypFcrCiPBdUcUzlATaV0qcCOoKocTNRptqlbkFut1u6QlOqEXtvatkpnUek0Ri1WLjGSjod3S2CHA28YtAGZxjoruGpH/+Jck4yq9pkqJBUOGrB2obcQNgl2yrl+a4Uj2mv/y2qVDakyKsF7WMcSVmbwW/k7IJM8sicCagGJ+qcFIYS3zyyaf1LOMt1l+e+7zOh4T39qwzGj+ofoi0/h4WuFjLBy+7zqpcW4Pu5V8ccYLhmaRjZTW/fU/q+2Wc0ZYgPjHKSAZ5ShGnN0JKvL3ln06rCDn16wXimaxo6ZHAkDyDYylKzypNx4Z46RyEdRcz95DvM0z2Pv0GK+VZ8FuRlVHwuMFopMVcApaFGAOsvhQhc1t6GpZX8JwiUtAfGDga+PMb3Gu51R4aFOXe3kL4vDeLkoIQGTzXO83kq9oOajYIj+FwoMUw+mzcCqy2kB7q5sCxwqlG0FBpnQmRDU1Rvnn6UdIlwVj/6WWNXC6yc6y+ikgBEEU8wPuWyCAsZvnIISPvACnK26jsf45J1buVOkKrCzNv8AMNN0eOC5r3aQKH8=","data2":2}
2026-04-22 10:43:09  INFO      [root]  con_notify: data2=2, data1 长度=588, data1 前 30 字符='VsFsqZzqKx4NOlKTaSFSM7JcXLkSyp', 后 30 字符='1buVOkKrCzNv8AMNN0eOC5r3aQKH8='
2026-04-22 10:43:09  INFO      [root]  con_notify 解密后: data1 长度=412, 前 30='sBQNpDxJG4MIIBIDANBgkqhkiG9w0B', 后 30='hcukAOsAeWAiFQIBEQ==8EYDDI2EDG'
2026-04-22 10:43:09  INFO      [root]  con_notify 解密后 FULL data1: 'sBQNpDxJG4MIIBIDANBgkqhkiG9w0BAQEFAAOCAQ0AMIIBCAKCAQEAtmbq/YwCcSldmdcQ9TAO5sDC3aQaaqS6aDlBYcmTfp4EOKbnBD+xsoS6Xk7Ex8wK6NC+bTBVYQApWC/PbUHUU/BOfkYNfv4NGGNt23/6tQqq0AZu44yFp1pHrph6ckG6TfycArtu1Iy89QUazC0SgUcwYRHRqSK8mgTxj7yIE/n0aW84s6ZurFPCWUmar1JG0cnU9sq0uvuwgv6zrtwP39WKO9nuW6lsDjrqa5UFpSpIeh0kJm4DgCySEmDB8ehC878H19QM6wThStvAu4qBVBiM8nu0ExZN/Olgj+16jVeojzJ1H5PARsiOx7bvLgnBX5eyS4bnhcukAOsAeWAiFQIBEQ==8EYDDI2EDG'
2026-04-22 10:43:09  DEBUG     [root]  _calc_local_path_ending: last_10='8EYDDI2EDG'  (full len=412)
2026-04-22 10:43:09  DEBUG     [root]  _calc_local_path_ending: result=43846
2026-04-22 10:43:09  INFO      [root]  提取公钥 FULL: 'MIIBIDANBgkqhkiG9w0BAQEFAAOCAQ0AMIIBCAKCAQEAtmbq/YwCcSldmdcQ9TAO5sDC3aQaaqS6aDlBYcmTfp4EOKbnBD+xsoS6Xk7Ex8wK6NC+bTBVYQApWC/PbUHUU/BOfkYNfv4NGGNt23/6tQqq0AZu44yFp1pHrph6ckG6TfycArtu1Iy89QUazC0SgUcwYRHRqSK8mgTxj7yIE/n0aW84s6ZurFPCWUmar1JG0cnU9sq0uvuwgv6zrtwP39WKO9nuW6lsDjrqa5UFpSpIeh0kJm4DgCySEmDB8ehC878H19QM6wThStvAu4qBVBiM8nu0ExZN/Olgj+16jVeojzJ1H5PARsiOx7bvLgnBX5eyS4bnhcukAOsAeWAiFQIBEQ=='
2026-04-22 10:43:09  INFO      [root]  提取公钥: pem 长度=392, path_ending=43846
2026-04-22 10:43:09  INFO      [root]  公钥 base64 解码: 长度=292 bytes, 前 16 bytes hex=30820120300d06092a864886f70d0101
2026-04-22 10:43:12  ERROR     [root]  An error occurred: ('Connection aborted.', RemoteDisconnected('Remote end closed connection without response'))
2026-04-22 10:43:12  ERROR     [root]  New method failed to send SDP.
2026-04-22 10:43:12  ERROR     [unitree.backend]  ❌ [左] 无法获取 SDP 应答，请检查机器人是否开机且在同一网络
2026-04-22 10:43:12  WARNING   [unitree.backend]  [左] 重连第 2 次失败: 新建连接失败
2026-04-22 10:43:12  WARNING   [unitree.backend]  ⚠️ [右] WebRTC 连接中断（closed），启动自动重连…
2026-04-22 10:43:12  INFO      [unitree.backend]  🔄 [右] 重连中 (1/3)…
2026-04-22 10:43:12  INFO      [unitree.backend]  [右] 旧连接已死（closed），创建新连接
2026-04-22 10:43:12  INFO      [unitree.backend]  ⏳ 正在连接 [右] (go2) @ 10.76.170.174…
2026-04-22 10:43:12  INFO      [root]  Creating offer...
2026-04-22 10:44:15  INFO      [unitree.choreo]  编排已保存：D:/机器狗测试/MultiRobot/dist/choreo_auto/新编排.json
2026-04-22 10:44:15  INFO      [unitree.backend]  [用户操作] 保存编排 | D:/机器狗测试/MultiRobot/dist/choreo_auto/新编排.json
2026-04-22 10:44:29  INFO      [unitree.backend]  [用户操作] 编排开始播放 | 新编排
2026-04-22 10:44:29  INFO      [unitree.backend]  [playback verbose] ON
2026-04-22 10:44:35  INFO      [unitree.backend]  [编排] 收尾停止 → ['3925157a', '4e9eae54']
2026-04-22 10:44:35  INFO      [unitree.backend]  [playback verbose] OFF
2026-04-22 10:44:35  INFO      [unitree.backend]  [用户操作] 编排播放完成 | 新编排
2026-04-22 10:44:56  INFO      [unitree.backend]  [playback verbose] OFF
2026-04-22 10:45:17  INFO      [unitree.ui]  [用户操作] 请求删除：['左', '右']
2026-04-22 10:45:19  INFO      [unitree.backend]  删除已保存机器人 cfg_id=fe447a89
2026-04-22 10:45:19  DEBUG     [unitree.backend]  配置已写入 C:\Users\ChenSanSui\.unitree_multicontrol\config.json
2026-04-22 10:45:19  INFO      [unitree.backend]  删除机器人：左 (robot_id=3925157a)
2026-04-22 10:45:19  INFO      [unitree.backend]  删除已保存机器人 cfg_id=11821444
2026-04-22 10:45:19  DEBUG     [unitree.backend]  配置已写入 C:\Users\ChenSanSui\.unitree_multicontrol\config.json
2026-04-22 10:45:19  INFO      [unitree.backend]  删除机器人：右 (robot_id=4e9eae54)
2026-04-22 10:45:22  INFO      [unitree.ui]  [用户操作] 点击扫描添加
2026-04-22 10:45:26  INFO      [unitree.backend]  覆盖保存 SN 列表：['B42D2000P4Q89986', 'B42D2000P45A5383']
2026-04-22 10:45:26  DEBUG     [unitree.backend]  配置已写入 C:\Users\ChenSanSui\.unitree_multicontrol\config.json
2026-04-22 10:46:14  INFO      [unitree.ui]  应用关闭，断开所有连接
2026-04-22 10:46:14  INFO      [unitree.backend]  RobotManager 关闭，断开所有连接…
2026-04-22 10:46:17  INFO      [unitree.app]  应用退出，code=0
2026-04-22 10:46:22  INFO      [unitree.backend]  ============================================================
2026-04-22 10:46:22  INFO      [unitree.backend]  Unitree 多机器人控制台 启动  log→D:\机器狗测试\MultiRobot\dist\logs\app.log
2026-04-22 10:46:22  INFO      [unitree.backend]  ============================================================
2026-04-22 10:46:23  INFO      [unitree.app]  Qt 应用启动  Python=3.13.12 (tags/v3.13.12:1cbe481, Feb  3 2026, 18:22:25) [MSC v.1944 64 bit (AMD64)]  Platform=win32
2026-04-22 10:46:23  INFO      [unitree.backend]  加载配置成功，saved_robots=7
2026-04-22 10:46:23  INFO      [unitree.backend]  ConfigManager 初始化，配置文件：C:\Users\ChenSanSui\.unitree_multicontrol\config.json
2026-04-22 10:46:23  INFO      [unitree.ui]  主窗口初始化完成，日志文件：D:\机器狗测试\MultiRobot\dist\logs\app.log
2026-04-22 10:46:23  INFO      [unitree.app]  主窗口已显示
2026-04-22 10:47:01  INFO      [unitree.ui]  [用户操作] 点击快速连接
2026-04-22 10:47:13  INFO      [unitree.ui]  应用关闭，断开所有连接
2026-04-22 10:47:13  INFO      [unitree.backend]  RobotManager 关闭，断开所有连接…
2026-04-22 10:47:13  INFO      [unitree.app]  应用退出，code=0
2026-04-22 10:47:17  INFO      [unitree.backend]  ============================================================
2026-04-22 10:47:17  INFO      [unitree.backend]  Unitree 多机器人控制台 启动  log→D:\机器狗测试\MultiRobot\dist\logs\app.log
2026-04-22 10:47:17  INFO      [unitree.backend]  ============================================================
2026-04-22 10:47:18  INFO      [unitree.app]  Qt 应用启动  Python=3.13.12 (tags/v3.13.12:1cbe481, Feb  3 2026, 18:22:25) [MSC v.1944 64 bit (AMD64)]  Platform=win32
2026-04-22 10:47:18  INFO      [unitree.backend]  加载配置成功，saved_robots=7
2026-04-22 10:47:18  INFO      [unitree.backend]  ConfigManager 初始化，配置文件：C:\Users\ChenSanSui\.unitree_multicontrol\config.json
2026-04-22 10:47:18  INFO      [unitree.ui]  主窗口初始化完成，日志文件：D:\机器狗测试\MultiRobot\dist\logs\app.log
2026-04-22 10:47:18  INFO      [unitree.app]  主窗口已显示
2026-04-22 10:47:25  INFO      [unitree.ui]  [用户操作] 点击快速连接
2026-04-22 10:47:34  INFO      [unitree.ui]  [用户操作] 点击扫描添加
2026-04-22 10:47:35  INFO      [unitree.backend]  覆盖保存 SN 列表：['B42D2000P4Q89986', 'B42D2000P45A5383']
2026-04-22 10:47:35  DEBUG     [unitree.backend]  配置已写入 C:\Users\ChenSanSui\.unitree_multicontrol\config.json
2026-04-22 10:47:35  INFO      [unitree.backend]  开始网络扫描，timeout=3.0s
2026-04-22 10:47:38  INFO      [unitree.backend]  扫描完成，发现 0 台设备：{}
2026-04-22 10:47:49  INFO      [unitree.backend]  覆盖保存 SN 列表：['B42D2000P4Q89986', 'B42D2000P45A5383']
2026-04-22 10:47:49  DEBUG     [unitree.backend]  配置已写入 C:\Users\ChenSanSui\.unitree_multicontrol\config.json
2026-04-22 10:47:49  INFO      [unitree.backend]  开始网络扫描，timeout=3.0s
2026-04-22 10:47:49  INFO      [unitree.backend]  扫描发现设备: SN=B42D2000P4Q89986 IP=10.76.170.116
2026-04-22 10:47:50  INFO      [unitree.backend]  扫描发现设备: SN=B42D2000P45A5383 IP=10.76.170.174
2026-04-22 10:47:52  INFO      [unitree.backend]  扫描完成，发现 2 台设备：{'B42D2000P4Q89986': '10.76.170.116', 'B42D2000P45A5383': '10.76.170.174'}
2026-04-22 10:47:56  INFO      [unitree.ui]  [用户操作] 扫描添加：name=Q89986 type=go2 ip=10.76.170.116 sn=B42D2000P4Q89986
2026-04-22 10:47:56  DEBUG     [unitree.backend]  配置已写入 C:\Users\ChenSanSui\.unitree_multicontrol\config.json
2026-04-22 10:47:56  INFO      [unitree.backend]  更新已保存机器人：Q89986 (SN=B42D2000P4Q89986)
2026-04-22 10:47:56  INFO      [unitree.backend]  添加机器人：name=Q89986 type=go2 ip=10.76.170.116 sn=B42D2000P4Q89986 robot_id=139ed91f
2026-04-22 10:47:56  INFO      [unitree.ui]  [用户操作] 扫描添加：name=5A5383 type=go2 ip=10.76.170.174 sn=B42D2000P45A5383
2026-04-22 10:47:56  INFO      [unitree.backend]  ⏳ 正在连接 [Q89986] (go2) @ 10.76.170.116…
2026-04-22 10:47:56  INFO      [root]  Creating offer...
2026-04-22 10:47:56  INFO      [root]  Trying to send SDP using the old method...
2026-04-22 10:47:57  DEBUG     [unitree.backend]  配置已写入 C:\Users\ChenSanSui\.unitree_multicontrol\config.json
2026-04-22 10:47:57  INFO      [unitree.backend]  更新已保存机器人：5A5383 (SN=B42D2000P45A5383)
2026-04-22 10:47:57  INFO      [unitree.backend]  添加机器人：name=5A5383 type=go2 ip=10.76.170.174 sn=B42D2000P45A5383 robot_id=a7ef9574
2026-04-22 10:47:59  ERROR     [root]  An error occurred: HTTPConnectionPool(host='10.76.170.116', port=8081): Max retries exceeded with url: /offer (Caused by NewConnectionError("HTTPConnection(host='10.76.170.116', port=8081): Failed to establish a new connection: [WinError 10061] 由于目标计算机积极拒绝，无法连接。"))
2026-04-22 10:47:59  ERROR     [root]  An error occurred with the old method: Failed to receive SDP Answer: No response
2026-04-22 10:47:59  INFO      [root]  Falling back to the new method...
2026-04-22 10:47:59  DEBUG     [root]  Recieved con_notify response: {"data1":"wD/4goiW0v7gH6BfSN+tRLOheIw/OJxzQRadAZoKcrBirlZswXZtMr+Pggkqn2pFZRUq8ayDAzvX7vPUMbxls5VARKT/2NFxdSv81c2IUfJDLSf+toDCPAPWgsLuzNSiwhl8SWH0Si+7RqksI6E5OSsRx2iY7D+1lStbLfY3hA7HFsM9koKSrU3+q51LvJQIhl7g3A0JZm1mgGFD8flGrSVamuXk1F7usL3VYoyfFKdw359b5XiArZ9zdjH3MrluIc3faO6BViywHVcwW2yxSI5f5nI8y/4jtf4j3MHd00sdEJZxrATNJmR9zjToLczpyRHPcGmFt++xsjb5saXHMQ1BdnnWVlLv4WUY3inSdxyF9fLK3RruHeyC4ZU5bTtY2q+yICetTCLQkNZtCNwnel0WwDa0+uDtAvYHnK2rvggXws6StVEcULKeUJTsC3CYjWNLoC3otQXA7tnZf76JpgGMUU9WJ+rVI3tTryDqdAx0JSQxXrO+biwYcdt+Xh60KMERkQFwcnfeczKaj9q54tZi4XXJc6fDKiqXlkQ2Onvt3N4b/Am+GA//rHMIR8hoJriDyFnuyfQ=","data2":2}
2026-04-22 10:47:59  INFO      [root]  con_notify: data2=2, data1 长度=588, data1 前 30 字符='wD/4goiW0v7gH6BfSN+tRLOheIw/OJ', 后 30 字符='4b/Am+GA//rHMIR8hoJriDyFnuyfQ='
2026-04-22 10:47:59  INFO      [root]  con_notify 解密后: data1 长度=412, 前 30='vPyxvO36yEMIIBIDANBgkqhkiG9w0B', 后 30='dTEU1qqscDgGPQIBEQ==3CPDKJJGJG'
2026-04-22 10:47:59  INFO      [root]  con_notify 解密后 FULL data1: 'vPyxvO36yEMIIBIDANBgkqhkiG9w0BAQEFAAOCAQ0AMIIBCAKCAQEAnVpgW5nTBwyt4l+BHJhmS1EL0JbqWJgkRNg8f/UGc+zimhu1SyF2VciRk8P767qDlUCGsRwGLcjyPgoR+EG6SOrmbEvEuXtOQZo+TryV5DqQ8Ttf6IAu+0MLr4w17JXDbZYqI7c9l/v1gwVC4kDgDXurcZIY4Fgf/5POQFstGAUfCzq7cpQBfHqGEPGW3a4IHLbdqtR+uvXiGjSDD6ps9Bg4+40yVuzaDKtI9SWgDO3u5aLHE8u15P9lnRWUOukC5/tkmlokYbAaxzwhuuYoBaHD2yjInOn66HfRPtmc45/wn45cMpNQCQ54kblsvbZZ8LceVZihdTEU1qqscDgGPQIBEQ==3CPDKJJGJG'
2026-04-22 10:47:59  DEBUG     [root]  _calc_local_path_ending: last_10='3CPDKJJGJG'  (full len=412)
2026-04-22 10:47:59  DEBUG     [root]  _calc_local_path_ending: result=23966
2026-04-22 10:47:59  INFO      [root]  提取公钥 FULL: 'MIIBIDANBgkqhkiG9w0BAQEFAAOCAQ0AMIIBCAKCAQEAnVpgW5nTBwyt4l+BHJhmS1EL0JbqWJgkRNg8f/UGc+zimhu1SyF2VciRk8P767qDlUCGsRwGLcjyPgoR+EG6SOrmbEvEuXtOQZo+TryV5DqQ8Ttf6IAu+0MLr4w17JXDbZYqI7c9l/v1gwVC4kDgDXurcZIY4Fgf/5POQFstGAUfCzq7cpQBfHqGEPGW3a4IHLbdqtR+uvXiGjSDD6ps9Bg4+40yVuzaDKtI9SWgDO3u5aLHE8u15P9lnRWUOukC5/tkmlokYbAaxzwhuuYoBaHD2yjInOn66HfRPtmc45/wn45cMpNQCQ54kblsvbZZ8LceVZihdTEU1qqscDgGPQIBEQ=='
2026-04-22 10:47:59  INFO      [root]  提取公钥: pem 长度=392, path_ending=23966
2026-04-22 10:47:59  INFO      [root]  公钥 base64 解码: 长度=292 bytes, 前 16 bytes hex=30820120300d06092a864886f70d0101
2026-04-22 10:47:59  DEBUG     [root]  Recieved con_ing_23966 response: {"type":"answer","sdp":"v=0\r\no=- 1360103182 2 IN IP4 127.0.0.1\r\ns=-\r\nt=0 0\r\na=group:BUNDLE 0 1 2\r\na=msid-semantic: WMS myKvsVideoStream\r\nm=audio 9 UDP/TLS/RTP/SAVPF 96\r\nc=IN IP4 127.0.0.1\r\na=candidate:2 1 udp 2130706431 240E:047C:06B1:4231:AE30:60F6:764C:3046 33091 typ host raddr ::/0 rport 0 generation 0 network-cost 999\r\na=candidate:1 1 udp 2130706431 240E:047C:06B1:4231:2DFA:189E:BFF2:66D1 51286 typ host raddr ::/0 rport 0 generation 0 network-cost 999\r\na=candidate:0 1 udp 2130706431 10.76.170.116 55678 typ host raddr 0.0.0.0 rport 0 generation 0 network-cost 999\r\na=msid:unitreeMediaStream unitreeAudioTrack\r\na=ssrc:2090324795 cname:0jrbu+pxwgX1XxKR\r\na=ssrc:2090324795 msid:unitreeMediaStream unitreeAudioTrack\r\na=ssrc:2090324795 mslabel:unitreeMediaStream\r\na=ssrc:2090324795 label:unitreeAudioTrack\r\na=rtcp:9 IN IP4 0.0.0.0\r\na=ice-ufrag:bA9E\r\na=ice-pwd:3ytb7tQJvNCX4w+FCKoBaYv2\r\na=ice-options:trickle\r\na=fingerprint:sha-256 BB:BC:FA:E7:FE:CD:2D:79:18:67:48:E0:AE:F6:68:E7:A2:D2:58:C1:81:0B:0A:C8:02:37:87:58:F6:20:C6:BC\r\na=setup:active\r\na=mid:0\r\na=sendrecv\r\na=rtcp-mux\r\na=rtcp-rsize\r\na=rtpmap:96 opus/48000/2\r\na=rtcp-fb:96 nack\r\na=rtcp-fb:96 goog-remb\r\nm=video 9 UDP/TLS/RTP/SAVPF 101\r\nc=IN IP4 127.0.0.1\r\na=candidate:2 1 udp 2130706431 240E:047C:06B1:4231:AE30:60F6:764C:3046 33091 typ host raddr ::/0 rport 0 generation 0 network-cost 999\r\na=candidate:1 1 udp 2130706431 240E:047C:06B1:4231:2DFA:189E:BFF2:66D1 51286 typ host raddr ::/0 rport 0 generation 0 network-cost 999\r\na=candidate:0 1 udp 2130706431 10.76.170.116 55678 typ host raddr 0.0.0.0 rport 0 generation 0 network-cost 999\r\na=msid:unitreeMediaStream unitreeVideoTrack\r\na=ssrc:1203574059 cname:0jrbu+pxwgX1XxKR\r\na=ssrc:1203574059 msid:unitreeMediaStream unitreeVideoTrack\r\na=ssrc:1203574059 mslabel:unitreeMediaStream\r\na=ssrc:1203574059 label:unitreeVideoTrack\r\na=rtcp:9 IN IP4 0.0.0.0\r\na=ice-ufrag:bA9E\r\na=ice-pwd:3ytb7tQJvNCX4w+FCKoBaYv2\r\na=ice-options:trickle\r\na=fingerprint:sha-256 BB:BC:FA:E7:FE:CD:2D:79:18:67:48:E0:AE:F6:68:E7:A2:D2:58:C1:81:0B:0A:C8:02:37:87:58:F6:20:C6:BC\r\na=setup:active\r\na=mid:1\r\na=sendonly\r\na=rtcp-mux\r\na=rtcp-rsize\r\na=rtpmap:101 H264/90000\r\na=fmtp:101 level-asymmetry-allowed=1;packetization-mode=1;profile-level-id=42e01f\r\na=rtcp-fb:101 nack\r\na=rtcp-fb:101 goog-remb\r\nm=application 9 UDP/DTLS/SCTP webrtc-datachannel\r\nc=IN IP4 127.0.0.1\r\na=candidate:2 1 udp 2130706431 240E:047C:06B1:4231:AE30:60F6:764C:3046 33091 typ host raddr ::/0 rport 0 generation 0 network-cost 999\r\na=candidate:1 1 udp 2130706431 240E:047C:06B1:4231:2DFA:189E:BFF2:66D1 51286 typ host raddr ::/0 rport 0 generation 0 network-cost 999\r\na=candidate:0 1 udp 2130706431 10.76.170.116 55678 typ host raddr 0.0.0.0 rport 0 generation 0 network-cost 999\r\na=rtcp:9 IN IP4 0.0.0.0\r\na=ice-ufrag:bA9E\r\na=ice-pwd:3ytb7tQJvNCX4w+FCKoBaYv2\r\na=fingerprint:sha-256 BB:BC:FA:E7:FE:CD:2D:79:18:67:48:E0:AE:F6:68:E7:A2:D2:58:C1:81:0B:0A:C8:02:37:87:58:F6:20:C6:BC\r\na=setup:active\r\na=mid:2\r\na=sctp-port:5000\r\n","id":"STA_localNetwork"}
2026-04-22 10:47:59  INFO      [root]  SDP successfully sent using the new method.
2026-04-22 10:47:59  INFO      [unitree.backend]  ⏳ 正在连接 [5A5383] (go2) @ 10.76.170.174…
2026-04-22 10:47:59  INFO      [root]  Creating offer...
2026-04-22 10:47:59  INFO      [root]  Trying to send SDP using the old method...
2026-04-22 10:48:01  ERROR     [root]  An error occurred: HTTPConnectionPool(host='10.76.170.174', port=8081): Max retries exceeded with url: /offer (Caused by NewConnectionError("HTTPConnection(host='10.76.170.174', port=8081): Failed to establish a new connection: [WinError 10061] 由于目标计算机积极拒绝，无法连接。"))
2026-04-22 10:48:01  ERROR     [root]  An error occurred with the old method: Failed to receive SDP Answer: No response
2026-04-22 10:48:01  INFO      [root]  Falling back to the new method...
2026-04-22 10:48:01  DEBUG     [root]  Recieved con_notify response: {"data1":"r6T5RSdsTFDkh2zDHTZG+wIAt5lHMQucaWvHHR3yiqFIYcul46RJVR56dLqlguERh0h45NDOjs5NW4L/BKbHgLHbq20PAsF+XY1OtVVsvxa9zSfPghpoNyi1zMq9/w5H+CPiU5QgeiygtXQSLkkCsCiqM1npFv1toz65ft3hayij2jX8AHOzh5JxlB92RcgiMbKiTA6JHI1opW0NrsCNMCxSET76OHAQoR4HEnKD2Dqepefn4I1zqQujKu3I9OVcXK8xMsirHYAt4EvS/+J/wtkgtkbm/06XrRauUhx/caKbepXIu1QKYkgEFLTLootVr3GiEU1ip5jpGzb11Em49k+Dk/3Q1pGyvYgLAZLr8PkqLR8cdEFOZBlU38+aknjIh7GHobxpLL4wQq8lhbGOtaShDlbnVm2aMbFKV1tllarXGOUIancjlgj3efkYJaBfUnaP0pkLPPrhX/9XyWG6WfDZwGisfMb72crnA/h/OsqKp8kZHpLn9bWwZbEvMpVRDQGKumsfcnQRgrYBYzgnjUq7qhnshcEgwJsXdUa2Rhqlg2L69x15IEkYlS/MNRAMYJGJO0dH2aE=","data2":2}
2026-04-22 10:48:01  INFO      [root]  con_notify: data2=2, data1 长度=588, data1 前 30 字符='r6T5RSdsTFDkh2zDHTZG+wIAt5lHMQ', 后 30 字符='L69x15IEkYlS/MNRAMYJGJO0dH2aE='
2026-04-22 10:48:01  INFO      [root]  con_notify 解密后: data1 长度=412, 前 30='V7wvBJjPROMIIBIDANBgkqhkiG9w0B', 后 30='qApuYeR0a/+1oQIBEQ==UEKEVIDJCJ'
2026-04-22 10:48:01  INFO      [root]  con_notify 解密后 FULL data1: 'V7wvBJjPROMIIBIDANBgkqhkiG9w0BAQEFAAOCAQ0AMIIBCAKCAQEAqMOqjmswoVaLVxiRECwTYbN25R4pmAarwRLCeO6GB8ZCL4ZzFXlE0LuRNbAVuiE6AEQkCFIogREVnbTCYmO5zoCNYxTYYzzPC2IJXPyC5fzMmM7iFtoEmpz9Bf7g5mP1xTNK4tbv0EQb7Op3qf07g8V+Rly2JdXb9bxBBUqUC29YlFWCP/gJJimRSbOXJ5fe7wm+/i2s3sajjg0Zh/5CewmLGoQPlbNIjer35yfwBVh25O5lf7KsvAb4m6dhENQOwCAO3+3IYJp08izndTXPQf727CBJBGELUwRWIFU+tsUE5qz18m+H2ojJUgPp6UxweePkf3ssqApuYeR0a/+1oQIBEQ==UEKEVIDJCJ'
2026-04-22 10:48:01  DEBUG     [root]  _calc_local_path_ending: last_10='UEKEVIDJCJ'  (full len=412)
2026-04-22 10:48:01  DEBUG     [root]  _calc_local_path_ending: result=44899
2026-04-22 10:48:01  INFO      [root]  提取公钥 FULL: 'MIIBIDANBgkqhkiG9w0BAQEFAAOCAQ0AMIIBCAKCAQEAqMOqjmswoVaLVxiRECwTYbN25R4pmAarwRLCeO6GB8ZCL4ZzFXlE0LuRNbAVuiE6AEQkCFIogREVnbTCYmO5zoCNYxTYYzzPC2IJXPyC5fzMmM7iFtoEmpz9Bf7g5mP1xTNK4tbv0EQb7Op3qf07g8V+Rly2JdXb9bxBBUqUC29YlFWCP/gJJimRSbOXJ5fe7wm+/i2s3sajjg0Zh/5CewmLGoQPlbNIjer35yfwBVh25O5lf7KsvAb4m6dhENQOwCAO3+3IYJp08izndTXPQf727CBJBGELUwRWIFU+tsUE5qz18m+H2ojJUgPp6UxweePkf3ssqApuYeR0a/+1oQIBEQ=='
2026-04-22 10:48:01  INFO      [root]  提取公钥: pem 长度=392, path_ending=44899
2026-04-22 10:48:01  INFO      [root]  公钥 base64 解码: 长度=292 bytes, 前 16 bytes hex=30820120300d06092a864886f70d0101
2026-04-22 10:48:01  DEBUG     [root]  Recieved con_ing_44899 response: {"type":"answer","sdp":"v=0\r\no=- 143758273 2 IN IP4 127.0.0.1\r\ns=-\r\nt=0 0\r\na=group:BUNDLE 0 1 2\r\na=msid-semantic: WMS myKvsVideoStream\r\nm=audio 9 UDP/TLS/RTP/SAVPF 96\r\nc=IN IP4 127.0.0.1\r\na=candidate:2 1 udp 2130706431 240E:047C:06B1:4231:555C:42C6:9F03:FF3E 41032 typ host raddr ::/0 rport 0 generation 0 network-cost 999\r\na=candidate:1 1 udp 2130706431 240E:047C:06B1:4231:0A92:B1B6:B703:3774 49929 typ host raddr ::/0 rport 0 generation 0 network-cost 999\r\na=candidate:0 1 udp 2130706431 10.76.170.174 48763 typ host raddr 0.0.0.0 rport 0 generation 0 network-cost 999\r\na=msid:unitreeMediaStream unitreeAudioTrack\r\na=ssrc:156566227 cname:t+EK1NvMC3S4KAG+\r\na=ssrc:156566227 msid:unitreeMediaStream unitreeAudioTrack\r\na=ssrc:156566227 mslabel:unitreeMediaStream\r\na=ssrc:156566227 label:unitreeAudioTrack\r\na=rtcp:9 IN IP4 0.0.0.0\r\na=ice-ufrag:T39a\r\na=ice-pwd:LrA6tHkCfxEr+ixAgiOJ2swl\r\na=ice-options:trickle\r\na=fingerprint:sha-256 06:AC:4E:A7:42:F4:79:6D:EC:4B:11:04:1A:83:AA:7A:7E:C7:37:E2:52:38:2B:18:94:8F:6A:8F:E7:6F:9C:AF\r\na=setup:active\r\na=mid:0\r\na=sendrecv\r\na=rtcp-mux\r\na=rtcp-rsize\r\na=rtpmap:96 opus/48000/2\r\na=rtcp-fb:96 nack\r\na=rtcp-fb:96 goog-remb\r\nm=video 9 UDP/TLS/RTP/SAVPF 101\r\nc=IN IP4 127.0.0.1\r\na=candidate:2 1 udp 2130706431 240E:047C:06B1:4231:555C:42C6:9F03:FF3E 41032 typ host raddr ::/0 rport 0 generation 0 network-cost 999\r\na=candidate:1 1 udp 2130706431 240E:047C:06B1:4231:0A92:B1B6:B703:3774 49929 typ host raddr ::/0 rport 0 generation 0 network-cost 999\r\na=candidate:0 1 udp 2130706431 10.76.170.174 48763 typ host raddr 0.0.0.0 rport 0 generation 0 network-cost 999\r\na=msid:unitreeMediaStream unitreeVideoTrack\r\na=ssrc:1794164098 cname:t+EK1NvMC3S4KAG+\r\na=ssrc:1794164098 msid:unitreeMediaStream unitreeVideoTrack\r\na=ssrc:1794164098 mslabel:unitreeMediaStream\r\na=ssrc:1794164098 label:unitreeVideoTrack\r\na=rtcp:9 IN IP4 0.0.0.0\r\na=ice-ufrag:T39a\r\na=ice-pwd:LrA6tHkCfxEr+ixAgiOJ2swl\r\na=ice-options:trickle\r\na=fingerprint:sha-256 06:AC:4E:A7:42:F4:79:6D:EC:4B:11:04:1A:83:AA:7A:7E:C7:37:E2:52:38:2B:18:94:8F:6A:8F:E7:6F:9C:AF\r\na=setup:active\r\na=mid:1\r\na=sendonly\r\na=rtcp-mux\r\na=rtcp-rsize\r\na=rtpmap:101 H264/90000\r\na=fmtp:101 level-asymmetry-allowed=1;packetization-mode=1;profile-level-id=42e01f\r\na=rtcp-fb:101 nack\r\na=rtcp-fb:101 goog-remb\r\nm=application 9 UDP/DTLS/SCTP webrtc-datachannel\r\nc=IN IP4 127.0.0.1\r\na=candidate:2 1 udp 2130706431 240E:047C:06B1:4231:555C:42C6:9F03:FF3E 41032 typ host raddr ::/0 rport 0 generation 0 network-cost 999\r\na=candidate:1 1 udp 2130706431 240E:047C:06B1:4231:0A92:B1B6:B703:3774 49929 typ host raddr ::/0 rport 0 generation 0 network-cost 999\r\na=candidate:0 1 udp 2130706431 10.76.170.174 48763 typ host raddr 0.0.0.0 rport 0 generation 0 network-cost 999\r\na=rtcp:9 IN IP4 0.0.0.0\r\na=ice-ufrag:T39a\r\na=ice-pwd:LrA6tHkCfxEr+ixAgiOJ2swl\r\na=fingerprint:sha-256 06:AC:4E:A7:42:F4:79:6D:EC:4B:11:04:1A:83:AA:7A:7E:C7:37:E2:52:38:2B:18:94:8F:6A:8F:E7:6F:9C:AF\r\na=setup:active\r\na=mid:2\r\na=sctp-port:5000\r\n","id":"STA_localNetwork"}
2026-04-22 10:48:01  INFO      [root]  SDP successfully sent using the new method.
2026-04-22 10:48:01  INFO      [root]  Track recieved: audio
2026-04-22 10:48:01  INFO      [root]  Track recieved: video
2026-04-22 10:48:01  INFO      [root]  Track recieved: audio
2026-04-22 10:48:01  INFO      [root]  Track recieved: video
2026-04-22 10:48:01  INFO      [root]  Data channel opened
2026-04-22 10:48:01  INFO      [root]  Validation succeed
2026-04-22 10:48:01  INFO      [root]  Data channel opened
2026-04-22 10:48:01  INFO      [root]  Validation succeed
2026-04-22 10:48:02  INFO      [root]  Network status message received.
2026-04-22 10:48:02  INFO      [root]  Network status message received.
2026-04-22 10:48:03  INFO      [unitree.backend]  ✅ [Q89986] 连接成功！  IP=10.76.170.116  type=go2
2026-04-22 10:48:03  INFO      [unitree.backend]  [Q89986] 已订阅 LOW_STATE
2026-04-22 10:48:03  INFO      [unitree.backend]  ✅ [5A5383] 连接成功！  IP=10.76.170.174  type=go2
2026-04-22 10:48:03  INFO      [unitree.backend]  [5A5383] 已订阅 LOW_STATE
2026-04-22 10:48:03  INFO      [root]  Network status message received.
2026-04-22 10:48:03  INFO      [root]  Heartbeat response received.
2026-04-22 10:48:03  INFO      [root]  Heartbeat response received.
2026-04-22 10:48:03  INFO      [root]  Network status message received.
2026-04-22 10:48:04  INFO      [root]  Network status message received.
2026-04-22 10:48:05  INFO      [root]  Network status message received.
2026-04-22 10:48:05  INFO      [root]  Network status message received.
2026-04-22 10:48:05  INFO      [root]  Heartbeat response received.
2026-04-22 10:48:05  INFO      [root]  Heartbeat response received.
2026-04-22 10:48:07  INFO      [root]  Heartbeat response received.
2026-04-22 10:48:07  INFO      [root]  Heartbeat response received.
2026-04-22 10:48:09  INFO      [root]  Heartbeat response received.
2026-04-22 10:48:09  INFO      [root]  Heartbeat response received.
2026-04-22 10:48:11  INFO      [root]  Heartbeat response received.
2026-04-22 10:48:11  INFO      [root]  Heartbeat response received.
2026-04-22 10:48:13  INFO      [root]  Heartbeat response received.
2026-04-22 10:48:14  INFO      [root]  Heartbeat response received.
2026-04-22 10:48:15  INFO      [root]  Heartbeat response received.
2026-04-22 10:48:16  INFO      [root]  Heartbeat response received.
2026-04-22 10:48:17  INFO      [root]  Heartbeat response received.
2026-04-22 10:48:18  INFO      [root]  Heartbeat response received.
2026-04-22 10:48:19  INFO      [root]  Heartbeat response received.
2026-04-22 10:48:20  INFO      [root]  Heartbeat response received.
2026-04-22 10:48:21  INFO      [root]  Heartbeat response received.
2026-04-22 10:48:22  INFO      [root]  Heartbeat response received.
2026-04-22 10:48:23  INFO      [root]  Heartbeat response received.
2026-04-22 10:48:24  INFO      [root]  Heartbeat response received.
2026-04-22 10:48:25  INFO      [root]  Heartbeat response received.
2026-04-22 10:48:26  INFO      [root]  Heartbeat response received.
2026-04-22 10:48:27  INFO      [root]  Heartbeat response received.
2026-04-22 10:48:28  INFO      [root]  Heartbeat response received.
2026-04-22 10:48:29  INFO      [root]  Heartbeat response received.
2026-04-22 10:48:30  INFO      [root]  Heartbeat response received.
2026-04-22 10:48:31  INFO      [root]  Heartbeat response received.
2026-04-22 10:48:32  INFO      [root]  Heartbeat response received.
2026-04-22 10:48:33  INFO      [root]  Heartbeat response received.
2026-04-22 10:48:34  INFO      [root]  Heartbeat response received.
2026-04-22 10:48:35  INFO      [root]  Heartbeat response received.
2026-04-22 10:48:36  INFO      [root]  Heartbeat response received.
2026-04-22 10:48:37  INFO      [root]  Heartbeat response received.
2026-04-22 10:48:38  INFO      [root]  Heartbeat response received.
2026-04-22 10:48:39  INFO      [root]  Heartbeat response received.
2026-04-22 10:48:40  INFO      [root]  Heartbeat response received.
2026-04-22 10:48:41  INFO      [root]  Heartbeat response received.
2026-04-22 10:48:42  INFO      [root]  Heartbeat response received.
2026-04-22 10:48:43  INFO      [root]  Heartbeat response received.
2026-04-22 10:48:44  INFO      [root]  Heartbeat response received.
2026-04-22 10:48:45  INFO      [root]  Heartbeat response received.
2026-04-22 10:48:46  INFO      [root]  Heartbeat response received.
2026-04-22 10:48:47  INFO      [root]  Heartbeat response received.
2026-04-22 10:48:48  INFO      [root]  Heartbeat response received.
2026-04-22 10:48:49  INFO      [root]  Heartbeat response received.
2026-04-22 10:48:50  INFO      [root]  Heartbeat response received.
2026-04-22 10:48:51  INFO      [unitree.ui]  [用户操作] 打开编排编辑器
2026-04-22 10:48:51  INFO      [root]  Heartbeat response received.
2026-04-22 10:48:52  INFO      [root]  Heartbeat response received.
2026-04-22 10:48:53  INFO      [root]  Heartbeat response received.
2026-04-22 10:48:54  INFO      [root]  Heartbeat response received.
2026-04-22 10:48:55  INFO      [root]  Heartbeat response received.
2026-04-22 10:48:56  INFO      [unitree.choreo]  添加步骤：角色=#1 Go2  动作=▲ 前进 (速度0.6)  时长=3000ms
2026-04-22 10:48:56  INFO      [root]  Heartbeat response received.
2026-04-22 10:48:57  INFO      [root]  Heartbeat response received.
2026-04-22 10:48:58  INFO      [root]  Heartbeat response received.
2026-04-22 10:48:59  INFO      [root]  Heartbeat response received.
2026-04-22 10:49:00  INFO      [root]  Heartbeat response received.
2026-04-22 10:49:02  INFO      [root]  Heartbeat response received.
2026-04-22 10:49:02  INFO      [root]  Heartbeat response received.
2026-04-22 10:49:04  INFO      [root]  Heartbeat response received.
2026-04-22 10:49:04  INFO      [root]  Heartbeat response received.
2026-04-22 10:49:06  INFO      [root]  Heartbeat response received.
2026-04-22 10:49:06  INFO      [root]  Heartbeat response received.
2026-04-22 10:49:08  INFO      [root]  Heartbeat response received.
2026-04-22 10:49:08  INFO      [root]  Heartbeat response received.
2026-04-22 10:49:10  INFO      [root]  Heartbeat response received.
2026-04-22 10:49:10  INFO      [root]  Heartbeat response received.
2026-04-22 10:49:12  INFO      [root]  Heartbeat response received.
2026-04-22 10:49:12  INFO      [root]  Heartbeat response received.
2026-04-22 10:49:13  INFO      [unitree.choreo]  编排已加载：D:/机器狗测试/MultiRobot/dist/choreo_auto/新编排.json  tracks=2
2026-04-22 10:49:13  INFO      [unitree.backend]  [用户操作] 加载编排 | D:/机器狗测试/MultiRobot/dist/choreo_auto/新编排.json
2026-04-22 10:49:14  INFO      [root]  Heartbeat response received.
2026-04-22 10:49:14  INFO      [root]  Heartbeat response received.
2026-04-22 10:49:16  INFO      [root]  Heartbeat response received.
2026-04-22 10:49:16  INFO      [root]  Heartbeat response received.
2026-04-22 10:49:18  INFO      [root]  Heartbeat response received.
2026-04-22 10:49:18  INFO      [root]  Heartbeat response received.
2026-04-22 10:49:20  INFO      [root]  Heartbeat response received.
2026-04-22 10:49:20  INFO      [root]  Heartbeat response received.
2026-04-22 10:49:22  INFO      [root]  Heartbeat response received.
2026-04-22 10:49:22  INFO      [root]  Heartbeat response received.
2026-04-22 10:49:24  INFO      [root]  Heartbeat response received.
2026-04-22 10:49:24  INFO      [root]  Heartbeat response received.
2026-04-22 10:49:26  INFO      [root]  Heartbeat response received.
2026-04-22 10:49:26  INFO      [root]  Heartbeat response received.
2026-04-22 10:49:28  INFO      [root]  Heartbeat response received.
2026-04-22 10:49:28  INFO      [root]  Heartbeat response received.
2026-04-22 10:49:30  INFO      [root]  Heartbeat response received.
2026-04-22 10:49:30  INFO      [root]  Heartbeat response received.
2026-04-22 10:49:32  INFO      [root]  Heartbeat response received.
2026-04-22 10:49:32  INFO      [root]  Heartbeat response received.
2026-04-22 10:49:34  INFO      [root]  Heartbeat response received.
2026-04-22 10:49:34  INFO      [root]  Heartbeat response received.
2026-04-22 10:49:36  INFO      [root]  Heartbeat response received.
2026-04-22 10:49:36  INFO      [root]  Heartbeat response received.
2026-04-22 10:49:38  INFO      [root]  Heartbeat response received.
2026-04-22 10:49:38  INFO      [root]  Heartbeat response received.
2026-04-22 10:49:40  INFO      [root]  Heartbeat response received.
2026-04-22 10:49:40  INFO      [root]  Heartbeat response received.
2026-04-22 10:49:42  INFO      [root]  Heartbeat response received.
2026-04-22 10:49:42  INFO      [root]  Heartbeat response received.
2026-04-22 10:49:44  INFO      [root]  Heartbeat response received.
2026-04-22 10:49:44  INFO      [root]  Heartbeat response received.
2026-04-22 10:49:46  INFO      [root]  Heartbeat response received.
2026-04-22 10:49:46  INFO      [root]  Heartbeat response received.
2026-04-22 10:49:48  INFO      [root]  Heartbeat response received.
2026-04-22 10:49:48  INFO      [root]  Heartbeat response received.
2026-04-22 10:49:50  INFO      [root]  Heartbeat response received.
2026-04-22 10:49:50  INFO      [root]  Heartbeat response received.
2026-04-22 10:49:52  INFO      [root]  Heartbeat response received.
2026-04-22 10:49:52  INFO      [root]  Heartbeat response received.
2026-04-22 10:49:54  INFO      [root]  Heartbeat response received.
2026-04-22 10:49:54  INFO      [root]  Heartbeat response received.
2026-04-22 10:49:56  INFO      [root]  Heartbeat response received.
2026-04-22 10:49:56  INFO      [root]  Heartbeat response received.
2026-04-22 10:49:58  INFO      [root]  Heartbeat response received.
2026-04-22 10:49:58  INFO      [root]  Heartbeat response received.
2026-04-22 10:50:00  INFO      [root]  Heartbeat response received.
2026-04-22 10:50:00  INFO      [root]  Heartbeat response received.
2026-04-22 10:50:02  INFO      [root]  Heartbeat response received.
2026-04-22 10:50:02  INFO      [root]  Heartbeat response received.
2026-04-22 10:50:04  INFO      [root]  Heartbeat response received.
2026-04-22 10:50:04  INFO      [root]  Heartbeat response received.
2026-04-22 10:50:06  INFO      [root]  Heartbeat response received.
2026-04-22 10:50:06  INFO      [root]  Heartbeat response received.
2026-04-22 10:50:08  INFO      [root]  Heartbeat response received.
2026-04-22 10:50:08  INFO      [root]  Heartbeat response received.
2026-04-22 10:50:10  INFO      [root]  Heartbeat response received.
2026-04-22 10:50:10  INFO      [root]  Heartbeat response received.
2026-04-22 10:50:12  INFO      [root]  Heartbeat response received.
2026-04-22 10:50:12  INFO      [root]  Heartbeat response received.
2026-04-22 10:50:14  INFO      [root]  Heartbeat response received.
2026-04-22 10:50:14  INFO      [root]  Heartbeat response received.
2026-04-22 10:50:16  INFO      [root]  Heartbeat response received.
2026-04-22 10:50:16  INFO      [root]  Heartbeat response received.
2026-04-22 10:50:18  INFO      [root]  Heartbeat response received.
2026-04-22 10:50:18  INFO      [root]  Heartbeat response received.
2026-04-22 10:50:20  INFO      [root]  Heartbeat response received.
2026-04-22 10:50:20  INFO      [root]  Heartbeat response received.
2026-04-22 10:50:22  INFO      [root]  Heartbeat response received.
2026-04-22 10:50:22  INFO      [root]  Heartbeat response received.
2026-04-22 10:50:24  INFO      [root]  Heartbeat response received.
2026-04-22 10:50:24  INFO      [root]  Heartbeat response received.
2026-04-22 10:50:26  INFO      [root]  Heartbeat response received.
2026-04-22 10:50:26  INFO      [root]  Heartbeat response received.
2026-04-22 10:50:28  INFO      [root]  Heartbeat response received.
2026-04-22 10:50:28  INFO      [root]  Heartbeat response received.
2026-04-22 10:50:30  INFO      [root]  Heartbeat response received.
2026-04-22 10:50:30  INFO      [root]  Heartbeat response received.
2026-04-22 10:50:32  INFO      [root]  Heartbeat response received.
2026-04-22 10:50:32  INFO      [root]  Heartbeat response received.
2026-04-22 10:50:34  INFO      [root]  Heartbeat response received.
2026-04-22 10:50:34  INFO      [root]  Heartbeat response received.
2026-04-22 10:50:36  INFO      [root]  Heartbeat response received.
2026-04-22 10:50:36  INFO      [root]  Heartbeat response received.
2026-04-22 10:50:38  INFO      [root]  Heartbeat response received.
2026-04-22 10:50:38  INFO      [root]  Heartbeat response received.
2026-04-22 10:50:40  INFO      [root]  Heartbeat response received.
2026-04-22 10:50:40  INFO      [root]  Heartbeat response received.
2026-04-22 10:50:42  INFO      [root]  Heartbeat response received.
2026-04-22 10:50:42  INFO      [root]  Heartbeat response received.
2026-04-22 10:50:44  INFO      [root]  Heartbeat response received.
2026-04-22 10:50:44  INFO      [root]  Heartbeat response received.
2026-04-22 10:50:46  INFO      [root]  Heartbeat response received.
2026-04-22 10:50:46  INFO      [root]  Heartbeat response received.
2026-04-22 10:50:48  INFO      [root]  Heartbeat response received.
2026-04-22 10:50:48  INFO      [root]  Heartbeat response received.
2026-04-22 10:50:50  INFO      [root]  Heartbeat response received.
2026-04-22 10:50:50  INFO      [root]  Heartbeat response received.
2026-04-22 10:50:52  INFO      [root]  Heartbeat response received.
2026-04-22 10:50:52  INFO      [root]  Heartbeat response received.
2026-04-22 10:50:54  INFO      [root]  Heartbeat response received.
2026-04-22 10:50:54  INFO      [root]  Heartbeat response received.
2026-04-22 10:50:56  INFO      [root]  Heartbeat response received.
2026-04-22 10:50:56  INFO      [root]  Heartbeat response received.
2026-04-22 10:50:58  INFO      [root]  Heartbeat response received.
2026-04-22 10:50:58  INFO      [root]  Heartbeat response received.
2026-04-22 10:51:00  INFO      [root]  Heartbeat response received.
2026-04-22 10:51:00  INFO      [root]  Heartbeat response received.
2026-04-22 10:51:02  INFO      [root]  Heartbeat response received.
2026-04-22 10:51:02  INFO      [root]  Heartbeat response received.
2026-04-22 10:51:04  INFO      [root]  Heartbeat response received.
2026-04-22 10:51:04  INFO      [root]  Heartbeat response received.
2026-04-22 10:51:06  INFO      [root]  Heartbeat response received.
2026-04-22 10:51:06  INFO      [root]  Heartbeat response received.
2026-04-22 10:51:08  INFO      [root]  Heartbeat response received.
2026-04-22 10:51:08  INFO      [root]  Heartbeat response received.
2026-04-22 10:51:10  INFO      [root]  Heartbeat response received.
2026-04-22 10:51:10  INFO      [root]  Heartbeat response received.
2026-04-22 10:51:12  INFO      [root]  Heartbeat response received.
2026-04-22 10:51:12  INFO      [root]  Heartbeat response received.
2026-04-22 10:51:14  INFO      [root]  Heartbeat response received.
2026-04-22 10:51:14  INFO      [root]  Heartbeat response received.
2026-04-22 10:51:16  INFO      [root]  Heartbeat response received.
2026-04-22 10:51:16  INFO      [root]  Heartbeat response received.
2026-04-22 10:51:18  INFO      [root]  Heartbeat response received.
2026-04-22 10:51:18  INFO      [root]  Heartbeat response received.
2026-04-22 10:51:20  INFO      [root]  Heartbeat response received.
2026-04-22 10:51:20  INFO      [root]  Heartbeat response received.
2026-04-22 10:51:22  INFO      [root]  Heartbeat response received.
2026-04-22 10:51:22  INFO      [root]  Heartbeat response received.
2026-04-22 10:51:24  INFO      [root]  Heartbeat response received.
2026-04-22 10:51:24  INFO      [root]  Heartbeat response received.
2026-04-22 10:51:26  INFO      [root]  Heartbeat response received.
2026-04-22 10:51:26  INFO      [root]  Heartbeat response received.
2026-04-22 10:51:28  INFO      [root]  Heartbeat response received.
2026-04-22 10:51:28  INFO      [root]  Heartbeat response received.
2026-04-22 10:51:30  INFO      [root]  Heartbeat response received.
2026-04-22 10:51:30  INFO      [root]  Heartbeat response received.
2026-04-22 10:51:32  INFO      [root]  Heartbeat response received.
2026-04-22 10:51:32  INFO      [root]  Heartbeat response received.
2026-04-22 10:51:34  INFO      [root]  Heartbeat response received.
2026-04-22 10:51:34  INFO      [root]  Heartbeat response received.
2026-04-22 10:51:36  INFO      [root]  Heartbeat response received.
2026-04-22 10:51:36  INFO      [root]  Heartbeat response received.
2026-04-22 10:51:38  INFO      [root]  Heartbeat response received.
2026-04-22 10:51:38  INFO      [root]  Heartbeat response received.
2026-04-22 10:51:40  INFO      [root]  Heartbeat response received.
2026-04-22 10:51:40  INFO      [root]  Heartbeat response received.
2026-04-22 10:51:42  INFO      [root]  Heartbeat response received.
2026-04-22 10:51:42  INFO      [root]  Heartbeat response received.
2026-04-22 10:51:44  INFO      [root]  Heartbeat response received.
2026-04-22 10:51:44  INFO      [root]  Heartbeat response received.
2026-04-22 10:51:46  INFO      [root]  Heartbeat response received.
2026-04-22 10:51:46  INFO      [root]  Heartbeat response received.
2026-04-22 10:51:48  INFO      [root]  Heartbeat response received.
2026-04-22 10:51:48  INFO      [root]  Heartbeat response received.
2026-04-22 10:51:50  INFO      [root]  Heartbeat response received.
2026-04-22 10:51:50  INFO      [root]  Heartbeat response received.
2026-04-22 10:51:52  INFO      [root]  Heartbeat response received.
2026-04-22 10:51:52  INFO      [root]  Heartbeat response received.
2026-04-22 10:51:54  INFO      [root]  Heartbeat response received.
2026-04-22 10:51:54  INFO      [root]  Heartbeat response received.
2026-04-22 10:51:56  INFO      [root]  Heartbeat response received.
2026-04-22 10:51:56  INFO      [root]  Heartbeat response received.
2026-04-22 10:51:58  INFO      [root]  Heartbeat response received.
2026-04-22 10:51:58  INFO      [root]  Heartbeat response received.
2026-04-22 10:52:00  INFO      [root]  Heartbeat response received.
2026-04-22 10:52:00  INFO      [root]  Heartbeat response received.
2026-04-22 10:52:02  INFO      [root]  Heartbeat response received.
2026-04-22 10:52:02  INFO      [root]  Heartbeat response received.
2026-04-22 10:52:04  INFO      [root]  Heartbeat response received.
2026-04-22 10:52:04  INFO      [root]  Heartbeat response received.
2026-04-22 10:52:06  INFO      [root]  Heartbeat response received.
2026-04-22 10:52:06  INFO      [root]  Heartbeat response received.
2026-04-22 10:52:08  INFO      [root]  Heartbeat response received.
2026-04-22 10:52:08  INFO      [root]  Heartbeat response received.
2026-04-22 10:52:10  INFO      [root]  Heartbeat response received.
2026-04-22 10:52:10  INFO      [root]  Heartbeat response received.
2026-04-22 10:52:12  INFO      [root]  Heartbeat response received.
2026-04-22 10:52:12  INFO      [root]  Heartbeat response received.
2026-04-22 10:52:14  INFO      [root]  Heartbeat response received.
2026-04-22 10:52:14  INFO      [root]  Heartbeat response received.
2026-04-22 10:52:16  INFO      [root]  Heartbeat response received.
2026-04-22 10:52:16  INFO      [root]  Heartbeat response received.
2026-04-22 10:52:18  INFO      [root]  Heartbeat response received.
2026-04-22 10:52:18  INFO      [root]  Heartbeat response received.
2026-04-22 10:52:20  INFO      [root]  Heartbeat response received.
2026-04-22 10:52:20  INFO      [root]  Heartbeat response received.
2026-04-22 10:52:22  INFO      [root]  Heartbeat response received.
2026-04-22 10:52:22  INFO      [root]  Heartbeat response received.
2026-04-22 10:52:24  INFO      [root]  Heartbeat response received.
2026-04-22 10:52:24  INFO      [root]  Heartbeat response received.
2026-04-22 10:52:26  INFO      [root]  Heartbeat response received.
2026-04-22 10:52:26  INFO      [root]  Heartbeat response received.
2026-04-22 10:52:28  INFO      [root]  Heartbeat response received.
2026-04-22 10:52:28  INFO      [root]  Heartbeat response received.
2026-04-22 10:52:30  INFO      [root]  Heartbeat response received.
2026-04-22 10:52:30  INFO      [root]  Heartbeat response received.
2026-04-22 10:52:32  INFO      [root]  Heartbeat response received.
2026-04-22 10:52:32  INFO      [root]  Heartbeat response received.
2026-04-22 10:52:34  INFO      [root]  Heartbeat response received.
2026-04-22 10:52:34  INFO      [root]  Heartbeat response received.
2026-04-22 10:52:36  INFO      [root]  Heartbeat response received.
2026-04-22 10:52:36  INFO      [root]  Heartbeat response received.
2026-04-22 10:52:38  INFO      [root]  Heartbeat response received.
2026-04-22 10:52:38  INFO      [root]  Heartbeat response received.
2026-04-22 10:52:40  INFO      [root]  Heartbeat response received.
2026-04-22 10:52:40  INFO      [root]  Heartbeat response received.
2026-04-22 10:52:42  INFO      [root]  Heartbeat response received.
2026-04-22 10:52:42  INFO      [root]  Heartbeat response received.
2026-04-22 10:52:44  INFO      [root]  Heartbeat response received.
2026-04-22 10:52:44  INFO      [root]  Heartbeat response received.
2026-04-22 10:52:46  INFO      [root]  Heartbeat response received.
2026-04-22 10:52:46  INFO      [root]  Heartbeat response received.
2026-04-22 10:52:48  INFO      [root]  Heartbeat response received.
2026-04-22 10:52:48  INFO      [root]  Heartbeat response received.
2026-04-22 10:52:50  INFO      [root]  Heartbeat response received.
2026-04-22 10:52:50  INFO      [root]  Heartbeat response received.
2026-04-22 10:52:52  INFO      [root]  Heartbeat response received.
2026-04-22 10:52:52  INFO      [root]  Heartbeat response received.
2026-04-22 10:52:54  INFO      [root]  Heartbeat response received.
2026-04-22 10:52:54  INFO      [root]  Heartbeat response received.
2026-04-22 10:52:56  INFO      [root]  Heartbeat response received.
2026-04-22 10:52:56  INFO      [root]  Heartbeat response received.
2026-04-22 10:52:58  INFO      [root]  Heartbeat response received.
2026-04-22 10:52:58  INFO      [root]  Heartbeat response received.
2026-04-22 10:53:00  INFO      [root]  Heartbeat response received.
2026-04-22 10:53:00  INFO      [root]  Heartbeat response received.
2026-04-22 10:53:02  INFO      [root]  Heartbeat response received.
2026-04-22 10:53:02  INFO      [root]  Heartbeat response received.
2026-04-22 10:53:04  INFO      [root]  Heartbeat response received.
2026-04-22 10:53:04  INFO      [root]  Heartbeat response received.
2026-04-22 10:53:06  INFO      [root]  Heartbeat response received.
2026-04-22 10:53:07  INFO      [root]  Heartbeat response received.
2026-04-22 10:53:08  INFO      [root]  Heartbeat response received.
2026-04-22 10:53:09  INFO      [root]  Heartbeat response received.
2026-04-22 10:53:10  INFO      [root]  Heartbeat response received.
2026-04-22 10:53:11  INFO      [root]  Heartbeat response received.
2026-04-22 10:53:12  INFO      [root]  Heartbeat response received.
2026-04-22 10:53:13  INFO      [root]  Heartbeat response received.
2026-04-22 10:53:14  INFO      [root]  Heartbeat response received.
2026-04-22 10:53:15  INFO      [root]  Heartbeat response received.
2026-04-22 10:53:16  INFO      [root]  Heartbeat response received.
2026-04-22 10:53:17  INFO      [root]  Heartbeat response received.
2026-04-22 10:53:18  INFO      [root]  Heartbeat response received.
2026-04-22 10:53:19  INFO      [root]  Heartbeat response received.
2026-04-22 10:53:20  INFO      [root]  Heartbeat response received.
2026-04-22 10:53:21  INFO      [root]  Heartbeat response received.
2026-04-22 10:53:22  INFO      [root]  Heartbeat response received.
2026-04-22 10:53:23  INFO      [root]  Heartbeat response received.
2026-04-22 10:53:24  INFO      [root]  Heartbeat response received.
2026-04-22 10:53:25  INFO      [root]  Heartbeat response received.
2026-04-22 10:53:26  INFO      [root]  Heartbeat response received.
2026-04-22 10:53:27  INFO      [root]  Heartbeat response received.
2026-04-22 10:53:28  INFO      [root]  Heartbeat response received.
2026-04-22 10:53:29  INFO      [root]  Heartbeat response received.
2026-04-22 10:53:30  INFO      [root]  Heartbeat response received.
2026-04-22 10:53:31  INFO      [root]  Heartbeat response received.
2026-04-22 10:53:32  INFO      [root]  Heartbeat response received.
2026-04-22 10:53:33  INFO      [root]  Heartbeat response received.
2026-04-22 10:53:34  INFO      [root]  Heartbeat response received.
2026-04-22 10:53:35  INFO      [root]  Heartbeat response received.
2026-04-22 10:53:36  INFO      [root]  Heartbeat response received.
2026-04-22 10:53:37  INFO      [root]  Heartbeat response received.
2026-04-22 10:53:38  INFO      [root]  Heartbeat response received.
2026-04-22 10:53:39  INFO      [root]  Heartbeat response received.
2026-04-22 10:53:40  INFO      [root]  Heartbeat response received.
2026-04-22 10:53:41  INFO      [root]  Heartbeat response received.
2026-04-22 10:53:42  INFO      [root]  Heartbeat response received.
2026-04-22 10:53:43  INFO      [root]  Heartbeat response received.
2026-04-22 10:53:44  INFO      [root]  Heartbeat response received.
2026-04-22 10:53:45  INFO      [root]  Heartbeat response received.
2026-04-22 10:53:46  INFO      [root]  Heartbeat response received.
2026-04-22 10:53:47  INFO      [root]  Heartbeat response received.
2026-04-22 10:53:48  INFO      [root]  Heartbeat response received.
2026-04-22 10:53:49  INFO      [root]  Heartbeat response received.
2026-04-22 10:53:50  INFO      [root]  Heartbeat response received.
2026-04-22 10:53:51  INFO      [root]  Heartbeat response received.
2026-04-22 10:53:52  INFO      [root]  Heartbeat response received.
2026-04-22 10:53:53  INFO      [root]  Heartbeat response received.
2026-04-22 10:53:54  INFO      [root]  Heartbeat response received.
2026-04-22 10:53:55  INFO      [root]  Heartbeat response received.
2026-04-22 10:53:56  INFO      [root]  Heartbeat response received.
2026-04-22 10:53:57  INFO      [root]  Heartbeat response received.
2026-04-22 10:53:59  INFO      [root]  Heartbeat response received.
2026-04-22 10:53:59  INFO      [root]  Heartbeat response received.
2026-04-22 10:54:00  INFO      [root]  Heartbeat response received.
2026-04-22 10:54:01  INFO      [root]  Heartbeat response received.
2026-04-22 10:54:02  INFO      [root]  Heartbeat response received.
2026-04-22 10:54:03  INFO      [root]  Heartbeat response received.
2026-04-22 10:54:05  INFO      [root]  Heartbeat response received.
2026-04-22 10:54:05  INFO      [root]  Heartbeat response received.
2026-04-22 10:54:07  INFO      [root]  Heartbeat response received.
2026-04-22 10:54:07  INFO      [root]  Heartbeat response received.
2026-04-22 10:54:09  INFO      [root]  Heartbeat response received.
2026-04-22 10:54:09  INFO      [root]  Heartbeat response received.
2026-04-22 10:54:11  INFO      [root]  Heartbeat response received.
2026-04-22 10:54:11  INFO      [root]  Heartbeat response received.
2026-04-22 10:54:13  INFO      [root]  Heartbeat response received.
2026-04-22 10:54:13  INFO      [root]  Heartbeat response received.
2026-04-22 10:54:15  INFO      [root]  Heartbeat response received.
2026-04-22 10:54:15  INFO      [root]  Heartbeat response received.
2026-04-22 10:54:17  INFO      [root]  Heartbeat response received.
2026-04-22 10:54:17  INFO      [root]  Heartbeat response received.
2026-04-22 10:54:19  INFO      [root]  Heartbeat response received.
2026-04-22 10:54:19  INFO      [root]  Heartbeat response received.
2026-04-22 10:54:21  INFO      [root]  Heartbeat response received.
2026-04-22 10:54:21  INFO      [root]  Heartbeat response received.
2026-04-22 10:54:23  INFO      [root]  Heartbeat response received.
2026-04-22 10:54:23  INFO      [root]  Heartbeat response received.
2026-04-22 10:54:25  INFO      [root]  Heartbeat response received.
2026-04-22 10:54:25  INFO      [root]  Heartbeat response received.
2026-04-22 10:54:27  INFO      [root]  Heartbeat response received.
2026-04-22 10:54:27  INFO      [root]  Heartbeat response received.
2026-04-22 10:54:29  INFO      [root]  Heartbeat response received.
2026-04-22 10:54:29  INFO      [root]  Heartbeat response received.
2026-04-22 10:54:31  INFO      [root]  Heartbeat response received.
2026-04-22 10:54:31  INFO      [root]  Heartbeat response received.
2026-04-22 10:54:33  INFO      [root]  Heartbeat response received.
2026-04-22 10:54:33  INFO      [root]  Heartbeat response received.
2026-04-22 10:54:35  INFO      [root]  Heartbeat response received.
2026-04-22 10:54:35  INFO      [root]  Heartbeat response received.
2026-04-22 10:54:37  INFO      [root]  Heartbeat response received.
2026-04-22 10:54:37  INFO      [root]  Heartbeat response received.
2026-04-22 10:54:39  INFO      [root]  Heartbeat response received.
2026-04-22 10:54:39  INFO      [root]  Heartbeat response received.
2026-04-22 10:54:41  INFO      [root]  Heartbeat response received.
2026-04-22 10:54:41  INFO      [root]  Heartbeat response received.
2026-04-22 10:54:43  INFO      [root]  Heartbeat response received.
2026-04-22 10:54:43  INFO      [root]  Heartbeat response received.
2026-04-22 10:54:45  INFO      [root]  Heartbeat response received.
2026-04-22 10:54:45  INFO      [root]  Heartbeat response received.
2026-04-22 10:54:47  INFO      [root]  Heartbeat response received.
2026-04-22 10:54:47  INFO      [root]  Heartbeat response received.
2026-04-22 10:54:49  INFO      [root]  Heartbeat response received.
2026-04-22 10:54:49  INFO      [root]  Heartbeat response received.
2026-04-22 10:54:49  ERROR     [root]  Error processing WebRTC data
Traceback (most recent call last):
  File "unitree_webrtc_connect\webrtc_datachannel.py", line 80, in on_message
  File "unitree_webrtc_connect\webrtc_datachannel.py", line 98, in handle_response
  File "unitree_webrtc_connect\msgs\error_handler.py", line 76, in handle_error
TypeError: cannot unpack non-iterable int object
2026-04-22 10:54:51  INFO      [root]  Heartbeat response received.
2026-04-22 10:54:51  INFO      [root]  Heartbeat response received.
2026-04-22 10:54:53  INFO      [root]  Heartbeat response received.
2026-04-22 10:54:53  ERROR     [root]  Error processing WebRTC data
Traceback (most recent call last):
  File "unitree_webrtc_connect\webrtc_datachannel.py", line 80, in on_message
  File "unitree_webrtc_connect\webrtc_datachannel.py", line 98, in handle_response
  File "unitree_webrtc_connect\msgs\error_handler.py", line 76, in handle_error
TypeError: cannot unpack non-iterable int object
2026-04-22 10:54:53  INFO      [root]  Heartbeat response received.
2026-04-22 10:54:55  INFO      [root]  Heartbeat response received.
2026-04-22 10:54:55  INFO      [root]  Heartbeat response received.
2026-04-22 10:54:57  INFO      [root]  Heartbeat response received.
2026-04-22 10:54:57  INFO      [root]  Heartbeat response received.
2026-04-22 10:54:59  INFO      [root]  Heartbeat response received.
2026-04-22 10:54:59  INFO      [root]  Heartbeat response received.
2026-04-22 10:55:01  INFO      [root]  Heartbeat response received.
2026-04-22 10:55:01  INFO      [root]  Heartbeat response received.
2026-04-22 10:55:03  INFO      [root]  Heartbeat response received.
2026-04-22 10:55:03  INFO      [root]  Heartbeat response received.
2026-04-22 10:55:05  INFO      [root]  Heartbeat response received.
2026-04-22 10:55:05  INFO      [root]  Heartbeat response received.
2026-04-22 10:55:07  INFO      [root]  Heartbeat response received.
2026-04-22 10:55:07  INFO      [root]  Heartbeat response received.
2026-04-22 10:55:09  INFO      [root]  Heartbeat response received.
2026-04-22 10:55:09  INFO      [root]  Heartbeat response received.
2026-04-22 10:55:11  INFO      [root]  Heartbeat response received.
2026-04-22 10:55:11  INFO      [root]  Heartbeat response received.
2026-04-22 10:55:13  INFO      [root]  Heartbeat response received.
2026-04-22 10:55:13  INFO      [root]  Heartbeat response received.
2026-04-22 10:55:15  INFO      [root]  Heartbeat response received.
2026-04-22 10:55:15  INFO      [root]  Heartbeat response received.
2026-04-22 10:55:17  INFO      [root]  Heartbeat response received.
2026-04-22 10:55:17  INFO      [root]  Heartbeat response received.
2026-04-22 10:55:19  INFO      [root]  Heartbeat response received.
2026-04-22 10:55:19  INFO      [root]  Heartbeat response received.
2026-04-22 10:55:21  INFO      [root]  Heartbeat response received.
2026-04-22 10:55:21  INFO      [root]  Heartbeat response received.
2026-04-22 10:55:23  INFO      [root]  Heartbeat response received.
2026-04-22 10:55:23  INFO      [root]  Heartbeat response received.
2026-04-22 10:55:25  INFO      [root]  Heartbeat response received.
2026-04-22 10:55:25  INFO      [root]  Heartbeat response received.
2026-04-22 10:55:27  INFO      [root]  Heartbeat response received.
2026-04-22 10:55:27  INFO      [root]  Heartbeat response received.
2026-04-22 10:55:29  INFO      [root]  Heartbeat response received.
2026-04-22 10:55:29  INFO      [root]  Heartbeat response received.
2026-04-22 10:55:31  INFO      [root]  Heartbeat response received.
2026-04-22 10:55:31  INFO      [root]  Heartbeat response received.
2026-04-22 10:55:33  INFO      [root]  Heartbeat response received.
2026-04-22 10:55:33  INFO      [root]  Heartbeat response received.
2026-04-22 10:55:35  INFO      [root]  Heartbeat response received.
2026-04-22 10:55:35  INFO      [root]  Heartbeat response received.
2026-04-22 10:55:37  INFO      [root]  Heartbeat response received.
2026-04-22 10:55:37  INFO      [root]  Heartbeat response received.
2026-04-22 10:55:39  INFO      [root]  Heartbeat response received.
2026-04-22 10:55:39  INFO      [root]  Heartbeat response received.
2026-04-22 10:55:41  INFO      [root]  Heartbeat response received.
2026-04-22 10:55:41  INFO      [root]  Heartbeat response received.
2026-04-22 10:55:43  INFO      [root]  Heartbeat response received.
2026-04-22 10:55:43  INFO      [root]  Heartbeat response received.
2026-04-22 10:55:45  INFO      [root]  Heartbeat response received.
2026-04-22 10:55:45  INFO      [root]  Heartbeat response received.
2026-04-22 10:55:47  INFO      [root]  Heartbeat response received.
2026-04-22 10:55:47  INFO      [root]  Heartbeat response received.
2026-04-22 10:55:47  INFO      [unitree.backend]  [用户操作] 编排开始播放 | 新编排
2026-04-22 10:55:47  INFO      [unitree.backend]  [playback verbose] ON
2026-04-22 10:55:47  INFO      [root]  > message sent: {"type": "req", "topic": "rt/api/sport/request", "data": {"header": {"identity": {"id": 857571130, "api_id": 1019}}, "parameter": ""}}
2026-04-22 10:55:47  INFO      [root]  > message sent: {"type": "req", "topic": "rt/api/sport/request", "data": {"header": {"identity": {"id": 857571983, "api_id": 1019}}, "parameter": ""}}
2026-04-22 10:55:47  INFO      [unitree.backend]  ▶ 发送(ff) [ContinuousGait(api_id=1019)] → Q89986, 5A5383
2026-04-22 10:55:47  INFO      [root]  Received message on data channel: {"type":"res","topic":"rt/api/sport/response","data":{"header":{"identity":{"api_id":1019,"id":857571983},"status":{"code":3202}},"data":""}}
2026-04-22 10:55:47  INFO      [root]  > message sent: {"type": "req", "topic": "rt/api/sport/request", "data": {"header": {"identity": {"id": 857571212, "api_id": 1019}}, "parameter": ""}}
2026-04-22 10:55:47  INFO      [unitree.backend]  ▶ 发送(ff) [ContinuousGait(api_id=1019)] → Q89986
2026-04-22 10:55:47  INFO      [root]  Received message on data channel: {"type":"res","topic":"rt/api/sport/response","data":{"header":{"identity":{"api_id":1019,"id":857571130},"status":{"code":3202}},"data":""}}
2026-04-22 10:55:47  INFO      [root]  > message sent: {"type": "msg", "topic": "rt/wirelesscontroller", "data": {"lx": 0.0, "ly": 0.6, "rx": 0.0, "ry": 0.0, "keys": 0}}
2026-04-22 10:55:47  INFO      [root]  > message sent: {"type": "req", "topic": "rt/api/sport/request", "data": {"header": {"identity": {"id": 857571836, "api_id": 1019}}, "parameter": ""}}
2026-04-22 10:55:47  INFO      [unitree.backend]  ▶ 发送(ff) [ContinuousGait(api_id=1019)] → 5A5383
2026-04-22 10:55:47  INFO      [root]  > message sent: {"type": "msg", "topic": "rt/wirelesscontroller", "data": {"lx": 0.0, "ly": 0.6, "rx": 0.0, "ry": 0.0, "keys": 0}}
2026-04-22 10:55:47  INFO      [root]  Received message on data channel: {"type":"res","topic":"rt/api/sport/response","data":{"header":{"identity":{"api_id":1019,"id":857571212},"status":{"code":3202}},"data":""}}
2026-04-22 10:55:47  INFO      [root]  Received message on data channel: {"type":"res","topic":"rt/api/sport/response","data":{"header":{"identity":{"api_id":1019,"id":857571836},"status":{"code":3202}},"data":""}}
2026-04-22 10:55:48  INFO      [root]  > message sent: {"type": "msg", "topic": "rt/wirelesscontroller", "data": {"lx": 0.0, "ly": 0.6, "rx": 0.0, "ry": 0.0, "keys": 0}}
2026-04-22 10:55:48  INFO      [root]  > message sent: {"type": "msg", "topic": "rt/wirelesscontroller", "data": {"lx": 0.0, "ly": 0.6, "rx": 0.0, "ry": 0.0, "keys": 0}}
2026-04-22 10:55:48  INFO      [root]  > message sent: {"type": "msg", "topic": "rt/wirelesscontroller", "data": {"lx": 0.0, "ly": 0.6, "rx": 0.0, "ry": 0.0, "keys": 0}}
2026-04-22 10:55:48  INFO      [root]  > message sent: {"type": "msg", "topic": "rt/wirelesscontroller", "data": {"lx": 0.0, "ly": 0.6, "rx": 0.0, "ry": 0.0, "keys": 0}}
2026-04-22 10:55:48  INFO      [root]  > message sent: {"type": "msg", "topic": "rt/wirelesscontroller", "data": {"lx": 0.0, "ly": 0.6, "rx": 0.0, "ry": 0.0, "keys": 0}}
2026-04-22 10:55:48  INFO      [root]  > message sent: {"type": "msg", "topic": "rt/wirelesscontroller", "data": {"lx": 0.0, "ly": 0.6, "rx": 0.0, "ry": 0.0, "keys": 0}}
2026-04-22 10:55:48  INFO      [root]  > message sent: {"type": "msg", "topic": "rt/wirelesscontroller", "data": {"lx": 0.0, "ly": 0.6, "rx": 0.0, "ry": 0.0, "keys": 0}}
2026-04-22 10:55:48  INFO      [root]  > message sent: {"type": "msg", "topic": "rt/wirelesscontroller", "data": {"lx": 0.0, "ly": 0.6, "rx": 0.0, "ry": 0.0, "keys": 0}}
2026-04-22 10:55:48  INFO      [root]  Received message on data channel: {"type":"msg","topic":"rt/lf/lowstate","data":{"imu_state":{"rpy":[-0.008369,0.030591,2.744207]},"motor_state":[{"q":0.032692,"temperature":41,"lost":0,"reserve":[0,610]},{"q":0.982278,"temperature":49,"lost":5,"reserve":[0,610]},{"q":-1.545126,"temperature":49,"lost":5,"reserve":[0,610]},{"q":0.077366,"temperature":40,"lost":12,"reserve":[0,610]},{"q":0.814329,"temperature":49,"lost":5,"reserve":[0,610]},{"q":-1.983524,"temperature":47,"lost":5,"reserve":[0,610]},{"q":-0.055965,"temperature":42,"lost":11,"reserve":[0,610]},{"q":0.819652,"temperature":42,"lost":5,"reserve":[0,610]},{"q":-1.812727,"temperature":45,"lost":5,"reserve":[0,610]},{"q":-0.064267,"temperature":42,"lost":6,"reserve":[0,610]},{"q":0.889018,"temperature":46,"lost":5,"reserve":[0,610]},{"q":-1.514275,"temperature":50,"lost":5,"reserve":[0,610]},{"q":0,"temperature":0,"lost":0,"reserve":[0,0]},{"q":0,"temperature":0,"lost":0,"reserve":[0,0]},{"q":0,"temperature":0,"lost":0,"reserve":[0,0]},{"q":0,"temperature":0,"lost":0,"reserve":[0,0]},{"q":0,"temperature":0,"lost":0,"reserve":[0,0]},{"q":0,"temperature":0,"lost":0,"reserve":[0,0]},{"q":0,"temperature":0,"lost":0,"reserve":[0,0]},{"q":0,"temperature":0,"lost":0,"reserve":[0,0]}],"bms_state":{"version_high":1,"version_low":18,"soc":49,"current":-2317,"cycle":16,"bq_ntc":[29,28],"mcu_ntc":[34,31]},"foot_force":[76,73,73,36],"temperature_ntc1":48,"power_v":28.207096}}
2026-04-22 10:55:48  DEBUG     [unitree.backend]  [Q89986] 电量=49%
2026-04-22 10:55:48  INFO      [root]  > message sent: {"type": "msg", "topic": "rt/wirelesscontroller", "data": {"lx": 0.0, "ly": 0.6, "rx": 0.0, "ry": 0.0, "keys": 0}}
2026-04-22 10:55:48  INFO      [root]  > message sent: {"type": "msg", "topic": "rt/wirelesscontroller", "data": {"lx": 0.0, "ly": 0.6, "rx": 0.0, "ry": 0.0, "keys": 0}}
2026-04-22 10:55:48  INFO      [root]  > message sent: {"type": "msg", "topic": "rt/wirelesscontroller", "data": {"lx": 0.0, "ly": 0.6, "rx": 0.0, "ry": 0.0, "keys": 0}}
2026-04-22 10:55:48  INFO      [root]  > message sent: {"type": "msg", "topic": "rt/wirelesscontroller", "data": {"lx": 0.0, "ly": 0.6, "rx": 0.0, "ry": 0.0, "keys": 0}}
2026-04-22 10:55:48  INFO      [root]  > message sent: {"type": "msg", "topic": "rt/wirelesscontroller", "data": {"lx": 0.0, "ly": 0.6, "rx": 0.0, "ry": 0.0, "keys": 0}}
2026-04-22 10:55:48  INFO      [root]  > message sent: {"type": "msg", "topic": "rt/wirelesscontroller", "data": {"lx": 0.0, "ly": 0.6, "rx": 0.0, "ry": 0.0, "keys": 0}}
2026-04-22 10:55:48  INFO      [root]  > message sent: {"type": "msg", "topic": "rt/wirelesscontroller", "data": {"lx": 0.0, "ly": 0.6, "rx": 0.0, "ry": 0.0, "keys": 0}}
2026-04-22 10:55:48  INFO      [root]  > message sent: {"type": "msg", "topic": "rt/wirelesscontroller", "data": {"lx": 0.0, "ly": 0.6, "rx": 0.0, "ry": 0.0, "keys": 0}}
2026-04-22 10:55:48  INFO      [root]  Received message on data channel: {"type":"msg","topic":"rt/lf/lowstate","data":{"imu_state":{"rpy":[-0.023601,0.035721,-2.723652]},"motor_state":[{"q":0.049012,"temperature":39,"lost":6,"reserve":[0,594]},{"q":0.380512,"temperature":43,"lost":5,"reserve":[0,594]},{"q":-1.889137,"temperature":47,"lost":0,"reserve":[0,594]},{"q":-0.049194,"temperature":38,"lost":5,"reserve":[0,594]},{"q":0.995994,"temperature":44,"lost":6,"reserve":[0,594]},{"q":-1.501716,"temperature":46,"lost":5,"reserve":[0,594]},{"q":0.094090,"temperature":46,"lost":5,"reserve":[0,594]},{"q":0.803120,"temperature":45,"lost":6,"reserve":[0,594]},{"q":-1.412795,"temperature":46,"lost":5,"reserve":[0,594]},{"q":0.035498,"temperature":44,"lost":6,"reserve":[0,594]},{"q":0.394283,"temperature":53,"lost":5,"reserve":[0,594]},{"q":-1.766221,"temperature":56,"lost":0,"reserve":[0,594]},{"q":0,"temperature":0,"lost":0,"reserve":[0,0]},{"q":0,"temperature":0,"lost":0,"reserve":[0,0]},{"q":0,"temperature":0,"lost":0,"reserve":[0,0]},{"q":0,"temperature":0,"lost":0,"reserve":[0,0]},{"q":0,"temperature":0,"lost":0,"reserve":[0,0]},{"q":0,"temperature":0,"lost":0,"reserve":[0,0]},{"q":0,"temperature":0,"lost":0,"reserve":[0,0]},{"q":0,"temperature":0,"lost":0,"reserve":[0,0]}],"bms_state":{"version_high":1,"version_low":18,"soc":47,"current":-2567,"cycle":9,"bq_ntc":[28,28],"mcu_ntc":[34,31]},"foot_force":[72,48,84,54],"temperature_ntc1":47,"power_v":28.100855}}
2026-04-22 10:55:48  DEBUG     [unitree.backend]  [5A5383] 电量=47%
2026-04-22 10:55:48  INFO      [root]  > message sent: {"type": "msg", "topic": "rt/wirelesscontroller", "data": {"lx": 0.0, "ly": 0.6, "rx": 0.0, "ry": 0.0, "keys": 0}}
2026-04-22 10:55:48  INFO      [root]  > message sent: {"type": "msg", "topic": "rt/wirelesscontroller", "data": {"lx": 0.0, "ly": 0.6, "rx": 0.0, "ry": 0.0, "keys": 0}}
2026-04-22 10:55:48  INFO      [root]  > message sent: {"type": "msg", "topic": "rt/wirelesscontroller", "data": {"lx": 0.0, "ly": 0.6, "rx": 0.0, "ry": 0.0, "keys": 0}}
2026-04-22 10:55:48  INFO      [root]  > message sent: {"type": "msg", "topic": "rt/wirelesscontroller", "data": {"lx": 0.0, "ly": 0.6, "rx": 0.0, "ry": 0.0, "keys": 0}}
2026-04-22 10:55:48  INFO      [root]  > message sent: {"type": "msg", "topic": "rt/wirelesscontroller", "data": {"lx": 0.0, "ly": 0.6, "rx": 0.0, "ry": 0.0, "keys": 0}}
2026-04-22 10:55:48  INFO      [root]  > message sent: {"type": "msg", "topic": "rt/wirelesscontroller", "data": {"lx": 0.0, "ly": 0.6, "rx": 0.0, "ry": 0.0, "keys": 0}}
2026-04-22 10:55:49  INFO      [root]  > message sent: {"type": "msg", "topic": "rt/wirelesscontroller", "data": {"lx": 0.0, "ly": 0.6, "rx": 0.0, "ry": 0.0, "keys": 0}}
2026-04-22 10:55:49  INFO      [root]  > message sent: {"type": "msg", "topic": "rt/wirelesscontroller", "data": {"lx": 0.0, "ly": 0.6, "rx": 0.0, "ry": 0.0, "keys": 0}}
2026-04-22 10:55:49  INFO      [root]  > message sent: {"type": "msg", "topic": "rt/wirelesscontroller", "data": {"lx": 0.0, "ly": 0.6, "rx": 0.0, "ry": 0.0, "keys": 0}}
2026-04-22 10:55:49  INFO      [root]  > message sent: {"type": "msg", "topic": "rt/wirelesscontroller", "data": {"lx": 0.0, "ly": 0.6, "rx": 0.0, "ry": 0.0, "keys": 0}}
2026-04-22 10:55:49  INFO      [root]  > message sent: {"type": "msg", "topic": "rt/wirelesscontroller", "data": {"lx": 0.0, "ly": 0.6, "rx": 0.0, "ry": 0.0, "keys": 0}}
2026-04-22 10:55:49  INFO      [root]  > message sent: {"type": "msg", "topic": "rt/wirelesscontroller", "data": {"lx": 0.0, "ly": 0.6, "rx": 0.0, "ry": 0.0, "keys": 0}}
2026-04-22 10:55:49  INFO      [root]  > message sent: {"type": "msg", "topic": "rt/wirelesscontroller", "data": {"lx": 0.0, "ly": 0.6, "rx": 0.0, "ry": 0.0, "keys": 0}}
2026-04-22 10:55:49  INFO      [root]  > message sent: {"type": "msg", "topic": "rt/wirelesscontroller", "data": {"lx": 0.0, "ly": 0.6, "rx": 0.0, "ry": 0.0, "keys": 0}}
2026-04-22 10:55:49  INFO      [root]  Received message on data channel: {"type":"rtc_inner_req","info":{"req_type":"rtt_probe_send_from_mechine","send_time_stamp":1776826549,"uuid":"f36160f1-f784-4d2a-9450-bde942c38362"}}
2026-04-22 10:55:49  INFO      [root]  > message sent: {"type": "rtc_inner_req", "topic": "", "data": {"req_type": "rtt_probe_send_from_mechine", "send_time_stamp": 1776826549, "uuid": "f36160f1-f784-4d2a-9450-bde942c38362"}}
2026-04-22 10:55:49  INFO      [root]  Received message on data channel: {"type":"msg","topic":"rt/lf/lowstate","data":{"imu_state":{"rpy":[-0.046696,0.012438,2.749227]},"motor_state":[{"q":0.107811,"temperature":41,"lost":0,"reserve":[0,608]},{"q":0.538228,"temperature":49,"lost":5,"reserve":[0,608]},{"q":-1.551713,"temperature":49,"lost":5,"reserve":[0,608]},{"q":-0.045469,"temperature":40,"lost":12,"reserve":[0,608]},{"q":1.092185,"temperature":49,"lost":5,"reserve":[0,608]},{"q":-1.498968,"temperature":47,"lost":5,"reserve":[0,608]},{"q":0.101871,"temperature":42,"lost":11,"reserve":[0,608]},{"q":1.004920,"temperature":42,"lost":5,"reserve":[0,608]},{"q":-1.313527,"temperature":44,"lost":5,"reserve":[0,608]},{"q":-0.015883,"temperature":42,"lost":6,"reserve":[0,608]},{"q":0.484298,"temperature":46,"lost":5,"reserve":[0,608]},{"q":-1.489473,"temperature":50,"lost":5,"reserve":[0,608]},{"q":0,"temperature":0,"lost":0,"reserve":[0,0]},{"q":0,"temperature":0,"lost":0,"reserve":[0,0]},{"q":0,"temperature":0,"lost":0,"reserve":[0,0]},{"q":0,"temperature":0,"lost":0,"reserve":[0,0]},{"q":0,"temperature":0,"lost":0,"reserve":[0,0]},{"q":0,"temperature":0,"lost":0,"reserve":[0,0]},{"q":0,"temperature":0,"lost":0,"reserve":[0,0]},{"q":0,"temperature":0,"lost":0,"reserve":[0,0]}],"bms_state":{"version_high":1,"version_low":18,"soc":49,"current":-5109,"cycle":16,"bq_ntc":[29,28],"mcu_ntc":[34,31]},"foot_force":[76,73,73,36],"temperature_ntc1":48,"power_v":28.180534}}
2026-04-22 10:55:49  DEBUG     [unitree.backend]  [Q89986] 电量=49%
2026-04-22 10:55:49  INFO      [root]  > message sent: {"type": "heartbeat", "topic": "", "data": {"timeInStr": "2026-04-22 10:55:49", "timeInNum": 1776826549}}
2026-04-22 10:55:49  INFO      [root]  Received message on data channel: {"type":"heartbeat"}
2026-04-22 10:55:49  INFO      [root]  Heartbeat response received.
2026-04-22 10:55:49  INFO      [root]  > message sent: {"type": "msg", "topic": "rt/wirelesscontroller", "data": {"lx": 0.0, "ly": 0.6, "rx": 0.0, "ry": 0.0, "keys": 0}}
2026-04-22 10:55:49  INFO      [root]  > message sent: {"type": "msg", "topic": "rt/wirelesscontroller", "data": {"lx": 0.0, "ly": 0.6, "rx": 0.0, "ry": 0.0, "keys": 0}}
2026-04-22 10:55:49  INFO      [root]  > message sent: {"type": "msg", "topic": "rt/wirelesscontroller", "data": {"lx": 0.0, "ly": 0.6, "rx": 0.0, "ry": 0.0, "keys": 0}}
2026-04-22 10:55:49  INFO      [root]  > message sent: {"type": "msg", "topic": "rt/wirelesscontroller", "data": {"lx": 0.0, "ly": 0.6, "rx": 0.0, "ry": 0.0, "keys": 0}}
2026-04-22 10:55:49  INFO      [root]  > message sent: {"type": "msg", "topic": "rt/wirelesscontroller", "data": {"lx": 0.0, "ly": 0.6, "rx": 0.0, "ry": 0.0, "keys": 0}}
2026-04-22 10:55:49  INFO      [root]  > message sent: {"type": "msg", "topic": "rt/wirelesscontroller", "data": {"lx": 0.0, "ly": 0.6, "rx": 0.0, "ry": 0.0, "keys": 0}}
2026-04-22 10:55:49  INFO      [root]  > message sent: {"type": "heartbeat", "topic": "", "data": {"timeInStr": "2026-04-22 10:55:49", "timeInNum": 1776826549}}
2026-04-22 10:55:49  INFO      [root]  > message sent: {"type": "msg", "topic": "rt/wirelesscontroller", "data": {"lx": 0.0, "ly": 0.6, "rx": 0.0, "ry": 0.0, "keys": 0}}
2026-04-22 10:55:49  INFO      [root]  > message sent: {"type": "msg", "topic": "rt/wirelesscontroller", "data": {"lx": 0.0, "ly": 0.6, "rx": 0.0, "ry": 0.0, "keys": 0}}
2026-04-22 10:55:49  INFO      [root]  Received message on data channel: {"type":"heartbeat"}
2026-04-22 10:55:49  INFO      [root]  Heartbeat response received.
2026-04-22 10:55:49  INFO      [root]  Received message on data channel: {"type":"msg","topic":"rt/lf/lowstate","data":{"imu_state":{"rpy":[-0.013743,0.047270,-2.713275]},"motor_state":[{"q":0.053493,"temperature":39,"lost":6,"reserve":[0,596]},{"q":1.051523,"temperature":43,"lost":5,"reserve":[0,596]},{"q":-1.505428,"temperature":47,"lost":0,"reserve":[0,596]},{"q":-0.078230,"temperature":38,"lost":5,"reserve":[0,596]},{"q":0.567506,"temperature":44,"lost":6,"reserve":[0,596]},{"q":-1.548854,"temperature":46,"lost":5,"reserve":[0,596]},{"q":0.103839,"temperature":46,"lost":5,"reserve":[0,596]},{"q":0.500012,"temperature":45,"lost":6,"reserve":[0,596]},{"q":-1.374266,"temperature":46,"lost":5,"reserve":[0,596]},{"q":-0.021908,"temperature":44,"lost":6,"reserve":[0,596]},{"q":0.964802,"temperature":53,"lost":5,"reserve":[0,596]},{"q":-1.422115,"temperature":56,"lost":0,"reserve":[0,596]},{"q":0,"temperature":0,"lost":0,"reserve":[0,0]},{"q":0,"temperature":0,"lost":0,"reserve":[0,0]},{"q":0,"temperature":0,"lost":0,"reserve":[0,0]},{"q":0,"temperature":0,"lost":0,"reserve":[0,0]},{"q":0,"temperature":0,"lost":0,"reserve":[0,0]},{"q":0,"temperature":0,"lost":0,"reserve":[0,0]},{"q":0,"temperature":0,"lost":0,"reserve":[0,0]},{"q":0,"temperature":0,"lost":0,"reserve":[0,0]}],"bms_state":{"version_high":1,"version_low":18,"soc":47,"current":-5753,"cycle":9,"bq_ntc":[28,28],"mcu_ntc":[34,31]},"foot_force":[72,48,84,54],"temperature_ntc1":47,"power_v":27.879519}}
2026-04-22 10:55:49  DEBUG     [unitree.backend]  [5A5383] 电量=47%
2026-04-22 10:55:49  INFO      [root]  > message sent: {"type": "msg", "topic": "rt/wirelesscontroller", "data": {"lx": 0.0, "ly": 0.6, "rx": 0.0, "ry": 0.0, "keys": 0}}
2026-04-22 10:55:49  INFO      [root]  > message sent: {"type": "msg", "topic": "rt/wirelesscontroller", "data": {"lx": 0.0, "ly": 0.6, "rx": 0.0, "ry": 0.0, "keys": 0}}
2026-04-22 10:55:49  INFO      [root]  > message sent: {"type": "msg", "topic": "rt/wirelesscontroller", "data": {"lx": 0.0, "ly": 0.6, "rx": 0.0, "ry": 0.0, "keys": 0}}
2026-04-22 10:55:49  INFO      [root]  > message sent: {"type": "msg", "topic": "rt/wirelesscontroller", "data": {"lx": 0.0, "ly": 0.6, "rx": 0.0, "ry": 0.0, "keys": 0}}
2026-04-22 10:55:49  INFO      [root]  > message sent: {"type": "msg", "topic": "rt/wirelesscontroller", "data": {"lx": 0.0, "ly": 0.6, "rx": 0.0, "ry": 0.0, "keys": 0}}
2026-04-22 10:55:49  INFO      [root]  > message sent: {"type": "msg", "topic": "rt/wirelesscontroller", "data": {"lx": 0.0, "ly": 0.6, "rx": 0.0, "ry": 0.0, "keys": 0}}
2026-04-22 10:55:50  INFO      [root]  > message sent: {"type": "msg", "topic": "rt/wirelesscontroller", "data": {"lx": 0.0, "ly": 0.6, "rx": 0.0, "ry": 0.0, "keys": 0}}
2026-04-22 10:55:50  INFO      [root]  > message sent: {"type": "msg", "topic": "rt/wirelesscontroller", "data": {"lx": 0.0, "ly": 0.6, "rx": 0.0, "ry": 0.0, "keys": 0}}
2026-04-22 10:55:50  INFO      [root]  > message sent: {"type": "msg", "topic": "rt/wirelesscontroller", "data": {"lx": 0.0, "ly": 0.6, "rx": 0.0, "ry": 0.0, "keys": 0}}
2026-04-22 10:55:50  INFO      [root]  > message sent: {"type": "msg", "topic": "rt/wirelesscontroller", "data": {"lx": 0.0, "ly": 0.6, "rx": 0.0, "ry": 0.0, "keys": 0}}
2026-04-22 10:55:50  INFO      [root]  > message sent: {"type": "msg", "topic": "rt/wirelesscontroller", "data": {"lx": 0.0, "ly": 0.6, "rx": 0.0, "ry": 0.0, "keys": 0}}
2026-04-22 10:55:50  INFO      [root]  > message sent: {"type": "msg", "topic": "rt/wirelesscontroller", "data": {"lx": 0.0, "ly": 0.6, "rx": 0.0, "ry": 0.0, "keys": 0}}
2026-04-22 10:55:50  INFO      [root]  > message sent: {"type": "msg", "topic": "rt/wirelesscontroller", "data": {"lx": 0.0, "ly": 0.6, "rx": 0.0, "ry": 0.0, "keys": 0}}
2026-04-22 10:55:50  INFO      [root]  > message sent: {"type": "msg", "topic": "rt/wirelesscontroller", "data": {"lx": 0.0, "ly": 0.6, "rx": 0.0, "ry": 0.0, "keys": 0}}
2026-04-22 10:55:50  INFO      [root]  Received message on data channel: {"type":"msg","topic":"rt/lf/lowstate","data":{"imu_state":{"rpy":[-0.039045,0.034729,2.752944]},"motor_state":[{"q":0.048104,"temperature":41,"lost":0,"reserve":[0,608]},{"q":0.332674,"temperature":49,"lost":5,"reserve":[0,608]},{"q":-1.796614,"temperature":49,"lost":5,"reserve":[0,608]},{"q":-0.060457,"temperature":40,"lost":12,"reserve":[0,608]},{"q":0.953121,"temperature":49,"lost":5,"reserve":[0,608]},{"q":-1.545521,"temperature":47,"lost":5,"reserve":[0,608]},{"q":0.118100,"temperature":42,"lost":11,"reserve":[0,608]},{"q":0.819894,"temperature":42,"lost":5,"reserve":[0,608]},{"q":-1.396571,"temperature":45,"lost":5,"reserve":[0,608]},{"q":0.037890,"temperature":42,"lost":6,"reserve":[0,608]},{"q":0.372937,"temperature":46,"lost":5,"reserve":[0,608]},{"q":-1.728118,"temperature":50,"lost":5,"reserve":[0,608]},{"q":0,"temperature":0,"lost":0,"reserve":[0,0]},{"q":0,"temperature":0,"lost":0,"reserve":[0,0]},{"q":0,"temperature":0,"lost":0,"reserve":[0,0]},{"q":0,"temperature":0,"lost":0,"reserve":[0,0]},{"q":0,"temperature":0,"lost":0,"reserve":[0,0]},{"q":0,"temperature":0,"lost":0,"reserve":[0,0]},{"q":0,"temperature":0,"lost":0,"reserve":[0,0]},{"q":0,"temperature":0,"lost":0,"reserve":[0,0]}],"bms_state":{"version_high":1,"version_low":18,"soc":49,"current":-4602,"cycle":16,"bq_ntc":[29,28],"mcu_ntc":[34,31]},"foot_force":[76,73,73,36],"temperature_ntc1":48,"power_v":28.295630}}
2026-04-22 10:55:50  DEBUG     [unitree.backend]  [Q89986] 电量=49%
2026-04-22 10:55:50  INFO      [root]  > message sent: {"type": "msg", "topic": "rt/wirelesscontroller", "data": {"lx": 0.0, "ly": 0.6, "rx": 0.0, "ry": 0.0, "keys": 0}}
2026-04-22 10:55:50  INFO      [root]  > message sent: {"type": "msg", "topic": "rt/wirelesscontroller", "data": {"lx": 0.0, "ly": 0.6, "rx": 0.0, "ry": 0.0, "keys": 0}}
2026-04-22 10:55:50  INFO      [root]  > message sent: {"type": "msg", "topic": "rt/wirelesscontroller", "data": {"lx": 0.0, "ly": 0.6, "rx": 0.0, "ry": 0.0, "keys": 0}}
2026-04-22 10:55:50  INFO      [root]  > message sent: {"type": "msg", "topic": "rt/wirelesscontroller", "data": {"lx": 0.0, "ly": 0.6, "rx": 0.0, "ry": 0.0, "keys": 0}}
2026-04-22 10:55:50  INFO      [root]  > message sent: {"type": "msg", "topic": "rt/wirelesscontroller", "data": {"lx": 0.0, "ly": 0.6, "rx": 0.0, "ry": 0.0, "keys": 0}}
2026-04-22 10:55:50  INFO      [root]  > message sent: {"type": "msg", "topic": "rt/wirelesscontroller", "data": {"lx": 0.0, "ly": 0.6, "rx": 0.0, "ry": 0.0, "keys": 0}}
2026-04-22 10:55:50  INFO      [root]  Received message on data channel: {"type":"msg","topic":"rt/lf/lowstate","data":{"imu_state":{"rpy":[0.011464,0.020276,-2.685087]},"motor_state":[{"q":0.071205,"temperature":39,"lost":6,"reserve":[0,594]},{"q":0.949154,"temperature":44,"lost":5,"reserve":[0,594]},{"q":-1.460281,"temperature":47,"lost":0,"reserve":[0,594]},{"q":-0.006018,"temperature":38,"lost":5,"reserve":[0,594]},{"q":0.273996,"temperature":44,"lost":6,"reserve":[0,594]},{"q":-1.742083,"temperature":46,"lost":5,"reserve":[0,594]},{"q":0.023786,"temperature":46,"lost":5,"reserve":[0,594]},{"q":0.327006,"temperature":45,"lost":6,"reserve":[0,594]},{"q":-1.673619,"temperature":46,"lost":5,"reserve":[0,594]},{"q":-0.042467,"temperature":44,"lost":6,"reserve":[0,594]},{"q":0.889139,"temperature":53,"lost":5,"reserve":[0,594]},{"q":-1.470312,"temperature":56,"lost":0,"reserve":[0,594]},{"q":0,"temperature":0,"lost":0,"reserve":[0,0]},{"q":0,"temperature":0,"lost":0,"reserve":[0,0]},{"q":0,"temperature":0,"lost":0,"reserve":[0,0]},{"q":0,"temperature":0,"lost":0,"reserve":[0,0]},{"q":0,"temperature":0,"lost":0,"reserve":[0,0]},{"q":0,"temperature":0,"lost":0,"reserve":[0,0]},{"q":0,"temperature":0,"lost":0,"reserve":[0,0]},{"q":0,"temperature":0,"lost":0,"reserve":[0,0]}],"bms_state":{"version_high":1,"version_low":18,"soc":47,"current":-4959,"cycle":9,"bq_ntc":[28,28],"mcu_ntc":[34,31]},"foot_force":[72,48,84,54],"temperature_ntc1":47,"power_v":28.136267}}
2026-04-22 10:55:50  DEBUG     [unitree.backend]  [5A5383] 电量=47%
2026-04-22 10:55:50  INFO      [root]  > message sent: {"type": "msg", "topic": "rt/wirelesscontroller", "data": {"lx": 0.0, "ly": 0.6, "rx": 0.0, "ry": 0.0, "keys": 0}}
2026-04-22 10:55:50  INFO      [root]  > message sent: {"type": "msg", "topic": "rt/wirelesscontroller", "data": {"lx": 0.0, "ly": 0.6, "rx": 0.0, "ry": 0.0, "keys": 0}}
2026-04-22 10:55:50  INFO      [root]  > message sent: {"type": "msg", "topic": "rt/wirelesscontroller", "data": {"lx": 0.0, "ly": 0.6, "rx": 0.0, "ry": 0.0, "keys": 0}}
2026-04-22 10:55:50  INFO      [root]  > message sent: {"type": "msg", "topic": "rt/wirelesscontroller", "data": {"lx": 0.0, "ly": 0.6, "rx": 0.0, "ry": 0.0, "keys": 0}}
2026-04-22 10:55:50  INFO      [root]  > message sent: {"type": "msg", "topic": "rt/wirelesscontroller", "data": {"lx": 0.0, "ly": 0.0, "rx": 0.0, "ry": 0.0, "keys": 0}}
2026-04-22 10:55:50  INFO      [root]  > message sent: {"type": "req", "topic": "rt/api/sport/request", "data": {"header": {"identity": {"id": 857574974, "api_id": 1019}}, "parameter": ""}}
2026-04-22 10:55:50  INFO      [unitree.backend]  ▶ 发送(ff) [ContinuousGait(api_id=1019)] → Q89986
2026-04-22 10:55:50  INFO      [root]  > message sent: {"type": "msg", "topic": "rt/wirelesscontroller", "data": {"lx": 0.0, "ly": 0.0, "rx": 0.6, "ry": 0.0, "keys": 0}}
2026-04-22 10:55:50  INFO      [root]  > message sent: {"type": "msg", "topic": "rt/wirelesscontroller", "data": {"lx": 0.0, "ly": 0.0, "rx": 0.0, "ry": 0.0, "keys": 0}}
2026-04-22 10:55:50  INFO      [root]  > message sent: {"type": "req", "topic": "rt/api/sport/request", "data": {"header": {"identity": {"id": 857574077, "api_id": 1019}}, "parameter": ""}}
2026-04-22 10:55:50  INFO      [unitree.backend]  ▶ 发送(ff) [ContinuousGait(api_id=1019)] → 5A5383
2026-04-22 10:55:50  INFO      [root]  > message sent: {"type": "msg", "topic": "rt/wirelesscontroller", "data": {"lx": 0.0, "ly": 0.0, "rx": 0.6, "ry": 0.0, "keys": 0}}
2026-04-22 10:55:50  INFO      [root]  Received message on data channel: {"type":"res","topic":"rt/api/sport/response","data":{"header":{"identity":{"api_id":1019,"id":857574974},"status":{"code":3202}},"data":""}}
2026-04-22 10:55:50  INFO      [root]  Received message on data channel: {"type":"res","topic":"rt/api/sport/response","data":{"header":{"identity":{"api_id":1019,"id":857574077},"status":{"code":3202}},"data":""}}
2026-04-22 10:55:50  INFO      [root]  > message sent: {"type": "msg", "topic": "rt/wirelesscontroller", "data": {"lx": 0.0, "ly": 0.0, "rx": 0.6, "ry": 0.0, "keys": 0}}
2026-04-22 10:55:51  INFO      [root]  > message sent: {"type": "msg", "topic": "rt/wirelesscontroller", "data": {"lx": 0.0, "ly": 0.0, "rx": 0.6, "ry": 0.0, "keys": 0}}
2026-04-22 10:55:51  INFO      [root]  > message sent: {"type": "msg", "topic": "rt/wirelesscontroller", "data": {"lx": 0.0, "ly": 0.0, "rx": 0.6, "ry": 0.0, "keys": 0}}
2026-04-22 10:55:51  INFO      [root]  > message sent: {"type": "msg", "topic": "rt/wirelesscontroller", "data": {"lx": 0.0, "ly": 0.0, "rx": 0.6, "ry": 0.0, "keys": 0}}
2026-04-22 10:55:51  INFO      [root]  > message sent: {"type": "msg", "topic": "rt/wirelesscontroller", "data": {"lx": 0.0, "ly": 0.0, "rx": 0.6, "ry": 0.0, "keys": 0}}
2026-04-22 10:55:51  INFO      [root]  > message sent: {"type": "msg", "topic": "rt/wirelesscontroller", "data": {"lx": 0.0, "ly": 0.0, "rx": 0.6, "ry": 0.0, "keys": 0}}
2026-04-22 10:55:51  INFO      [root]  > message sent: {"type": "msg", "topic": "rt/wirelesscontroller", "data": {"lx": 0.0, "ly": 0.0, "rx": 0.6, "ry": 0.0, "keys": 0}}
2026-04-22 10:55:51  INFO      [root]  > message sent: {"type": "msg", "topic": "rt/wirelesscontroller", "data": {"lx": 0.0, "ly": 0.0, "rx": 0.6, "ry": 0.0, "keys": 0}}
2026-04-22 10:55:51  INFO      [root]  Received message on data channel: {"type":"msg","topic":"rt/lf/lowstate","data":{"imu_state":{"rpy":[-0.050500,0.050308,2.544929]},"motor_state":[{"q":0.009106,"temperature":41,"lost":0,"reserve":[0,608]},{"q":0.755075,"temperature":49,"lost":5,"reserve":[0,608]},{"q":-1.727850,"temperature":49,"lost":5,"reserve":[0,608]},{"q":0.044091,"temperature":40,"lost":12,"reserve":[0,608]},{"q":0.795920,"temperature":49,"lost":5,"reserve":[0,608]},{"q":-1.553562,"temperature":47,"lost":5,"reserve":[0,608]},{"q":0.099964,"temperature":42,"lost":11,"reserve":[0,608]},{"q":0.583972,"temperature":42,"lost":5,"reserve":[0,608]},{"q":-1.401247,"temperature":45,"lost":5,"reserve":[0,608]},{"q":0.011972,"temperature":42,"lost":6,"reserve":[0,608]},{"q":0.712984,"temperature":46,"lost":5,"reserve":[0,608]},{"q":-1.695434,"temperature":50,"lost":5,"reserve":[0,608]},{"q":0,"temperature":0,"lost":0,"reserve":[0,0]},{"q":0,"temperature":0,"lost":0,"reserve":[0,0]},{"q":0,"temperature":0,"lost":0,"reserve":[0,0]},{"q":0,"temperature":0,"lost":0,"reserve":[0,0]},{"q":0,"temperature":0,"lost":0,"reserve":[0,0]},{"q":0,"temperature":0,"lost":0,"reserve":[0,0]},{"q":0,"temperature":0,"lost":0,"reserve":[0,0]},{"q":0,"temperature":0,"lost":0,"reserve":[0,0]}],"bms_state":{"version_high":1,"version_low":18,"soc":49,"current":-5087,"cycle":16,"bq_ntc":[29,28],"mcu_ntc":[34,31]},"foot_force":[76,73,73,36],"temperature_ntc1":48,"power_v":28.375311}}
2026-04-22 10:55:51  DEBUG     [unitree.backend]  [Q89986] 电量=49%
2026-04-22 10:55:51  INFO      [root]  > message sent: {"type": "heartbeat", "topic": "", "data": {"timeInStr": "2026-04-22 10:55:51", "timeInNum": 1776826551}}
2026-04-22 10:55:51  INFO      [root]  Received message on data channel: {"type":"heartbeat"}
2026-04-22 10:55:51  INFO      [root]  Heartbeat response received.
2026-04-22 10:55:51  INFO      [root]  > message sent: {"type": "msg", "topic": "rt/wirelesscontroller", "data": {"lx": 0.0, "ly": 0.0, "rx": 0.6, "ry": 0.0, "keys": 0}}
2026-04-22 10:55:51  INFO      [root]  > message sent: {"type": "msg", "topic": "rt/wirelesscontroller", "data": {"lx": 0.0, "ly": 0.0, "rx": 0.6, "ry": 0.0, "keys": 0}}
2026-04-22 10:55:51  INFO      [root]  > message sent: {"type": "msg", "topic": "rt/wirelesscontroller", "data": {"lx": 0.0, "ly": 0.0, "rx": 0.6, "ry": 0.0, "keys": 0}}
2026-04-22 10:55:51  INFO      [root]  > message sent: {"type": "msg", "topic": "rt/wirelesscontroller", "data": {"lx": 0.0, "ly": 0.0, "rx": 0.6, "ry": 0.0, "keys": 0}}
2026-04-22 10:55:51  INFO      [root]  > message sent: {"type": "msg", "topic": "rt/wirelesscontroller", "data": {"lx": 0.0, "ly": 0.0, "rx": 0.6, "ry": 0.0, "keys": 0}}
2026-04-22 10:55:51  INFO      [root]  > message sent: {"type": "msg", "topic": "rt/wirelesscontroller", "data": {"lx": 0.0, "ly": 0.0, "rx": 0.6, "ry": 0.0, "keys": 0}}
2026-04-22 10:55:51  INFO      [root]  > message sent: {"type": "heartbeat", "topic": "", "data": {"timeInStr": "2026-04-22 10:55:51", "timeInNum": 1776826551}}
2026-04-22 10:55:51  INFO      [root]  > message sent: {"type": "msg", "topic": "rt/wirelesscontroller", "data": {"lx": 0.0, "ly": 0.0, "rx": 0.6, "ry": 0.0, "keys": 0}}
2026-04-22 10:55:51  INFO      [root]  > message sent: {"type": "msg", "topic": "rt/wirelesscontroller", "data": {"lx": 0.0, "ly": 0.0, "rx": 0.6, "ry": 0.0, "keys": 0}}
2026-04-22 10:55:51  INFO      [root]  Received message on data channel: {"type":"heartbeat"}
2026-04-22 10:55:51  INFO      [root]  Heartbeat response received.
2026-04-22 10:55:51  INFO      [root]  Received message on data channel: {"type":"msg","topic":"rt/lf/lowstate","data":{"imu_state":{"rpy":[-0.032331,0.056338,3.015045]},"motor_state":[{"q":0.146294,"temperature":39,"lost":6,"reserve":[0,600]},{"q":0.697942,"temperature":43,"lost":5,"reserve":[0,600]},{"q":-1.583592,"temperature":47,"lost":0,"reserve":[0,600]},{"q":0.156149,"temperature":38,"lost":5,"reserve":[0,600]},{"q":0.900317,"temperature":44,"lost":6,"reserve":[0,600]},{"q":-1.374898,"temperature":46,"lost":5,"reserve":[0,600]},{"q":-0.001163,"temperature":46,"lost":5,"reserve":[0,600]},{"q":0.640318,"temperature":45,"lost":6,"reserve":[0,600]},{"q":-1.383966,"temperature":46,"lost":5,"reserve":[0,600]},{"q":0.002980,"temperature":44,"lost":6,"reserve":[0,600]},{"q":0.619063,"temperature":53,"lost":5,"reserve":[0,600]},{"q":-1.511242,"temperature":56,"lost":0,"reserve":[0,600]},{"q":0,"temperature":0,"lost":0,"reserve":[0,0]},{"q":0,"temperature":0,"lost":0,"reserve":[0,0]},{"q":0,"temperature":0,"lost":0,"reserve":[0,0]},{"q":0,"temperature":0,"lost":0,"reserve":[0,0]},{"q":0,"temperature":0,"lost":0,"reserve":[0,0]},{"q":0,"temperature":0,"lost":0,"reserve":[0,0]},{"q":0,"temperature":0,"lost":0,"reserve":[0,0]},{"q":0,"temperature":0,"lost":0,"reserve":[0,0]}],"bms_state":{"version_high":1,"version_low":18,"soc":46,"current":-5347,"cycle":9,"bq_ntc":[28,28],"mcu_ntc":[34,31]},"foot_force":[72,48,84,54],"temperature_ntc1":47,"power_v":28.189390}}
2026-04-22 10:55:51  DEBUG     [unitree.backend]  [5A5383] 电量=46%
2026-04-22 10:55:51  INFO      [root]  > message sent: {"type": "msg", "topic": "rt/wirelesscontroller", "data": {"lx": 0.0, "ly": 0.0, "rx": 0.6, "ry": 0.0, "keys": 0}}
2026-04-22 10:55:51  INFO      [root]  > message sent: {"type": "msg", "topic": "rt/wirelesscontroller", "data": {"lx": 0.0, "ly": 0.0, "rx": 0.6, "ry": 0.0, "keys": 0}}
2026-04-22 10:55:51  INFO      [root]  > message sent: {"type": "msg", "topic": "rt/wirelesscontroller", "data": {"lx": 0.0, "ly": 0.0, "rx": 0.6, "ry": 0.0, "keys": 0}}
2026-04-22 10:55:51  INFO      [root]  > message sent: {"type": "msg", "topic": "rt/wirelesscontroller", "data": {"lx": 0.0, "ly": 0.0, "rx": 0.6, "ry": 0.0, "keys": 0}}
2026-04-22 10:55:51  INFO      [root]  > message sent: {"type": "msg", "topic": "rt/wirelesscontroller", "data": {"lx": 0.0, "ly": 0.0, "rx": 0.6, "ry": 0.0, "keys": 0}}
2026-04-22 10:55:51  INFO      [root]  > message sent: {"type": "msg", "topic": "rt/wirelesscontroller", "data": {"lx": 0.0, "ly": 0.0, "rx": 0.6, "ry": 0.0, "keys": 0}}
2026-04-22 10:55:51  INFO      [root]  > message sent: {"type": "msg", "topic": "rt/wirelesscontroller", "data": {"lx": 0.0, "ly": 0.0, "rx": 0.6, "ry": 0.0, "keys": 0}}
2026-04-22 10:55:52  INFO      [root]  > message sent: {"type": "msg", "topic": "rt/wirelesscontroller", "data": {"lx": 0.0, "ly": 0.0, "rx": 0.6, "ry": 0.0, "keys": 0}}
2026-04-22 10:55:52  INFO      [root]  > message sent: {"type": "msg", "topic": "rt/wirelesscontroller", "data": {"lx": 0.0, "ly": 0.0, "rx": 0.6, "ry": 0.0, "keys": 0}}
2026-04-22 10:55:52  INFO      [root]  > message sent: {"type": "msg", "topic": "rt/wirelesscontroller", "data": {"lx": 0.0, "ly": 0.0, "rx": 0.6, "ry": 0.0, "keys": 0}}
2026-04-22 10:55:52  INFO      [root]  > message sent: {"type": "msg", "topic": "rt/wirelesscontroller", "data": {"lx": 0.0, "ly": 0.0, "rx": 0.6, "ry": 0.0, "keys": 0}}
2026-04-22 10:55:52  INFO      [root]  > message sent: {"type": "msg", "topic": "rt/wirelesscontroller", "data": {"lx": 0.0, "ly": 0.0, "rx": 0.6, "ry": 0.0, "keys": 0}}
2026-04-22 10:55:52  INFO      [root]  > message sent: {"type": "msg", "topic": "rt/wirelesscontroller", "data": {"lx": 0.0, "ly": 0.0, "rx": 0.6, "ry": 0.0, "keys": 0}}
2026-04-22 10:55:52  INFO      [root]  > message sent: {"type": "msg", "topic": "rt/wirelesscontroller", "data": {"lx": 0.0, "ly": 0.0, "rx": 0.6, "ry": 0.0, "keys": 0}}
2026-04-22 10:55:52  INFO      [root]  Received message on data channel: {"type":"msg","topic":"rt/lf/lowstate","data":{"imu_state":{"rpy":[-0.081972,0.026898,1.274669]},"motor_state":[{"q":0.262317,"temperature":41,"lost":0,"reserve":[0,610]},{"q":0.821535,"temperature":49,"lost":5,"reserve":[0,610]},{"q":-1.592675,"temperature":49,"lost":5,"reserve":[0,610]},{"q":0.014298,"temperature":40,"lost":12,"reserve":[0,610]},{"q":0.711294,"temperature":49,"lost":5,"reserve":[0,610]},{"q":-1.590306,"temperature":47,"lost":5,"reserve":[0,610]},{"q":0.183197,"temperature":42,"lost":11,"reserve":[0,610]},{"q":0.718343,"temperature":42,"lost":5,"reserve":[0,610]},{"q":-1.643336,"temperature":45,"lost":5,"reserve":[0,610]},{"q":-0.244115,"temperature":42,"lost":6,"reserve":[0,610]},{"q":0.835790,"temperature":46,"lost":5,"reserve":[0,610]},{"q":-1.513248,"temperature":50,"lost":5,"reserve":[0,610]},{"q":0,"temperature":0,"lost":0,"reserve":[0,0]},{"q":0,"temperature":0,"lost":0,"reserve":[0,0]},{"q":0,"temperature":0,"lost":0,"reserve":[0,0]},{"q":0,"temperature":0,"lost":0,"reserve":[0,0]},{"q":0,"temperature":0,"lost":0,"reserve":[0,0]},{"q":0,"temperature":0,"lost":0,"reserve":[0,0]},{"q":0,"temperature":0,"lost":0,"reserve":[0,0]},{"q":0,"temperature":0,"lost":0,"reserve":[0,0]}],"bms_state":{"version_high":1,"version_low":18,"soc":49,"current":-3559,"cycle":16,"bq_ntc":[29,28],"mcu_ntc":[34,31]},"foot_force":[76,73,73,36],"temperature_ntc1":48,"power_v":28.357603}}
2026-04-22 10:55:52  DEBUG     [unitree.backend]  [Q89986] 电量=49%
2026-04-22 10:55:52  INFO      [root]  > message sent: {"type": "msg", "topic": "rt/wirelesscontroller", "data": {"lx": 0.0, "ly": 0.0, "rx": 0.6, "ry": 0.0, "keys": 0}}
2026-04-22 10:55:52  INFO      [root]  > message sent: {"type": "msg", "topic": "rt/wirelesscontroller", "data": {"lx": 0.0, "ly": 0.0, "rx": 0.6, "ry": 0.0, "keys": 0}}
2026-04-22 10:55:52  INFO      [root]  > message sent: {"type": "msg", "topic": "rt/wirelesscontroller", "data": {"lx": 0.0, "ly": 0.0, "rx": 0.6, "ry": 0.0, "keys": 0}}
2026-04-22 10:55:52  INFO      [root]  > message sent: {"type": "msg", "topic": "rt/wirelesscontroller", "data": {"lx": 0.0, "ly": 0.0, "rx": 0.6, "ry": 0.0, "keys": 0}}
2026-04-22 10:55:52  INFO      [root]  > message sent: {"type": "msg", "topic": "rt/wirelesscontroller", "data": {"lx": 0.0, "ly": 0.0, "rx": 0.6, "ry": 0.0, "keys": 0}}
2026-04-22 10:55:52  INFO      [root]  > message sent: {"type": "msg", "topic": "rt/wirelesscontroller", "data": {"lx": 0.0, "ly": 0.0, "rx": 0.6, "ry": 0.0, "keys": 0}}
2026-04-22 10:55:52  INFO      [root]  > message sent: {"type": "msg", "topic": "rt/wirelesscontroller", "data": {"lx": 0.0, "ly": 0.0, "rx": 0.6, "ry": 0.0, "keys": 0}}
2026-04-22 10:55:52  INFO      [root]  > message sent: {"type": "msg", "topic": "rt/wirelesscontroller", "data": {"lx": 0.0, "ly": 0.0, "rx": 0.6, "ry": 0.0, "keys": 0}}
2026-04-22 10:55:52  INFO      [root]  Received message on data channel: {"type":"msg","topic":"rt/lf/lowstate","data":{"imu_state":{"rpy":[-0.017599,0.045463,1.644257]},"motor_state":[{"q":0.404076,"temperature":39,"lost":6,"reserve":[0,595]},{"q":0.809424,"temperature":43,"lost":5,"reserve":[0,595]},{"q":-1.595029,"temperature":47,"lost":0,"reserve":[0,595]},{"q":0.002157,"temperature":38,"lost":5,"reserve":[0,595]},{"q":0.783264,"temperature":44,"lost":6,"reserve":[0,595]},{"q":-1.509994,"temperature":46,"lost":5,"reserve":[0,595]},{"q":0.135752,"temperature":46,"lost":5,"reserve":[0,595]},{"q":0.650491,"temperature":45,"lost":6,"reserve":[0,595]},{"q":-1.444436,"temperature":46,"lost":5,"reserve":[0,595]},{"q":-0.374490,"temperature":44,"lost":6,"reserve":[0,595]},{"q":0.820651,"temperature":53,"lost":5,"reserve":[0,595]},{"q":-1.612121,"temperature":56,"lost":0,"reserve":[0,595]},{"q":0,"temperature":0,"lost":0,"reserve":[0,0]},{"q":0,"temperature":0,"lost":0,"reserve":[0,0]},{"q":0,"temperature":0,"lost":0,"reserve":[0,0]},{"q":0,"temperature":0,"lost":0,"reserve":[0,0]},{"q":0,"temperature":0,"lost":0,"reserve":[0,0]},{"q":0,"temperature":0,"lost":0,"reserve":[0,0]},{"q":0,"temperature":0,"lost":0,"reserve":[0,0]},{"q":0,"temperature":0,"lost":0,"reserve":[0,0]}],"bms_state":{"version_high":1,"version_low":18,"soc":46,"current":-4106,"cycle":9,"bq_ntc":[28,28],"mcu_ntc":[34,31]},"foot_force":[72,48,84,54],"temperature_ntc1":47,"power_v":28.127415}}
2026-04-22 10:55:52  DEBUG     [unitree.backend]  [5A5383] 电量=46%
2026-04-22 10:55:52  INFO      [root]  > message sent: {"type": "msg", "topic": "rt/wirelesscontroller", "data": {"lx": 0.0, "ly": 0.0, "rx": 0.6, "ry": 0.0, "keys": 0}}
2026-04-22 10:55:52  INFO      [root]  > message sent: {"type": "msg", "topic": "rt/wirelesscontroller", "data": {"lx": 0.0, "ly": 0.0, "rx": 0.6, "ry": 0.0, "keys": 0}}
2026-04-22 10:55:52  INFO      [root]  > message sent: {"type": "msg", "topic": "rt/wirelesscontroller", "data": {"lx": 0.0, "ly": 0.0, "rx": 0.6, "ry": 0.0, "keys": 0}}
2026-04-22 10:55:52  INFO      [root]  > message sent: {"type": "msg", "topic": "rt/wirelesscontroller", "data": {"lx": 0.0, "ly": 0.0, "rx": 0.6, "ry": 0.0, "keys": 0}}
2026-04-22 10:55:52  INFO      [root]  > message sent: {"type": "msg", "topic": "rt/wirelesscontroller", "data": {"lx": 0.0, "ly": 0.0, "rx": 0.6, "ry": 0.0, "keys": 0}}
2026-04-22 10:55:52  INFO      [root]  > message sent: {"type": "msg", "topic": "rt/wirelesscontroller", "data": {"lx": 0.0, "ly": 0.0, "rx": 0.6, "ry": 0.0, "keys": 0}}
2026-04-22 10:55:52  INFO      [root]  > message sent: {"type": "msg", "topic": "rt/wirelesscontroller", "data": {"lx": 0.0, "ly": 0.0, "rx": 0.6, "ry": 0.0, "keys": 0}}
2026-04-22 10:55:52  INFO      [root]  > message sent: {"type": "msg", "topic": "rt/wirelesscontroller", "data": {"lx": 0.0, "ly": 0.0, "rx": 0.6, "ry": 0.0, "keys": 0}}
2026-04-22 10:55:53  INFO      [root]  > message sent: {"type": "msg", "topic": "rt/wirelesscontroller", "data": {"lx": 0.0, "ly": 0.0, "rx": 0.6, "ry": 0.0, "keys": 0}}
2026-04-22 10:55:53  INFO      [root]  > message sent: {"type": "msg", "topic": "rt/wirelesscontroller", "data": {"lx": 0.0, "ly": 0.0, "rx": 0.6, "ry": 0.0, "keys": 0}}
2026-04-22 10:55:53  INFO      [root]  > message sent: {"type": "msg", "topic": "rt/wirelesscontroller", "data": {"lx": 0.0, "ly": 0.0, "rx": 0.6, "ry": 0.0, "keys": 0}}
2026-04-22 10:55:53  INFO      [root]  > message sent: {"type": "msg", "topic": "rt/wirelesscontroller", "data": {"lx": 0.0, "ly": 0.0, "rx": 0.6, "ry": 0.0, "keys": 0}}
2026-04-22 10:55:53  INFO      [root]  > message sent: {"type": "msg", "topic": "rt/wirelesscontroller", "data": {"lx": 0.0, "ly": 0.0, "rx": 0.6, "ry": 0.0, "keys": 0}}
2026-04-22 10:55:53  INFO      [root]  > message sent: {"type": "msg", "topic": "rt/wirelesscontroller", "data": {"lx": 0.0, "ly": 0.0, "rx": 0.6, "ry": 0.0, "keys": 0}}
2026-04-22 10:55:53  INFO      [root]  Received message on data channel: {"type":"msg","topic":"rt/lf/lowstate","data":{"imu_state":{"rpy":[-0.041874,0.020694,-0.124210]},"motor_state":[{"q":0.275336,"temperature":41,"lost":0,"reserve":[0,619]},{"q":0.842820,"temperature":49,"lost":5,"reserve":[0,619]},{"q":-1.606355,"temperature":49,"lost":5,"reserve":[0,619]},{"q":0.054022,"temperature":40,"lost":12,"reserve":[0,619]},{"q":0.817962,"temperature":49,"lost":5,"reserve":[0,619]},{"q":-1.647554,"temperature":47,"lost":5,"reserve":[0,619]},{"q":0.058847,"temperature":42,"lost":11,"reserve":[0,619]},{"q":0.617792,"temperature":42,"lost":5,"reserve":[0,619]},{"q":-1.565488,"temperature":45,"lost":5,"reserve":[0,619]},{"q":-0.156462,"temperature":42,"lost":6,"reserve":[0,619]},{"q":0.737509,"temperature":46,"lost":5,"reserve":[0,619]},{"q":-1.487688,"temperature":50,"lost":5,"reserve":[0,619]},{"q":0,"temperature":0,"lost":0,"reserve":[0,0]},{"q":0,"temperature":0,"lost":0,"reserve":[0,0]},{"q":0,"temperature":0,"lost":0,"reserve":[0,0]},{"q":0,"temperature":0,"lost":0,"reserve":[0,0]},{"q":0,"temperature":0,"lost":0,"reserve":[0,0]},{"q":0,"temperature":0,"lost":0,"reserve":[0,0]},{"q":0,"temperature":0,"lost":0,"reserve":[0,0]},{"q":0,"temperature":0,"lost":0,"reserve":[0,0]}],"bms_state":{"version_high":1,"version_low":18,"soc":49,"current":-3323,"cycle":16,"bq_ntc":[29,28],"mcu_ntc":[34,31]},"foot_force":[76,73,73,36],"temperature_ntc1":48,"power_v":28.357603}}
2026-04-22 10:55:53  DEBUG     [unitree.backend]  [Q89986] 电量=49%
2026-04-22 10:55:53  INFO      [root]  > message sent: {"type": "msg", "topic": "rt/wirelesscontroller", "data": {"lx": 0.0, "ly": 0.0, "rx": 0.6, "ry": 0.0, "keys": 0}}
2026-04-22 10:55:53  INFO      [root]  > message sent: {"type": "msg", "topic": "rt/wirelesscontroller", "data": {"lx": 0.0, "ly": 0.0, "rx": 0.6, "ry": 0.0, "keys": 0}}
2026-04-22 10:55:53  INFO      [root]  > message sent: {"type": "heartbeat", "topic": "", "data": {"timeInStr": "2026-04-22 10:55:53", "timeInNum": 1776826553}}
2026-04-22 10:55:53  INFO      [root]  Received message on data channel: {"type":"heartbeat"}
2026-04-22 10:55:53  INFO      [root]  Heartbeat response received.
2026-04-22 10:55:53  INFO      [root]  > message sent: {"type": "msg", "topic": "rt/wirelesscontroller", "data": {"lx": 0.0, "ly": 0.0, "rx": 0.6, "ry": 0.0, "keys": 0}}
2026-04-22 10:55:53  INFO      [root]  > message sent: {"type": "msg", "topic": "rt/wirelesscontroller", "data": {"lx": 0.0, "ly": 0.0, "rx": 0.6, "ry": 0.0, "keys": 0}}
2026-04-22 10:55:53  INFO      [root]  > message sent: {"type": "msg", "topic": "rt/wirelesscontroller", "data": {"lx": 0.0, "ly": 0.0, "rx": 0.6, "ry": 0.0, "keys": 0}}
2026-04-22 10:55:53  INFO      [root]  > message sent: {"type": "msg", "topic": "rt/wirelesscontroller", "data": {"lx": 0.0, "ly": 0.0, "rx": 0.6, "ry": 0.0, "keys": 0}}
2026-04-22 10:55:53  INFO      [root]  > message sent: {"type": "msg", "topic": "rt/wirelesscontroller", "data": {"lx": 0.0, "ly": 0.0, "rx": 0.6, "ry": 0.0, "keys": 0}}
2026-04-22 10:55:53  INFO      [root]  > message sent: {"type": "msg", "topic": "rt/wirelesscontroller", "data": {"lx": 0.0, "ly": 0.0, "rx": 0.6, "ry": 0.0, "keys": 0}}
2026-04-22 10:55:53  INFO      [root]  > message sent: {"type": "heartbeat", "topic": "", "data": {"timeInStr": "2026-04-22 10:55:53", "timeInNum": 1776826553}}
2026-04-22 10:55:53  INFO      [root]  Received message on data channel: {"type":"heartbeat"}
2026-04-22 10:55:53  INFO      [root]  Heartbeat response received.
2026-04-22 10:55:53  INFO      [root]  Received message on data channel: {"type":"msg","topic":"rt/lf/lowstate","data":{"imu_state":{"rpy":[-0.021914,0.040824,0.243555]},"motor_state":[{"q":0.274913,"temperature":39,"lost":6,"reserve":[0,598]},{"q":0.845000,"temperature":43,"lost":5,"reserve":[0,598]},{"q":-1.601379,"temperature":47,"lost":0,"reserve":[0,598]},{"q":-0.055279,"temperature":38,"lost":5,"reserve":[0,598]},{"q":0.739937,"temperature":44,"lost":6,"reserve":[0,598]},{"q":-1.748228,"temperature":46,"lost":5,"reserve":[0,598]},{"q":0.098420,"temperature":46,"lost":5,"reserve":[0,598]},{"q":0.683524,"temperature":45,"lost":6,"reserve":[0,598]},{"q":-1.647269,"temperature":46,"lost":5,"reserve":[0,598]},{"q":-0.206510,"temperature":44,"lost":6,"reserve":[0,598]},{"q":0.742777,"temperature":53,"lost":5,"reserve":[0,598]},{"q":-1.502569,"temperature":56,"lost":0,"reserve":[0,598]},{"q":0,"temperature":0,"lost":0,"reserve":[0,0]},{"q":0,"temperature":0,"lost":0,"reserve":[0,0]},{"q":0,"temperature":0,"lost":0,"reserve":[0,0]},{"q":0,"temperature":0,"lost":0,"reserve":[0,0]},{"q":0,"temperature":0,"lost":0,"reserve":[0,0]},{"q":0,"temperature":0,"lost":0,"reserve":[0,0]},{"q":0,"temperature":0,"lost":0,"reserve":[0,0]},{"q":0,"temperature":0,"lost":0,"reserve":[0,0]}],"bms_state":{"version_high":1,"version_low":18,"soc":46,"current":-3357,"cycle":9,"bq_ntc":[28,28],"mcu_ntc":[34,31]},"foot_force":[72,48,84,54],"temperature_ntc1":47,"power_v":28.215948}}
2026-04-22 10:55:53  DEBUG     [unitree.backend]  [5A5383] 电量=46%
2026-04-22 10:55:53  INFO      [root]  > message sent: {"type": "msg", "topic": "rt/wirelesscontroller", "data": {"lx": 0.0, "ly": 0.0, "rx": 0.6, "ry": 0.0, "keys": 0}}
2026-04-22 10:55:53  INFO      [root]  > message sent: {"type": "msg", "topic": "rt/wirelesscontroller", "data": {"lx": 0.0, "ly": 0.0, "rx": 0.6, "ry": 0.0, "keys": 0}}
2026-04-22 10:55:53  INFO      [root]  > message sent: {"type": "msg", "topic": "rt/wirelesscontroller", "data": {"lx": 0.0, "ly": 0.0, "rx": 0.6, "ry": 0.0, "keys": 0}}
2026-04-22 10:55:53  INFO      [root]  > message sent: {"type": "msg", "topic": "rt/wirelesscontroller", "data": {"lx": 0.0, "ly": 0.0, "rx": 0.6, "ry": 0.0, "keys": 0}}
2026-04-22 10:55:53  INFO      [root]  > message sent: {"type": "msg", "topic": "rt/wirelesscontroller", "data": {"lx": 0.0, "ly": 0.0, "rx": 0.0, "ry": 0.0, "keys": 0}}
2026-04-22 10:55:53  INFO      [unitree.backend]  [编排] 收尾停止 → ['139ed91f', 'a7ef9574']
2026-04-22 10:55:53  INFO      [root]  > message sent: {"type": "msg", "topic": "rt/wirelesscontroller", "data": {"lx": 0.0, "ly": 0.0, "rx": 0.0, "ry": 0.0, "keys": 0}}
2026-04-22 10:55:53  INFO      [unitree.backend]  [playback verbose] OFF
2026-04-22 10:55:53  INFO      [unitree.backend]  [用户操作] 编排播放完成 | 新编排
2026-04-22 10:55:53  INFO      [unitree.backend]  ⏹ 编排收尾停止 → Q89986, 5A5383
2026-04-22 10:55:54  INFO      [unitree.backend]  [编排收尾] 已发送 → Q89986, 5A5383
2026-04-22 10:55:55  INFO      [root]  Heartbeat response received.
2026-04-22 10:55:55  INFO      [root]  Heartbeat response received.
2026-04-22 10:55:57  INFO      [root]  Heartbeat response received.
2026-04-22 10:55:57  INFO      [root]  Heartbeat response received.
2026-04-22 10:55:59  INFO      [root]  Heartbeat response received.
2026-04-22 10:55:59  INFO      [root]  Heartbeat response received.
2026-04-22 10:56:01  INFO      [root]  Heartbeat response received.
2026-04-22 10:56:01  INFO      [root]  Heartbeat response received.
2026-04-22 10:56:02  INFO      [unitree.backend]  [playback verbose] OFF
2026-04-22 10:56:03  INFO      [root]  Heartbeat response received.
2026-04-22 10:56:03  INFO      [root]  Heartbeat response received.
2026-04-22 10:56:05  INFO      [root]  Heartbeat response received.
2026-04-22 10:56:05  INFO      [root]  Heartbeat response received.
2026-04-22 10:56:07  INFO      [root]  Heartbeat response received.
2026-04-22 10:56:07  INFO      [root]  Heartbeat response received.
2026-04-22 10:56:09  INFO      [root]  Heartbeat response received.
2026-04-22 10:56:09  INFO      [root]  Heartbeat response received.
2026-04-22 10:56:11  INFO      [root]  Heartbeat response received.
2026-04-22 10:56:11  INFO      [root]  Heartbeat response received.
2026-04-22 10:56:13  INFO      [root]  Heartbeat response received.
2026-04-22 10:56:13  INFO      [root]  Heartbeat response received.
2026-04-22 10:56:15  INFO      [root]  Heartbeat response received.
2026-04-22 10:56:15  INFO      [root]  Heartbeat response received.
2026-04-22 10:56:17  INFO      [root]  Heartbeat response received.
2026-04-22 10:56:17  INFO      [root]  Heartbeat response received.
2026-04-22 10:56:19  INFO      [root]  Heartbeat response received.
2026-04-22 10:56:19  INFO      [root]  Heartbeat response received.
2026-04-22 10:56:21  INFO      [root]  Heartbeat response received.
2026-04-22 10:56:21  INFO      [root]  Heartbeat response received.
2026-04-22 10:56:23  INFO      [root]  Heartbeat response received.
2026-04-22 10:56:23  INFO      [root]  Heartbeat response received.
2026-04-22 10:56:25  INFO      [root]  Heartbeat response received.
2026-04-22 10:56:25  INFO      [root]  Heartbeat response received.
2026-04-22 10:56:27  INFO      [root]  Heartbeat response received.
2026-04-22 10:56:27  INFO      [root]  Heartbeat response received.
2026-04-22 10:56:29  INFO      [root]  Heartbeat response received.
2026-04-22 10:56:29  INFO      [root]  Heartbeat response received.
2026-04-22 10:56:31  INFO      [root]  Heartbeat response received.
2026-04-22 10:56:31  INFO      [root]  Heartbeat response received.
2026-04-22 10:56:33  INFO      [root]  Heartbeat response received.
2026-04-22 10:56:33  INFO      [root]  Heartbeat response received.
2026-04-22 10:56:35  INFO      [root]  Heartbeat response received.
2026-04-22 10:56:35  INFO      [root]  Heartbeat response received.
2026-04-22 10:56:37  INFO      [root]  Heartbeat response received.
2026-04-22 10:56:37  INFO      [root]  Heartbeat response received.
2026-04-22 10:56:39  INFO      [root]  Heartbeat response received.
2026-04-22 10:56:39  INFO      [root]  Heartbeat response received.
2026-04-22 10:56:41  INFO      [unitree.ui]  [用户操作] 全选 (2 台)
2026-04-22 10:56:41  INFO      [root]  Heartbeat response received.
2026-04-22 10:56:41  INFO      [root]  Heartbeat response received.
2026-04-22 10:56:43  INFO      [root]  Heartbeat response received.
2026-04-22 10:56:43  INFO      [root]  Heartbeat response received.
2026-04-22 10:56:45  INFO      [root]  Heartbeat response received.
2026-04-22 10:56:45  INFO      [root]  Heartbeat response received.
2026-04-22 10:56:47  INFO      [root]  Heartbeat response received.
2026-04-22 10:56:47  INFO      [root]  Heartbeat response received.
2026-04-22 10:56:49  INFO      [root]  Heartbeat response received.
2026-04-22 10:56:49  INFO      [root]  Heartbeat response received.
2026-04-22 10:56:51  INFO      [root]  Heartbeat response received.
2026-04-22 10:56:51  INFO      [root]  Heartbeat response received.
2026-04-22 10:56:53  INFO      [root]  Heartbeat response received.
2026-04-22 10:56:53  INFO      [root]  Heartbeat response received.
2026-04-22 10:56:55  INFO      [root]  Heartbeat response received.
2026-04-22 10:56:55  INFO      [root]  Heartbeat response received.
2026-04-22 10:56:57  INFO      [root]  Heartbeat response received.
2026-04-22 10:56:57  INFO      [unitree.backend]  [用户操作] Go2 动作 [舞蹈1(api_id=1022)] | 目标=['139ed91f', 'a7ef9574']
2026-04-22 10:56:57  INFO      [unitree.backend]  ▶ 发送 [Dance1(api_id=1022)] → Q89986, 5A5383
2026-04-22 10:56:57  INFO      [root]  Heartbeat response received.
2026-04-22 10:56:59  INFO      [root]  Heartbeat response received.
2026-04-22 10:56:59  INFO      [root]  Heartbeat response received.
2026-04-22 10:57:01  INFO      [root]  Heartbeat response received.
2026-04-22 10:57:01  INFO      [root]  Heartbeat response received.
2026-04-22 10:57:03  INFO      [root]  Heartbeat response received.
2026-04-22 10:57:03  INFO      [root]  Heartbeat response received.
2026-04-22 10:57:05  INFO      [root]  Heartbeat response received.
2026-04-22 10:57:05  INFO      [root]  Heartbeat response received.
2026-04-22 10:57:07  INFO      [root]  Heartbeat response received.
2026-04-22 10:57:07  INFO      [root]  Heartbeat response received.
2026-04-22 10:57:09  INFO      [root]  Heartbeat response received.
2026-04-22 10:57:09  INFO      [root]  Heartbeat response received.
2026-04-22 10:57:11  INFO      [root]  Heartbeat response received.
2026-04-22 10:57:11  INFO      [root]  Heartbeat response received.
2026-04-22 10:57:13  INFO      [root]  Heartbeat response received.
2026-04-22 10:57:13  INFO      [root]  Heartbeat response received.
2026-04-22 10:57:15  INFO      [unitree.backend]  [Q89986] 指令 [Dance1] 成功，响应：{'type': 'res', 'topic': 'rt/api/sport/response', 'data': {'header': {'identity': {'api_id': 1022, 'id': 857641736}, 'status': {'code': 0}}, 'data': ''}}
2026-04-22 10:57:15  INFO      [unitree.backend]  [5A5383] 指令 [Dance1] 成功，响应：{'type': 'res', 'topic': 'rt/api/sport/response', 'data': {'header': {'identity': {'api_id': 1022, 'id': 857641226}, 'status': {'code': 0}}, 'data': ''}}
2026-04-22 10:57:15  INFO      [root]  Heartbeat response received.
2026-04-22 10:57:15  INFO      [root]  Heartbeat response received.
2026-04-22 10:57:17  INFO      [root]  Heartbeat response received.
2026-04-22 10:57:17  INFO      [root]  Heartbeat response received.
2026-04-22 10:57:19  INFO      [root]  Heartbeat response received.
2026-04-22 10:57:19  INFO      [root]  Heartbeat response received.
2026-04-22 10:57:21  INFO      [root]  Heartbeat response received.
2026-04-22 10:57:21  INFO      [root]  Heartbeat response received.
2026-04-22 10:57:23  INFO      [root]  Heartbeat response received.
2026-04-22 10:57:23  INFO      [root]  Heartbeat response received.
2026-04-22 10:57:25  INFO      [root]  Heartbeat response received.
2026-04-22 10:57:25  INFO      [root]  Heartbeat response received.
2026-04-22 10:57:27  INFO      [root]  Heartbeat response received.
2026-04-22 10:57:27  INFO      [root]  Heartbeat response received.
2026-04-22 10:57:29  INFO      [root]  Heartbeat response received.
2026-04-22 10:57:30  INFO      [root]  Heartbeat response received.
2026-04-22 10:57:31  INFO      [root]  Heartbeat response received.
2026-04-22 10:57:32  INFO      [root]  Heartbeat response received.
2026-04-22 10:57:33  INFO      [root]  Heartbeat response received.
2026-04-22 10:57:34  INFO      [root]  Heartbeat response received.
2026-04-22 10:57:35  INFO      [root]  Heartbeat response received.
2026-04-22 10:57:36  INFO      [root]  Heartbeat response received.
2026-04-22 10:57:37  INFO      [root]  Heartbeat response received.
2026-04-22 10:57:38  INFO      [root]  Heartbeat response received.
2026-04-22 10:57:39  INFO      [root]  Heartbeat response received.
2026-04-22 10:57:40  INFO      [root]  Heartbeat response received.
2026-04-22 10:57:41  INFO      [root]  Heartbeat response received.
2026-04-22 10:57:42  INFO      [root]  Heartbeat response received.
2026-04-22 10:57:43  INFO      [root]  Heartbeat response received.
2026-04-22 10:57:44  INFO      [root]  Heartbeat response received.
2026-04-22 10:57:45  INFO      [root]  Heartbeat response received.
2026-04-22 10:57:46  INFO      [root]  Heartbeat response received.
2026-04-22 10:57:47  INFO      [root]  Heartbeat response received.
2026-04-22 10:57:48  INFO      [root]  Heartbeat response received.
2026-04-22 10:57:49  INFO      [root]  Heartbeat response received.
2026-04-22 10:57:50  INFO      [root]  Heartbeat response received.
2026-04-22 10:57:51  INFO      [root]  Heartbeat response received.
2026-04-22 10:57:52  INFO      [root]  Heartbeat response received.
2026-04-22 10:57:53  INFO      [root]  Heartbeat response received.
2026-04-22 10:57:54  INFO      [root]  Heartbeat response received.
2026-04-22 10:57:55  INFO      [root]  Heartbeat response received.
2026-04-22 10:57:56  INFO      [root]  Heartbeat response received.
2026-04-22 10:57:57  INFO      [root]  Heartbeat response received.
2026-04-22 10:57:58  INFO      [root]  Heartbeat response received.
2026-04-22 10:57:59  INFO      [root]  Heartbeat response received.
2026-04-22 10:58:00  INFO      [root]  Heartbeat response received.
2026-04-22 10:58:01  INFO      [root]  Heartbeat response received.
2026-04-22 10:58:02  INFO      [root]  Heartbeat response received.
2026-04-22 10:58:03  INFO      [root]  Heartbeat response received.
2026-04-22 10:58:04  INFO      [root]  Heartbeat response received.
2026-04-22 10:58:05  INFO      [root]  Heartbeat response received.
2026-04-22 10:58:06  INFO      [root]  Heartbeat response received.
2026-04-22 10:58:07  INFO      [root]  Heartbeat response received.
2026-04-22 10:58:08  INFO      [root]  Heartbeat response received.
2026-04-22 10:58:09  INFO      [root]  Heartbeat response received.
2026-04-22 10:58:10  INFO      [root]  Heartbeat response received.
2026-04-22 10:58:11  INFO      [root]  Heartbeat response received.
2026-04-22 10:58:12  INFO      [root]  Heartbeat response received.
2026-04-22 10:58:13  INFO      [root]  Heartbeat response received.
2026-04-22 10:58:14  INFO      [root]  Heartbeat response received.
2026-04-22 10:58:15  INFO      [root]  Heartbeat response received.
2026-04-22 10:58:16  INFO      [root]  Heartbeat response received.
2026-04-22 10:58:17  INFO      [root]  Heartbeat response received.
2026-04-22 10:58:18  INFO      [root]  Heartbeat response received.
2026-04-22 10:58:19  INFO      [root]  Heartbeat response received.
2026-04-22 10:58:20  INFO      [root]  Heartbeat response received.
2026-04-22 10:58:21  INFO      [root]  Heartbeat response received.
2026-04-22 10:58:22  INFO      [root]  Heartbeat response received.
2026-04-22 10:58:23  INFO      [root]  Heartbeat response received.
2026-04-22 10:58:24  INFO      [root]  Heartbeat response received.
2026-04-22 10:58:25  INFO      [root]  Heartbeat response received.
2026-04-22 10:58:26  INFO      [root]  Heartbeat response received.
2026-04-22 10:58:28  INFO      [root]  Heartbeat response received.
2026-04-22 10:58:28  INFO      [root]  Heartbeat response received.
2026-04-22 10:58:30  INFO      [root]  Heartbeat response received.
2026-04-22 10:58:30  INFO      [root]  Heartbeat response received.
2026-04-22 10:58:32  INFO      [root]  Heartbeat response received.
2026-04-22 10:58:32  INFO      [root]  Heartbeat response received.
2026-04-22 10:58:34  INFO      [root]  Heartbeat response received.
2026-04-22 10:58:34  INFO      [root]  Heartbeat response received.
2026-04-22 10:58:36  INFO      [root]  Heartbeat response received.
2026-04-22 10:58:36  INFO      [root]  Heartbeat response received.
2026-04-22 10:58:38  INFO      [root]  Heartbeat response received.
2026-04-22 10:58:38  INFO      [root]  Heartbeat response received.
2026-04-22 10:58:40  INFO      [root]  Heartbeat response received.
2026-04-22 10:58:40  INFO      [root]  Heartbeat response received.
2026-04-22 10:58:42  INFO      [root]  Heartbeat response received.
2026-04-22 10:58:42  INFO      [root]  Heartbeat response received.
2026-04-22 10:58:44  INFO      [root]  Heartbeat response received.
2026-04-22 10:58:44  INFO      [root]  Heartbeat response received.
2026-04-22 10:58:46  INFO      [root]  Heartbeat response received.
2026-04-22 10:58:46  INFO      [root]  Heartbeat response received.
2026-04-22 10:58:48  INFO      [root]  Heartbeat response received.
2026-04-22 10:58:48  INFO      [root]  Heartbeat response received.
2026-04-22 10:58:50  INFO      [root]  Heartbeat response received.
2026-04-22 10:58:50  INFO      [root]  Heartbeat response received.
2026-04-22 10:58:52  INFO      [root]  Heartbeat response received.
2026-04-22 10:58:52  INFO      [root]  Heartbeat response received.
2026-04-22 10:58:54  INFO      [root]  Heartbeat response received.
2026-04-22 10:58:54  INFO      [root]  Heartbeat response received.
2026-04-22 10:58:56  INFO      [root]  Heartbeat response received.
2026-04-22 10:58:56  INFO      [root]  Heartbeat response received.
2026-04-22 10:58:58  INFO      [root]  Heartbeat response received.
2026-04-22 10:58:58  INFO      [root]  Heartbeat response received.
2026-04-22 10:59:00  INFO      [root]  Heartbeat response received.
2026-04-22 10:59:00  INFO      [root]  Heartbeat response received.
2026-04-22 10:59:02  INFO      [root]  Heartbeat response received.
2026-04-22 10:59:02  INFO      [root]  Heartbeat response received.
2026-04-22 10:59:04  INFO      [root]  Heartbeat response received.
2026-04-22 10:59:04  INFO      [root]  Heartbeat response received.
2026-04-22 10:59:06  INFO      [root]  Heartbeat response received.
2026-04-22 10:59:06  INFO      [root]  Heartbeat response received.
2026-04-22 10:59:08  INFO      [root]  Heartbeat response received.
2026-04-22 10:59:08  INFO      [root]  Heartbeat response received.
2026-04-22 10:59:10  INFO      [root]  Heartbeat response received.
2026-04-22 10:59:10  INFO      [root]  Heartbeat response received.
2026-04-22 10:59:12  INFO      [root]  Heartbeat response received.
2026-04-22 10:59:12  INFO      [root]  Heartbeat response received.
2026-04-22 10:59:14  INFO      [root]  Heartbeat response received.
2026-04-22 10:59:14  INFO      [root]  Heartbeat response received.
2026-04-22 10:59:16  INFO      [root]  Heartbeat response received.
2026-04-22 10:59:16  INFO      [root]  Heartbeat response received.
2026-04-22 10:59:18  INFO      [root]  Heartbeat response received.
2026-04-22 10:59:18  INFO      [root]  Heartbeat response received.
2026-04-22 10:59:20  INFO      [root]  Heartbeat response received.
2026-04-22 10:59:20  INFO      [root]  Heartbeat response received.
2026-04-22 10:59:22  INFO      [root]  Heartbeat response received.
2026-04-22 10:59:22  INFO      [root]  Heartbeat response received.
2026-04-22 10:59:24  INFO      [root]  Heartbeat response received.
2026-04-22 10:59:24  INFO      [root]  Heartbeat response received.
2026-04-22 10:59:26  INFO      [root]  Heartbeat response received.
2026-04-22 10:59:26  INFO      [root]  Heartbeat response received.
2026-04-22 10:59:28  INFO      [root]  Heartbeat response received.
2026-04-22 10:59:28  INFO      [root]  Heartbeat response received.
2026-04-22 10:59:30  INFO      [root]  Heartbeat response received.
2026-04-22 10:59:30  INFO      [root]  Heartbeat response received.
2026-04-22 10:59:32  INFO      [root]  Heartbeat response received.
2026-04-22 10:59:32  INFO      [root]  Heartbeat response received.
2026-04-22 10:59:34  INFO      [root]  Heartbeat response received.
2026-04-22 10:59:34  INFO      [root]  Heartbeat response received.
2026-04-22 10:59:36  INFO      [root]  Heartbeat response received.
2026-04-22 10:59:36  INFO      [root]  Heartbeat response received.
2026-04-22 10:59:38  INFO      [root]  Heartbeat response received.
2026-04-22 10:59:38  INFO      [root]  Heartbeat response received.
2026-04-22 10:59:40  INFO      [root]  Heartbeat response received.
2026-04-22 10:59:40  INFO      [root]  Heartbeat response received.
2026-04-22 10:59:42  INFO      [root]  Heartbeat response received.
2026-04-22 10:59:42  INFO      [root]  Heartbeat response received.
2026-04-22 10:59:44  INFO      [root]  Heartbeat response received.
2026-04-22 10:59:44  INFO      [root]  Heartbeat response received.
2026-04-22 10:59:46  INFO      [root]  Heartbeat response received.
2026-04-22 10:59:46  INFO      [root]  Heartbeat response received.
2026-04-22 10:59:48  INFO      [root]  Heartbeat response received.
2026-04-22 10:59:48  INFO      [root]  Heartbeat response received.
2026-04-22 10:59:50  INFO      [root]  Heartbeat response received.
2026-04-22 10:59:50  INFO      [root]  Heartbeat response received.
2026-04-22 10:59:52  INFO      [root]  Heartbeat response received.
2026-04-22 10:59:52  INFO      [root]  Heartbeat response received.
2026-04-22 10:59:54  INFO      [root]  Heartbeat response received.
2026-04-22 10:59:54  INFO      [root]  Heartbeat response received.
2026-04-22 10:59:56  INFO      [root]  Heartbeat response received.
2026-04-22 10:59:56  INFO      [root]  Heartbeat response received.
2026-04-22 10:59:58  INFO      [root]  Heartbeat response received.
2026-04-22 10:59:58  INFO      [root]  Heartbeat response received.
2026-04-22 11:00:00  INFO      [root]  Heartbeat response received.
2026-04-22 11:00:00  INFO      [root]  Heartbeat response received.
2026-04-22 11:00:02  INFO      [root]  Heartbeat response received.
2026-04-22 11:00:02  INFO      [root]  Heartbeat response received.
2026-04-22 11:00:04  INFO      [root]  Heartbeat response received.
2026-04-22 11:00:04  INFO      [root]  Heartbeat response received.
2026-04-22 11:00:06  INFO      [root]  Heartbeat response received.
2026-04-22 11:00:06  INFO      [root]  Heartbeat response received.
2026-04-22 11:00:08  INFO      [root]  Heartbeat response received.
2026-04-22 11:00:08  INFO      [root]  Heartbeat response received.
2026-04-22 11:00:10  INFO      [root]  Heartbeat response received.
2026-04-22 11:00:10  INFO      [root]  Heartbeat response received.
2026-04-22 11:00:12  INFO      [root]  Heartbeat response received.
2026-04-22 11:00:12  INFO      [root]  Heartbeat response received.
2026-04-22 11:00:14  INFO      [root]  Heartbeat response received.
2026-04-22 11:00:14  INFO      [root]  Heartbeat response received.
2026-04-22 11:00:16  INFO      [root]  Heartbeat response received.
2026-04-22 11:00:16  INFO      [root]  Heartbeat response received.
2026-04-22 11:00:18  INFO      [root]  Heartbeat response received.
2026-04-22 11:00:18  INFO      [root]  Heartbeat response received.
2026-04-22 11:00:20  INFO      [root]  Heartbeat response received.
2026-04-22 11:00:20  INFO      [root]  Heartbeat response received.
2026-04-22 11:00:22  INFO      [root]  Heartbeat response received.
2026-04-22 11:00:22  INFO      [root]  Heartbeat response received.
2026-04-22 11:00:24  INFO      [root]  Heartbeat response received.
2026-04-22 11:00:24  INFO      [root]  Heartbeat response received.
2026-04-22 11:00:26  INFO      [root]  Heartbeat response received.
2026-04-22 11:00:26  INFO      [root]  Heartbeat response received.
2026-04-22 11:00:28  INFO      [root]  Heartbeat response received.
2026-04-22 11:00:28  INFO      [root]  Heartbeat response received.
2026-04-22 11:00:30  INFO      [root]  Heartbeat response received.
2026-04-22 11:00:30  INFO      [root]  Heartbeat response received.
2026-04-22 11:00:32  INFO      [root]  Heartbeat response received.
2026-04-22 11:00:32  INFO      [root]  Heartbeat response received.
2026-04-22 11:00:34  INFO      [root]  Heartbeat response received.
2026-04-22 11:00:34  INFO      [root]  Heartbeat response received.
2026-04-22 11:00:36  INFO      [root]  Heartbeat response received.
2026-04-22 11:00:36  INFO      [root]  Heartbeat response received.
2026-04-22 11:00:38  INFO      [root]  Heartbeat response received.
2026-04-22 11:00:38  INFO      [root]  Heartbeat response received.
2026-04-22 11:00:40  INFO      [root]  Heartbeat response received.
2026-04-22 11:00:40  INFO      [root]  Heartbeat response received.
2026-04-22 11:00:42  INFO      [root]  Heartbeat response received.
2026-04-22 11:00:42  INFO      [root]  Heartbeat response received.
2026-04-22 11:00:44  INFO      [root]  Heartbeat response received.
2026-04-22 11:00:44  INFO      [root]  Heartbeat response received.
2026-04-22 11:00:46  INFO      [root]  Heartbeat response received.
2026-04-22 11:00:46  INFO      [root]  Heartbeat response received.
2026-04-22 11:00:48  INFO      [root]  Heartbeat response received.
2026-04-22 11:00:48  INFO      [root]  Heartbeat response received.
2026-04-22 11:00:50  INFO      [root]  Heartbeat response received.
2026-04-22 11:00:50  INFO      [root]  Heartbeat response received.
2026-04-22 11:00:52  INFO      [root]  Heartbeat response received.
2026-04-22 11:00:52  INFO      [root]  Heartbeat response received.
2026-04-22 11:00:54  INFO      [root]  Heartbeat response received.
2026-04-22 11:00:54  INFO      [root]  Heartbeat response received.
2026-04-22 11:00:56  INFO      [root]  Heartbeat response received.
2026-04-22 11:00:56  INFO      [root]  Heartbeat response received.
2026-04-22 11:00:58  INFO      [root]  Heartbeat response received.
2026-04-22 11:00:58  INFO      [root]  Heartbeat response received.
2026-04-22 11:01:00  INFO      [root]  Heartbeat response received.
2026-04-22 11:01:00  INFO      [root]  Heartbeat response received.
2026-04-22 11:01:02  INFO      [root]  Heartbeat response received.
2026-04-22 11:01:02  INFO      [root]  Heartbeat response received.
2026-04-22 11:01:04  INFO      [root]  Heartbeat response received.
2026-04-22 11:01:04  INFO      [root]  Heartbeat response received.
2026-04-22 11:01:06  INFO      [root]  Heartbeat response received.
2026-04-22 11:01:06  INFO      [root]  Heartbeat response received.
2026-04-22 11:01:08  INFO      [root]  Heartbeat response received.
2026-04-22 11:01:08  INFO      [root]  Heartbeat response received.
2026-04-22 11:01:10  INFO      [root]  Heartbeat response received.
2026-04-22 11:01:10  INFO      [root]  Heartbeat response received.
2026-04-22 11:01:12  INFO      [root]  Heartbeat response received.
2026-04-22 11:01:12  INFO      [root]  Heartbeat response received.
2026-04-22 11:01:14  INFO      [root]  Heartbeat response received.
2026-04-22 11:01:14  INFO      [root]  Heartbeat response received.
2026-04-22 11:01:16  INFO      [root]  Heartbeat response received.
2026-04-22 11:01:16  INFO      [root]  Heartbeat response received.
2026-04-22 11:01:18  INFO      [root]  Heartbeat response received.
2026-04-22 11:01:18  INFO      [root]  Heartbeat response received.
2026-04-22 11:01:20  INFO      [root]  Heartbeat response received.
2026-04-22 11:01:20  INFO      [root]  Heartbeat response received.
2026-04-22 11:01:22  INFO      [root]  Heartbeat response received.
2026-04-22 11:01:22  INFO      [root]  Heartbeat response received.
2026-04-22 11:01:24  INFO      [root]  Heartbeat response received.
2026-04-22 11:01:24  INFO      [root]  Heartbeat response received.
2026-04-22 11:01:26  INFO      [root]  Heartbeat response received.
2026-04-22 11:01:26  INFO      [root]  Heartbeat response received.
2026-04-22 11:01:28  INFO      [root]  Heartbeat response received.
2026-04-22 11:01:28  INFO      [root]  Heartbeat response received.
2026-04-22 11:01:30  INFO      [root]  Heartbeat response received.
2026-04-22 11:01:30  INFO      [root]  Heartbeat response received.
2026-04-22 11:01:32  INFO      [root]  Heartbeat response received.
2026-04-22 11:01:32  INFO      [root]  Heartbeat response received.
2026-04-22 11:01:34  INFO      [root]  Heartbeat response received.
2026-04-22 11:01:34  INFO      [root]  Heartbeat response received.
2026-04-22 11:01:36  INFO      [root]  Heartbeat response received.
2026-04-22 11:01:36  INFO      [root]  Heartbeat response received.
2026-04-22 11:01:38  INFO      [root]  Heartbeat response received.
2026-04-22 11:01:38  INFO      [root]  Heartbeat response received.
2026-04-22 11:01:40  INFO      [root]  Heartbeat response received.
2026-04-22 11:01:40  INFO      [root]  Heartbeat response received.
2026-04-22 11:01:42  INFO      [root]  Heartbeat response received.
2026-04-22 11:01:42  INFO      [root]  Heartbeat response received.
2026-04-22 11:01:44  INFO      [root]  Heartbeat response received.
2026-04-22 11:01:44  INFO      [root]  Heartbeat response received.
2026-04-22 11:01:46  INFO      [root]  Heartbeat response received.
2026-04-22 11:01:46  INFO      [root]  Heartbeat response received.
2026-04-22 11:01:48  INFO      [root]  Heartbeat response received.
2026-04-22 11:01:48  INFO      [root]  Heartbeat response received.
2026-04-22 11:01:50  INFO      [root]  Heartbeat response received.
2026-04-22 11:01:50  INFO      [root]  Heartbeat response received.
2026-04-22 11:01:52  INFO      [root]  Heartbeat response received.
2026-04-22 11:01:52  INFO      [root]  Heartbeat response received.
2026-04-22 11:01:53  ERROR     [root]  Error processing WebRTC data
Traceback (most recent call last):
  File "unitree_webrtc_connect\webrtc_datachannel.py", line 80, in on_message
  File "unitree_webrtc_connect\webrtc_datachannel.py", line 98, in handle_response
  File "unitree_webrtc_connect\msgs\error_handler.py", line 76, in handle_error
TypeError: cannot unpack non-iterable int object
2026-04-22 11:01:54  INFO      [root]  Heartbeat response received.
2026-04-22 11:01:54  INFO      [root]  Heartbeat response received.
2026-04-22 11:01:56  INFO      [root]  Heartbeat response received.
2026-04-22 11:01:56  INFO      [root]  Heartbeat response received.
2026-04-22 11:01:58  INFO      [root]  Heartbeat response received.
2026-04-22 11:01:58  INFO      [root]  Heartbeat response received.
2026-04-22 11:01:59  ERROR     [root]  Error processing WebRTC data
Traceback (most recent call last):
  File "unitree_webrtc_connect\webrtc_datachannel.py", line 80, in on_message
  File "unitree_webrtc_connect\webrtc_datachannel.py", line 98, in handle_response
  File "unitree_webrtc_connect\msgs\error_handler.py", line 76, in handle_error
TypeError: cannot unpack non-iterable int object
2026-04-22 11:02:00  INFO      [root]  Heartbeat response received.
2026-04-22 11:02:00  INFO      [root]  Heartbeat response received.
2026-04-22 11:02:02  INFO      [root]  Heartbeat response received.
2026-04-22 11:02:02  INFO      [root]  Heartbeat response received.
2026-04-22 11:02:04  INFO      [root]  Heartbeat response received.
2026-04-22 11:02:04  INFO      [root]  Heartbeat response received.
2026-04-22 11:02:06  INFO      [root]  Heartbeat response received.
2026-04-22 11:02:06  INFO      [root]  Heartbeat response received.
2026-04-22 11:02:08  INFO      [root]  Heartbeat response received.
2026-04-22 11:02:08  INFO      [root]  Heartbeat response received.
2026-04-22 11:02:10  INFO      [root]  Heartbeat response received.
2026-04-22 11:02:10  INFO      [root]  Heartbeat response received.
2026-04-22 11:02:12  INFO      [root]  Heartbeat response received.
2026-04-22 11:02:12  INFO      [root]  Heartbeat response received.
2026-04-22 11:02:14  INFO      [root]  Heartbeat response received.
2026-04-22 11:02:14  INFO      [root]  Heartbeat response received.
2026-04-22 11:02:16  INFO      [root]  Heartbeat response received.
2026-04-22 11:02:16  INFO      [root]  Heartbeat response received.
2026-04-22 11:02:18  INFO      [root]  Heartbeat response received.
2026-04-22 11:02:18  INFO      [root]  Heartbeat response received.
2026-04-22 11:02:20  INFO      [root]  Heartbeat response received.
2026-04-22 11:02:20  INFO      [root]  Heartbeat response received.
2026-04-22 11:02:22  INFO      [root]  Heartbeat response received.
2026-04-22 11:02:22  INFO      [root]  Heartbeat response received.
2026-04-22 11:02:24  INFO      [root]  Heartbeat response received.
2026-04-22 11:02:24  INFO      [root]  Heartbeat response received.
2026-04-22 11:02:26  INFO      [root]  Heartbeat response received.
2026-04-22 11:02:26  INFO      [root]  Heartbeat response received.
2026-04-22 11:02:28  INFO      [root]  Heartbeat response received.
2026-04-22 11:02:28  INFO      [root]  Heartbeat response received.
2026-04-22 11:02:30  INFO      [root]  Heartbeat response received.
2026-04-22 11:02:30  INFO      [root]  Heartbeat response received.
2026-04-22 11:02:32  INFO      [root]  Heartbeat response received.
2026-04-22 11:02:33  INFO      [root]  Heartbeat response received.
2026-04-22 11:02:34  INFO      [root]  Heartbeat response received.
2026-04-22 11:02:35  INFO      [root]  Heartbeat response received.
2026-04-22 11:02:36  INFO      [root]  Heartbeat response received.
2026-04-22 11:02:37  INFO      [root]  Heartbeat response received.
2026-04-22 11:02:38  INFO      [root]  Heartbeat response received.
2026-04-22 11:02:39  INFO      [root]  Heartbeat response received.
2026-04-22 11:02:40  INFO      [root]  Heartbeat response received.
2026-04-22 11:02:41  INFO      [root]  Heartbeat response received.
2026-04-22 11:02:42  INFO      [root]  Heartbeat response received.
2026-04-22 11:02:43  INFO      [root]  Heartbeat response received.
2026-04-22 11:02:44  INFO      [root]  Heartbeat response received.
2026-04-22 11:02:45  INFO      [root]  Heartbeat response received.
2026-04-22 11:02:46  INFO      [root]  Heartbeat response received.
2026-04-22 11:02:47  INFO      [root]  Heartbeat response received.
2026-04-22 11:02:48  INFO      [root]  Heartbeat response received.
2026-04-22 11:02:49  INFO      [root]  Heartbeat response received.
2026-04-22 11:02:50  INFO      [root]  Heartbeat response received.
2026-04-22 11:02:51  INFO      [root]  Heartbeat response received.
2026-04-22 11:02:52  INFO      [root]  Heartbeat response received.
2026-04-22 11:02:53  INFO      [root]  Heartbeat response received.
2026-04-22 11:02:54  INFO      [root]  Heartbeat response received.
2026-04-22 11:02:55  INFO      [root]  Heartbeat response received.
2026-04-22 11:02:56  INFO      [root]  Heartbeat response received.
2026-04-22 11:02:57  INFO      [root]  Heartbeat response received.
2026-04-22 11:02:57  ERROR     [root]  Error processing WebRTC data
Traceback (most recent call last):
  File "unitree_webrtc_connect\webrtc_datachannel.py", line 80, in on_message
  File "unitree_webrtc_connect\webrtc_datachannel.py", line 98, in handle_response
  File "unitree_webrtc_connect\msgs\error_handler.py", line 76, in handle_error
TypeError: cannot unpack non-iterable int object
2026-04-22 11:02:58  INFO      [root]  Heartbeat response received.
2026-04-22 11:02:59  INFO      [root]  Heartbeat response received.
2026-04-22 11:03:00  INFO      [root]  Heartbeat response received.
2026-04-22 11:03:01  INFO      [root]  Heartbeat response received.
2026-04-22 11:03:02  INFO      [root]  Heartbeat response received.
2026-04-22 11:03:03  INFO      [root]  Heartbeat response received.
2026-04-22 11:03:04  INFO      [root]  Heartbeat response received.
2026-04-22 11:03:05  INFO      [root]  Heartbeat response received.
2026-04-22 11:03:06  INFO      [root]  Heartbeat response received.
2026-04-22 11:03:07  INFO      [root]  Heartbeat response received.
2026-04-22 11:03:08  ERROR     [root]  Error processing WebRTC data
Traceback (most recent call last):
  File "unitree_webrtc_connect\webrtc_datachannel.py", line 80, in on_message
  File "unitree_webrtc_connect\webrtc_datachannel.py", line 98, in handle_response
  File "unitree_webrtc_connect\msgs\error_handler.py", line 76, in handle_error
TypeError: cannot unpack non-iterable int object
2026-04-22 11:03:08  INFO      [root]  Heartbeat response received.
2026-04-22 11:03:09  INFO      [root]  Heartbeat response received.
2026-04-22 11:03:09  INFO      [unitree.ui]  应用关闭，断开所有连接
2026-04-22 11:03:09  INFO      [unitree.backend]  RobotManager 关闭，断开所有连接…
2026-04-22 11:03:09  DEBUG     [root]  Track audio ended
2026-04-22 11:03:09  DEBUG     [root]  Track audio ended
2026-04-22 11:03:09  INFO      [root]  Data channel closed
2026-04-22 11:03:09  INFO      [root]  Data channel closed
2026-04-22 11:03:09  DEBUG     [root]  Track video ended
2026-04-22 11:03:09  DEBUG     [root]  Track video ended
2026-04-22 11:03:09  INFO      [unitree.app]  应用退出，code=0
2026-04-22 14:32:26  INFO      [unitree.backend]  ============================================================
2026-04-22 14:32:26  INFO      [unitree.backend]  Unitree 多机器人控制台 启动  log→D:\机器狗测试\MultiRobot\dist\logs\app.log
2026-04-22 14:32:26  INFO      [unitree.backend]  ============================================================
2026-04-22 14:32:26  INFO      [unitree.app]  Qt 应用启动  Python=3.13.12 (tags/v3.13.12:1cbe481, Feb  3 2026, 18:22:25) [MSC v.1944 64 bit (AMD64)]  Platform=win32
2026-04-22 14:32:26  INFO      [unitree.backend]  加载配置成功，saved_robots=7
2026-04-22 14:32:26  INFO      [unitree.backend]  ConfigManager 初始化，配置文件：C:\Users\ChenSanSui\.unitree_multicontrol\config.json
2026-04-22 14:32:27  INFO      [unitree.ui]  主窗口初始化完成，日志文件：D:\机器狗测试\MultiRobot\dist\logs\app.log
2026-04-22 14:32:27  INFO      [unitree.app]  主窗口已显示
2026-04-22 14:32:36  INFO      [unitree.ui]  [用户操作] 点击扫描添加
2026-04-22 14:32:44  INFO      [unitree.backend]  覆盖保存 SN 列表：['B42D2000P4Q89986', 'B42D2000P45A5383']
2026-04-22 14:32:44  DEBUG     [unitree.backend]  配置已写入 C:\Users\ChenSanSui\.unitree_multicontrol\config.json
2026-04-22 14:32:44  INFO      [unitree.backend]  开始网络扫描，timeout=3.0s
2026-04-22 14:32:45  INFO      [unitree.backend]  扫描发现设备: SN=B42D2000P4Q89986 IP=10.76.170.116
2026-04-22 14:32:45  INFO      [unitree.backend]  扫描发现设备: SN=B42D2000P45A5383 IP=10.76.170.174
2026-04-22 14:32:47  INFO      [unitree.backend]  扫描完成，发现 2 台设备：{'B42D2000P4Q89986': '10.76.170.116', 'B42D2000P45A5383': '10.76.170.174'}
2026-04-22 14:33:02  INFO      [unitree.ui]  [用户操作] 扫描添加：name=Q89986 type=go2 ip=10.76.170.116 sn=B42D2000P4Q89986
2026-04-22 14:33:02  DEBUG     [unitree.backend]  配置已写入 C:\Users\ChenSanSui\.unitree_multicontrol\config.json
2026-04-22 14:33:02  INFO      [unitree.backend]  更新已保存机器人：Q89986 (SN=B42D2000P4Q89986)
2026-04-22 14:33:02  INFO      [unitree.backend]  添加机器人：name=Q89986 type=go2 ip=10.76.170.116 sn=B42D2000P4Q89986 robot_id=97713034
2026-04-22 14:33:02  INFO      [unitree.ui]  [用户操作] 扫描添加：name=5A5383 type=go2 ip=10.76.170.174 sn=B42D2000P45A5383
2026-04-22 14:33:02  INFO      [unitree.backend]  ⏳ 正在连接 [Q89986] (go2) @ 10.76.170.116…
2026-04-22 14:33:02  DEBUG     [unitree.backend]  配置已写入 C:\Users\ChenSanSui\.unitree_multicontrol\config.json
2026-04-22 14:33:02  INFO      [unitree.backend]  更新已保存机器人：5A5383 (SN=B42D2000P45A5383)
2026-04-22 14:33:02  INFO      [unitree.backend]  添加机器人：name=5A5383 type=go2 ip=10.76.170.174 sn=B42D2000P45A5383 robot_id=30911dfd
2026-04-22 14:33:02  INFO      [root]  Creating offer...
2026-04-22 14:33:02  INFO      [unitree.backend]  ⏳ 正在连接 [5A5383] (go2) @ 10.76.170.174…
2026-04-22 14:33:02  INFO      [root]  Creating offer...
2026-04-22 14:33:02  INFO      [root]  Trying to send SDP using the old method...
2026-04-22 14:33:04  ERROR     [root]  An error occurred: HTTPConnectionPool(host='10.76.170.116', port=8081): Max retries exceeded with url: /offer (Caused by NewConnectionError("HTTPConnection(host='10.76.170.116', port=8081): Failed to establish a new connection: [WinError 10061] 由于目标计算机积极拒绝，无法连接。"))
2026-04-22 14:33:04  ERROR     [root]  An error occurred with the old method: Failed to receive SDP Answer: No response
2026-04-22 14:33:04  INFO      [root]  Falling back to the new method...
2026-04-22 14:33:05  DEBUG     [root]  Recieved con_notify response: {"data1":"cpt2NSBEGDnccuCWM2TWW7IB+KO0mD2LQ+lnuLbU0emKvs9NZoYyPd7GJonC8M59ArYyhauGJZA7XiKXWd1TfHv+xzqOCxNBz1ab84GwaOZ3tRDF4zF+ubOsvzLazcNiSEF53AT3XWbVcTEKVvrKHNUvSzWtaaHQ8ktZatu/dSASYOgsSpHGS78lvXLheSLqwW/+nIdZRm2uwanC0YoC5BkCPNA2fpkT3FsYc9V+A+Pu0WCzWEAS56GS1jLe/G0unMjEFeKrSnQhzP0bJDvSoXfvOn8TqfgYaG9frEmURMW3Cs/QAGOiAlurmcKhOCLU4YeB9nWmrmcx5zIZtj1cHsEwAT/zs2H6myuXL0jhG3MH9tBAs9ESYZ26edHliev0dQd85Tqbe16zu2qSkKg6dRGS58WEd8ColkBR92kLtcd7UdEXMbHrEK5bgbQIIHKWWpuw4CxxsviYldU3BOCEbuW+OWds8f9qvZs5voKxCH+tnZpltPCmKGFphOG9XuQkedfqVmFmRyCxwwhz5oE67zLQQHvokUCFCDwQySenVbcTmj14dykBlAYVRT3SVboSuMmKy1L6QFQ=","data2":2}
2026-04-22 14:33:05  INFO      [root]  con_notify: data2=2, data1 长度=588, data1 前 30 字符='cpt2NSBEGDnccuCWM2TWW7IB+KO0mD', 后 30 字符='14dykBlAYVRT3SVboSuMmKy1L6QFQ='
2026-04-22 14:33:05  INFO      [root]  con_notify 解密后: data1 长度=412, 前 30='gWBexMwHwYMIIBIDANBgkqhkiG9w0B', 后 30='zyVeLe0elFugyQIBEQ==HFLBKGBACF'
2026-04-22 14:33:05  INFO      [root]  con_notify 解密后 FULL data1: 'gWBexMwHwYMIIBIDANBgkqhkiG9w0BAQEFAAOCAQ0AMIIBCAKCAQEAv2VFoqUcsDuOqvU4NOMKHAo6NZHzMa89LfnmYys8kKg4eXBPtdPx/dr6PN0W8EkwoIm3aU4mer8I6Nr+EOV+5hGAcHM2vq/L5aezqQXmIc4KKHYjmdKL9W/9OojkgEZW3ltRgUgW02oiSuZrI2/jZbTn4uX7dE1eSJ8Dics6XJhTPfwy4hv/tqnWWtAaCgA3BdiUPheaNJ30jysvIUzJKNozFyqkG/dY38KbSxMXV/Fqyt+9zlSh4H+EhiktsmnMHBfeL47ZWZJcyp2iPcmBSCweuBrh7Q3rYMarCpSEyKy+QJP2T7C/P8b0FKmEfvlWW9MqfGVQzyVeLe0elFugyQIBEQ==HFLBKGBACF'
2026-04-22 14:33:05  DEBUG     [root]  _calc_local_path_ending: last_10='HFLBKGBACF'  (full len=412)
2026-04-22 14:33:05  DEBUG     [root]  _calc_local_path_ending: result=51605
2026-04-22 14:33:05  INFO      [root]  提取公钥 FULL: 'MIIBIDANBgkqhkiG9w0BAQEFAAOCAQ0AMIIBCAKCAQEAv2VFoqUcsDuOqvU4NOMKHAo6NZHzMa89LfnmYys8kKg4eXBPtdPx/dr6PN0W8EkwoIm3aU4mer8I6Nr+EOV+5hGAcHM2vq/L5aezqQXmIc4KKHYjmdKL9W/9OojkgEZW3ltRgUgW02oiSuZrI2/jZbTn4uX7dE1eSJ8Dics6XJhTPfwy4hv/tqnWWtAaCgA3BdiUPheaNJ30jysvIUzJKNozFyqkG/dY38KbSxMXV/Fqyt+9zlSh4H+EhiktsmnMHBfeL47ZWZJcyp2iPcmBSCweuBrh7Q3rYMarCpSEyKy+QJP2T7C/P8b0FKmEfvlWW9MqfGVQzyVeLe0elFugyQIBEQ=='
2026-04-22 14:33:05  INFO      [root]  提取公钥: pem 长度=392, path_ending=51605
2026-04-22 14:33:05  INFO      [root]  公钥 base64 解码: 长度=292 bytes, 前 16 bytes hex=30820120300d06092a864886f70d0101
2026-04-22 14:33:05  DEBUG     [root]  Recieved con_ing_51605 response: {"type":"answer","sdp":"v=0\r\no=- 1979215881 2 IN IP4 127.0.0.1\r\ns=-\r\nt=0 0\r\na=group:BUNDLE 0 1 2\r\na=msid-semantic: WMS myKvsVideoStream\r\nm=audio 9 UDP/TLS/RTP/SAVPF 96\r\nc=IN IP4 127.0.0.1\r\na=candidate:2 1 udp 2130706431 240E:047C:0690:72D7:8ACF:AE6D:F7E6:05DC 42101 typ host raddr ::/0 rport 0 generation 0 network-cost 999\r\na=candidate:1 1 udp 2130706431 240E:047C:0690:72D7:82B5:3CEC:65D2:FB10 51539 typ host raddr ::/0 rport 0 generation 0 network-cost 999\r\na=candidate:0 1 udp 2130706431 10.76.170.116 35540 typ host raddr 0.0.0.0 rport 0 generation 0 network-cost 999\r\na=msid:unitreeMediaStream unitreeAudioTrack\r\na=ssrc:1519336708 cname:p/p3yZZDhF0YZ8mk\r\na=ssrc:1519336708 msid:unitreeMediaStream unitreeAudioTrack\r\na=ssrc:1519336708 mslabel:unitreeMediaStream\r\na=ssrc:1519336708 label:unitreeAudioTrack\r\na=rtcp:9 IN IP4 0.0.0.0\r\na=ice-ufrag:GzmW\r\na=ice-pwd:G8iptK8DAUopjj31JO3Hgv85\r\na=ice-options:trickle\r\na=fingerprint:sha-256 EE:1B:7C:35:90:7C:68:96:65:DF:65:D8:96:51:AF:E3:37:49:B3:44:8D:D4:D6:C8:6C:0A:0C:02:18:81:F4:F0\r\na=setup:active\r\na=mid:0\r\na=sendrecv\r\na=rtcp-mux\r\na=rtcp-rsize\r\na=rtpmap:96 opus/48000/2\r\na=rtcp-fb:96 nack\r\na=rtcp-fb:96 goog-remb\r\nm=video 9 UDP/TLS/RTP/SAVPF 101\r\nc=IN IP4 127.0.0.1\r\na=candidate:2 1 udp 2130706431 240E:047C:0690:72D7:8ACF:AE6D:F7E6:05DC 42101 typ host raddr ::/0 rport 0 generation 0 network-cost 999\r\na=candidate:1 1 udp 2130706431 240E:047C:0690:72D7:82B5:3CEC:65D2:FB10 51539 typ host raddr ::/0 rport 0 generation 0 network-cost 999\r\na=candidate:0 1 udp 2130706431 10.76.170.116 35540 typ host raddr 0.0.0.0 rport 0 generation 0 network-cost 999\r\na=msid:unitreeMediaStream unitreeVideoTrack\r\na=ssrc:502600508 cname:p/p3yZZDhF0YZ8mk\r\na=ssrc:502600508 msid:unitreeMediaStream unitreeVideoTrack\r\na=ssrc:502600508 mslabel:unitreeMediaStream\r\na=ssrc:502600508 label:unitreeVideoTrack\r\na=rtcp:9 IN IP4 0.0.0.0\r\na=ice-ufrag:GzmW\r\na=ice-pwd:G8iptK8DAUopjj31JO3Hgv85\r\na=ice-options:trickle\r\na=fingerprint:sha-256 EE:1B:7C:35:90:7C:68:96:65:DF:65:D8:96:51:AF:E3:37:49:B3:44:8D:D4:D6:C8:6C:0A:0C:02:18:81:F4:F0\r\na=setup:active\r\na=mid:1\r\na=sendonly\r\na=rtcp-mux\r\na=rtcp-rsize\r\na=rtpmap:101 H264/90000\r\na=fmtp:101 level-asymmetry-allowed=1;packetization-mode=1;profile-level-id=42e01f\r\na=rtcp-fb:101 nack\r\na=rtcp-fb:101 goog-remb\r\nm=application 9 UDP/DTLS/SCTP webrtc-datachannel\r\nc=IN IP4 127.0.0.1\r\na=candidate:2 1 udp 2130706431 240E:047C:0690:72D7:8ACF:AE6D:F7E6:05DC 42101 typ host raddr ::/0 rport 0 generation 0 network-cost 999\r\na=candidate:1 1 udp 2130706431 240E:047C:0690:72D7:82B5:3CEC:65D2:FB10 51539 typ host raddr ::/0 rport 0 generation 0 network-cost 999\r\na=candidate:0 1 udp 2130706431 10.76.170.116 35540 typ host raddr 0.0.0.0 rport 0 generation 0 network-cost 999\r\na=rtcp:9 IN IP4 0.0.0.0\r\na=ice-ufrag:GzmW\r\na=ice-pwd:G8iptK8DAUopjj31JO3Hgv85\r\na=fingerprint:sha-256 EE:1B:7C:35:90:7C:68:96:65:DF:65:D8:96:51:AF:E3:37:49:B3:44:8D:D4:D6:C8:6C:0A:0C:02:18:81:F4:F0\r\na=setup:active\r\na=mid:2\r\na=sctp-port:5000\r\n","id":"STA_localNetwork"}
2026-04-22 14:33:05  INFO      [root]  SDP successfully sent using the new method.
2026-04-22 14:33:05  INFO      [root]  Trying to send SDP using the old method...
2026-04-22 14:33:07  ERROR     [root]  An error occurred: HTTPConnectionPool(host='10.76.170.174', port=8081): Max retries exceeded with url: /offer (Caused by NewConnectionError("HTTPConnection(host='10.76.170.174', port=8081): Failed to establish a new connection: [WinError 10061] 由于目标计算机积极拒绝，无法连接。"))
2026-04-22 14:33:07  ERROR     [root]  An error occurred with the old method: Failed to receive SDP Answer: No response
2026-04-22 14:33:07  INFO      [root]  Falling back to the new method...
2026-04-22 14:33:07  DEBUG     [root]  Recieved con_notify response: {"data1":"MoYiKXE3j8SRsUNZ0GnlrYL3f/s1iw5/DqCUEEUoJ05BQmqcd3ko0we8Kp1NX/l0EHqsrOIW8IEg8J5bsVvGpY8m7g+h5EBVsVx5wwE5KBirxad9RIO9eqEdnotkpmholdyAKDTVJd2+8z4JS9jH1noS0Q+ijYMZvdFe831jh90NFXA8HRcrJHUYbt6fIlX3uL9FgcjS6iazPpCQ8FIk//7IXYA4qAjQbSAUSgWu1vueOqzxpFEObSqnEO27nqupm/+Dg8C27fbt6w1dN0p9LmY6biiNcuTHygaGr9vIrY7s41QbgAn96ZIJzmh0EFPcGQrDM4p6/UN/6wvphLAv+/27B2cX7x0z1AlUnUvymJ1VpWFqC7Yww++uX1BHMbY8mQpFJgqI/5CInSlJ3K72xQ28te+y0gL2/v4xduCMC0DAbabA7yTIifFAPNCRx14KmCaa408d+Fx2q81hZzFpIXhd0wvKadv9HyM0L+m6jKK6rPEGZnjsLTEOuPeofsvZJv0LwsPuZBfFEcc4bHAX09xSESYCC3n+U2eHzCqZXw9VTVtoqpO+qhCT45Bc7x2hWQzf7rrxtCQ=","data2":2}
2026-04-22 14:33:07  INFO      [root]  con_notify: data2=2, data1 长度=588, data1 前 30 字符='MoYiKXE3j8SRsUNZ0GnlrYL3f/s1iw', 后 30 字符='toqpO+qhCT45Bc7x2hWQzf7rrxtCQ='
2026-04-22 14:33:07  INFO      [root]  con_notify 解密后: data1 长度=412, 前 30='bsPzIBai4bMIIBIDANBgkqhkiG9w0B', 后 30='XNH5ElcozA8ehwIBEQ==GGPF3H8GBG'
2026-04-22 14:33:07  INFO      [root]  con_notify 解密后 FULL data1: 'bsPzIBai4bMIIBIDANBgkqhkiG9w0BAQEFAAOCAQ0AMIIBCAKCAQEAzTCxK9n9vfg4Iqvokwsk3pXJZeKjNbhGqpPlNOZwPgcAJ+AEmMKklxRs7FLypQ58nYT/DqHxVfWmEUcG1zfTNJtOGxbfCWG1D1jnxQzOxw/aGeJxqn6m6GOzcuSqMUogEJfWMhmEyg6u1eCur1tRoBFOBN2OCzEoqu0X0A1Vi55Xk3fEn8ULNSz13rwBuLQDv+Ex4k2KOc5wxK02XWk34+rm+Md9prasxiWrHYFrCSbUZLFRmYQr4vMoj8OpXUmEqpFGOgmTOFUe9jb0vlmyQLusmIKG953DKnisPIFJAYilhQIaMJDHcRXf2LRVqyiVJ2W5WUOfXNH5ElcozA8ehwIBEQ==GGPF3H8GBG'
2026-04-22 14:33:07  DEBUG     [root]  _calc_local_path_ending: last_10='GGPF3H8GBG'  (full len=412)
2026-04-22 14:33:07  DEBUG     [root]  _calc_local_path_ending: result=65766
2026-04-22 14:33:07  INFO      [root]  提取公钥 FULL: 'MIIBIDANBgkqhkiG9w0BAQEFAAOCAQ0AMIIBCAKCAQEAzTCxK9n9vfg4Iqvokwsk3pXJZeKjNbhGqpPlNOZwPgcAJ+AEmMKklxRs7FLypQ58nYT/DqHxVfWmEUcG1zfTNJtOGxbfCWG1D1jnxQzOxw/aGeJxqn6m6GOzcuSqMUogEJfWMhmEyg6u1eCur1tRoBFOBN2OCzEoqu0X0A1Vi55Xk3fEn8ULNSz13rwBuLQDv+Ex4k2KOc5wxK02XWk34+rm+Md9prasxiWrHYFrCSbUZLFRmYQr4vMoj8OpXUmEqpFGOgmTOFUe9jb0vlmyQLusmIKG953DKnisPIFJAYilhQIaMJDHcRXf2LRVqyiVJ2W5WUOfXNH5ElcozA8ehwIBEQ=='
2026-04-22 14:33:07  INFO      [root]  提取公钥: pem 长度=392, path_ending=65766
2026-04-22 14:33:07  INFO      [root]  公钥 base64 解码: 长度=292 bytes, 前 16 bytes hex=30820120300d06092a864886f70d0101
2026-04-22 14:33:07  DEBUG     [root]  Recieved con_ing_65766 response: {"type":"answer","sdp":"v=0\r\no=- 338044024 2 IN IP4 127.0.0.1\r\ns=-\r\nt=0 0\r\na=group:BUNDLE 0 1 2\r\na=msid-semantic: WMS myKvsVideoStream\r\nm=audio 9 UDP/TLS/RTP/SAVPF 96\r\nc=IN IP4 127.0.0.1\r\na=candidate:2 1 udp 2130706431 240E:047C:0690:72D7:C9BA:9ABE:A5BD:DFBB 58928 typ host raddr ::/0 rport 0 generation 0 network-cost 999\r\na=candidate:1 1 udp 2130706431 240E:047C:0690:72D7:4C37:7A4C:ACD9:3212 44422 typ host raddr ::/0 rport 0 generation 0 network-cost 999\r\na=candidate:0 1 udp 2130706431 10.76.170.174 55124 typ host raddr 0.0.0.0 rport 0 generation 0 network-cost 999\r\na=msid:unitreeMediaStream unitreeAudioTrack\r\na=ssrc:886228616 cname:S5/+0dWQFaIFXeRH\r\na=ssrc:886228616 msid:unitreeMediaStream unitreeAudioTrack\r\na=ssrc:886228616 mslabel:unitreeMediaStream\r\na=ssrc:886228616 label:unitreeAudioTrack\r\na=rtcp:9 IN IP4 0.0.0.0\r\na=ice-ufrag:YxeY\r\na=ice-pwd:Qe4u/zMCmBjYBEqbBm8Xd0Wg\r\na=ice-options:trickle\r\na=fingerprint:sha-256 DB:B0:50:CE:7A:28:D1:81:8C:A5:93:9F:74:65:3F:E3:15:9C:6F:3A:28:A6:3F:CC:48:87:19:0A:87:71:A8:71\r\na=setup:active\r\na=mid:0\r\na=sendrecv\r\na=rtcp-mux\r\na=rtcp-rsize\r\na=rtpmap:96 opus/48000/2\r\na=rtcp-fb:96 nack\r\na=rtcp-fb:96 goog-remb\r\nm=video 9 UDP/TLS/RTP/SAVPF 101\r\nc=IN IP4 127.0.0.1\r\na=candidate:2 1 udp 2130706431 240E:047C:0690:72D7:C9BA:9ABE:A5BD:DFBB 58928 typ host raddr ::/0 rport 0 generation 0 network-cost 999\r\na=candidate:1 1 udp 2130706431 240E:047C:0690:72D7:4C37:7A4C:ACD9:3212 44422 typ host raddr ::/0 rport 0 generation 0 network-cost 999\r\na=candidate:0 1 udp 2130706431 10.76.170.174 55124 typ host raddr 0.0.0.0 rport 0 generation 0 network-cost 999\r\na=msid:unitreeMediaStream unitreeVideoTrack\r\na=ssrc:1940708194 cname:S5/+0dWQFaIFXeRH\r\na=ssrc:1940708194 msid:unitreeMediaStream unitreeVideoTrack\r\na=ssrc:1940708194 mslabel:unitreeMediaStream\r\na=ssrc:1940708194 label:unitreeVideoTrack\r\na=rtcp:9 IN IP4 0.0.0.0\r\na=ice-ufrag:YxeY\r\na=ice-pwd:Qe4u/zMCmBjYBEqbBm8Xd0Wg\r\na=ice-options:trickle\r\na=fingerprint:sha-256 DB:B0:50:CE:7A:28:D1:81:8C:A5:93:9F:74:65:3F:E3:15:9C:6F:3A:28:A6:3F:CC:48:87:19:0A:87:71:A8:71\r\na=setup:active\r\na=mid:1\r\na=sendonly\r\na=rtcp-mux\r\na=rtcp-rsize\r\na=rtpmap:101 H264/90000\r\na=fmtp:101 level-asymmetry-allowed=1;packetization-mode=1;profile-level-id=42e01f\r\na=rtcp-fb:101 nack\r\na=rtcp-fb:101 goog-remb\r\nm=application 9 UDP/DTLS/SCTP webrtc-datachannel\r\nc=IN IP4 127.0.0.1\r\na=candidate:2 1 udp 2130706431 240E:047C:0690:72D7:C9BA:9ABE:A5BD:DFBB 58928 typ host raddr ::/0 rport 0 generation 0 network-cost 999\r\na=candidate:1 1 udp 2130706431 240E:047C:0690:72D7:4C37:7A4C:ACD9:3212 44422 typ host raddr ::/0 rport 0 generation 0 network-cost 999\r\na=candidate:0 1 udp 2130706431 10.76.170.174 55124 typ host raddr 0.0.0.0 rport 0 generation 0 network-cost 999\r\na=rtcp:9 IN IP4 0.0.0.0\r\na=ice-ufrag:YxeY\r\na=ice-pwd:Qe4u/zMCmBjYBEqbBm8Xd0Wg\r\na=fingerprint:sha-256 DB:B0:50:CE:7A:28:D1:81:8C:A5:93:9F:74:65:3F:E3:15:9C:6F:3A:28:A6:3F:CC:48:87:19:0A:87:71:A8:71\r\na=setup:active\r\na=mid:2\r\na=sctp-port:5000\r\n","id":"STA_localNetwork"}
2026-04-22 14:33:07  INFO      [root]  SDP successfully sent using the new method.
2026-04-22 14:33:07  INFO      [root]  Track recieved: audio
2026-04-22 14:33:07  INFO      [root]  Track recieved: video
2026-04-22 14:33:07  INFO      [root]  Track recieved: audio
2026-04-22 14:33:07  INFO      [root]  Track recieved: video
2026-04-22 14:33:07  INFO      [root]  Data channel opened
2026-04-22 14:33:07  INFO      [root]  Validation succeed
2026-04-22 14:33:08  INFO      [root]  Data channel opened
2026-04-22 14:33:08  INFO      [root]  Validation succeed
2026-04-22 14:33:09  INFO      [root]  Network status message received.
2026-04-22 14:33:09  INFO      [root]  Network status message received.
2026-04-22 14:33:09  INFO      [unitree.backend]  ✅ [Q89986] 连接成功！  IP=10.76.170.116  type=go2
2026-04-22 14:33:09  INFO      [unitree.backend]  [Q89986] 已订阅 LOW_STATE
2026-04-22 14:33:09  INFO      [unitree.backend]  ✅ [5A5383] 连接成功！  IP=10.76.170.174  type=go2
2026-04-22 14:33:09  INFO      [unitree.backend]  [5A5383] 已订阅 LOW_STATE
2026-04-22 14:33:09  INFO      [root]  Network status message received.
2026-04-22 14:33:10  INFO      [root]  Heartbeat response received.
2026-04-22 14:33:10  INFO      [root]  Network status message received.
2026-04-22 14:33:10  INFO      [root]  Heartbeat response received.
2026-04-22 14:33:10  INFO      [root]  Network status message received.
2026-04-22 14:33:11  INFO      [root]  Network status message received.
2026-04-22 14:33:11  INFO      [root]  Network status message received.
2026-04-22 14:33:12  INFO      [root]  Heartbeat response received.
2026-04-22 14:33:12  INFO      [root]  Heartbeat response received.
2026-04-22 14:33:14  INFO      [root]  Heartbeat response received.
2026-04-22 14:33:14  INFO      [root]  Heartbeat response received.
2026-04-22 14:33:16  INFO      [root]  Heartbeat response received.
2026-04-22 14:33:16  INFO      [root]  Heartbeat response received.
2026-04-22 14:33:18  INFO      [root]  Heartbeat response received.
2026-04-22 14:33:18  INFO      [root]  Heartbeat response received.
2026-04-22 14:33:20  INFO      [root]  Heartbeat response received.
2026-04-22 14:33:20  INFO      [root]  Heartbeat response received.
2026-04-22 14:33:22  INFO      [root]  Heartbeat response received.
2026-04-22 14:33:22  INFO      [root]  Heartbeat response received.
2026-04-22 14:33:24  INFO      [root]  Heartbeat response received.
2026-04-22 14:33:24  INFO      [root]  Heartbeat response received.
2026-04-22 14:33:26  INFO      [root]  Heartbeat response received.
2026-04-22 14:33:26  INFO      [root]  Heartbeat response received.
2026-04-22 14:33:28  INFO      [root]  Heartbeat response received.
2026-04-22 14:33:28  INFO      [root]  Heartbeat response received.
2026-04-22 14:33:30  INFO      [root]  Heartbeat response received.
2026-04-22 14:33:30  INFO      [root]  Heartbeat response received.
2026-04-22 14:33:32  INFO      [root]  Heartbeat response received.
2026-04-22 14:33:32  INFO      [root]  Heartbeat response received.
2026-04-22 14:33:34  INFO      [root]  Heartbeat response received.
2026-04-22 14:33:34  INFO      [root]  Heartbeat response received.
2026-04-22 14:33:36  INFO      [root]  Heartbeat response received.
2026-04-22 14:33:36  INFO      [root]  Heartbeat response received.
2026-04-22 14:33:38  INFO      [root]  Heartbeat response received.
2026-04-22 14:33:38  INFO      [root]  Heartbeat response received.
2026-04-22 14:33:40  INFO      [root]  Heartbeat response received.
2026-04-22 14:33:40  INFO      [root]  Heartbeat response received.
2026-04-22 14:33:42  INFO      [root]  Heartbeat response received.
2026-04-22 14:33:42  INFO      [root]  Heartbeat response received.
2026-04-22 14:33:44  INFO      [root]  Heartbeat response received.
2026-04-22 14:33:44  INFO      [root]  Heartbeat response received.
2026-04-22 14:33:46  INFO      [root]  Heartbeat response received.
2026-04-22 14:33:46  INFO      [root]  Heartbeat response received.
2026-04-22 14:33:48  INFO      [root]  Heartbeat response received.
2026-04-22 14:33:48  INFO      [root]  Heartbeat response received.
2026-04-22 14:33:50  INFO      [root]  Heartbeat response received.
2026-04-22 14:33:50  INFO      [root]  Heartbeat response received.
2026-04-22 14:33:52  INFO      [root]  Heartbeat response received.
2026-04-22 14:33:52  INFO      [root]  Heartbeat response received.
2026-04-22 14:33:54  INFO      [root]  Heartbeat response received.
2026-04-22 14:33:54  INFO      [root]  Heartbeat response received.
2026-04-22 14:33:56  INFO      [root]  Heartbeat response received.
2026-04-22 14:33:56  INFO      [root]  Heartbeat response received.
2026-04-22 14:33:58  INFO      [root]  Heartbeat response received.
2026-04-22 14:33:58  INFO      [root]  Heartbeat response received.
2026-04-22 14:34:00  INFO      [root]  Heartbeat response received.
2026-04-22 14:34:00  INFO      [root]  Heartbeat response received.
2026-04-22 14:34:02  INFO      [root]  Heartbeat response received.
2026-04-22 14:34:02  INFO      [root]  Heartbeat response received.
2026-04-22 14:34:04  INFO      [root]  Heartbeat response received.
2026-04-22 14:34:04  INFO      [root]  Heartbeat response received.
2026-04-22 14:34:06  INFO      [root]  Heartbeat response received.
2026-04-22 14:34:06  INFO      [root]  Heartbeat response received.
2026-04-22 14:34:08  INFO      [root]  Heartbeat response received.
2026-04-22 14:34:08  INFO      [root]  Heartbeat response received.
2026-04-22 14:34:10  INFO      [root]  Heartbeat response received.
2026-04-22 14:34:10  INFO      [root]  Heartbeat response received.
2026-04-22 14:34:12  INFO      [root]  Heartbeat response received.
2026-04-22 14:34:12  INFO      [root]  Heartbeat response received.
2026-04-22 14:34:14  INFO      [root]  Heartbeat response received.
2026-04-22 14:34:14  INFO      [root]  Heartbeat response received.
2026-04-22 14:34:16  INFO      [root]  Heartbeat response received.
2026-04-22 14:34:16  INFO      [root]  Heartbeat response received.
2026-04-22 14:34:18  INFO      [root]  Heartbeat response received.
2026-04-22 14:34:18  INFO      [root]  Heartbeat response received.
2026-04-22 14:34:20  INFO      [root]  Heartbeat response received.
2026-04-22 14:34:20  INFO      [root]  Heartbeat response received.
2026-04-22 14:34:22  INFO      [root]  Heartbeat response received.
2026-04-22 14:34:22  INFO      [root]  Heartbeat response received.
2026-04-22 14:34:24  INFO      [root]  Heartbeat response received.
2026-04-22 14:34:24  INFO      [root]  Heartbeat response received.
2026-04-22 14:34:26  INFO      [root]  Heartbeat response received.
2026-04-22 14:34:26  INFO      [root]  Heartbeat response received.
2026-04-22 14:34:28  INFO      [root]  Heartbeat response received.
2026-04-22 14:34:28  INFO      [root]  Heartbeat response received.
2026-04-22 14:34:30  INFO      [root]  Heartbeat response received.
2026-04-22 14:34:30  INFO      [root]  Heartbeat response received.
2026-04-22 14:34:32  INFO      [root]  Heartbeat response received.
2026-04-22 14:34:32  INFO      [root]  Heartbeat response received.
2026-04-22 14:34:34  INFO      [root]  Heartbeat response received.
2026-04-22 14:34:34  INFO      [root]  Heartbeat response received.
2026-04-22 14:34:36  INFO      [root]  Heartbeat response received.
2026-04-22 14:34:36  INFO      [root]  Heartbeat response received.
2026-04-22 14:34:38  INFO      [root]  Heartbeat response received.
2026-04-22 14:34:38  INFO      [root]  Heartbeat response received.
2026-04-22 14:34:40  INFO      [root]  Heartbeat response received.
2026-04-22 14:34:40  INFO      [root]  Heartbeat response received.
2026-04-22 14:34:42  INFO      [root]  Heartbeat response received.
2026-04-22 14:34:42  INFO      [root]  Heartbeat response received.
2026-04-22 14:34:44  INFO      [root]  Heartbeat response received.
2026-04-22 14:34:44  INFO      [root]  Heartbeat response received.
2026-04-22 14:34:46  INFO      [root]  Heartbeat response received.
2026-04-22 14:34:46  INFO      [root]  Heartbeat response received.
2026-04-22 14:34:48  INFO      [root]  Heartbeat response received.
2026-04-22 14:34:48  INFO      [root]  Heartbeat response received.
2026-04-22 14:34:50  INFO      [root]  Heartbeat response received.
2026-04-22 14:34:50  INFO      [root]  Heartbeat response received.
2026-04-22 14:34:52  INFO      [root]  Heartbeat response received.
2026-04-22 14:34:52  INFO      [root]  Heartbeat response received.
2026-04-22 14:34:54  INFO      [root]  Heartbeat response received.
2026-04-22 14:34:54  INFO      [root]  Heartbeat response received.
2026-04-22 14:34:56  INFO      [root]  Heartbeat response received.
2026-04-22 14:34:56  INFO      [root]  Heartbeat response received.
2026-04-22 14:34:58  INFO      [root]  Heartbeat response received.
2026-04-22 14:34:58  INFO      [root]  Heartbeat response received.
2026-04-22 14:35:00  INFO      [root]  Heartbeat response received.
2026-04-22 14:35:00  INFO      [root]  Heartbeat response received.
2026-04-22 14:35:02  INFO      [root]  Heartbeat response received.
2026-04-22 14:35:02  INFO      [root]  Heartbeat response received.
2026-04-22 14:35:04  INFO      [root]  Heartbeat response received.
2026-04-22 14:35:04  INFO      [root]  Heartbeat response received.
2026-04-22 14:35:06  INFO      [root]  Heartbeat response received.
2026-04-22 14:35:06  INFO      [root]  Heartbeat response received.
2026-04-22 14:35:08  INFO      [root]  Heartbeat response received.
2026-04-22 14:35:08  INFO      [root]  Heartbeat response received.
2026-04-22 14:35:10  INFO      [root]  Heartbeat response received.
2026-04-22 14:35:10  INFO      [root]  Heartbeat response received.
2026-04-22 14:35:12  INFO      [root]  Heartbeat response received.
2026-04-22 14:35:12  INFO      [root]  Heartbeat response received.
2026-04-22 14:35:14  INFO      [root]  Heartbeat response received.
2026-04-22 14:35:14  INFO      [root]  Heartbeat response received.
2026-04-22 14:35:16  INFO      [root]  Heartbeat response received.
2026-04-22 14:35:16  INFO      [root]  Heartbeat response received.
2026-04-22 14:35:18  INFO      [root]  Heartbeat response received.
2026-04-22 14:35:18  INFO      [root]  Heartbeat response received.
2026-04-22 14:35:20  INFO      [root]  Heartbeat response received.
2026-04-22 14:35:20  INFO      [root]  Heartbeat response received.
2026-04-22 14:35:22  INFO      [root]  Heartbeat response received.
2026-04-22 14:35:22  INFO      [root]  Heartbeat response received.
2026-04-22 14:35:24  INFO      [root]  Heartbeat response received.
2026-04-22 14:35:24  INFO      [root]  Heartbeat response received.
2026-04-22 14:35:26  INFO      [root]  Heartbeat response received.
2026-04-22 14:35:26  INFO      [root]  Heartbeat response received.
2026-04-22 14:35:28  INFO      [root]  Heartbeat response received.
2026-04-22 14:35:28  INFO      [root]  Heartbeat response received.
2026-04-22 14:35:30  INFO      [root]  Heartbeat response received.
2026-04-22 14:35:30  INFO      [root]  Heartbeat response received.
2026-04-22 14:35:32  INFO      [root]  Heartbeat response received.
2026-04-22 14:35:32  INFO      [root]  Heartbeat response received.
2026-04-22 14:35:34  INFO      [root]  Heartbeat response received.
2026-04-22 14:35:34  INFO      [root]  Heartbeat response received.
2026-04-22 14:35:36  INFO      [root]  Heartbeat response received.
2026-04-22 14:35:36  INFO      [root]  Heartbeat response received.
2026-04-22 14:35:38  INFO      [root]  Heartbeat response received.
2026-04-22 14:35:38  INFO      [root]  Heartbeat response received.
2026-04-22 14:35:40  INFO      [root]  Heartbeat response received.
2026-04-22 14:35:40  INFO      [root]  Heartbeat response received.
2026-04-22 14:35:42  INFO      [root]  Heartbeat response received.
2026-04-22 14:35:42  INFO      [root]  Heartbeat response received.
2026-04-22 14:35:44  INFO      [root]  Heartbeat response received.
2026-04-22 14:35:44  INFO      [root]  Heartbeat response received.
2026-04-22 14:35:46  INFO      [root]  Heartbeat response received.
2026-04-22 14:35:46  INFO      [root]  Heartbeat response received.
2026-04-22 14:35:48  INFO      [root]  Heartbeat response received.
2026-04-22 14:35:48  INFO      [root]  Heartbeat response received.
2026-04-22 14:35:50  INFO      [root]  Heartbeat response received.
2026-04-22 14:35:50  INFO      [root]  Heartbeat response received.
2026-04-22 14:35:52  INFO      [root]  Heartbeat response received.
2026-04-22 14:35:52  INFO      [root]  Heartbeat response received.
2026-04-22 14:35:53  INFO      [unitree.backend]  [用户操作] Go2 动作 [趴下(api_id=1005)] | 目标=['97713034', '30911dfd']
2026-04-22 14:35:53  INFO      [unitree.backend]  ▶ 发送 [StandDown(api_id=1005)] → Q89986, 5A5383
2026-04-22 14:35:53  INFO      [unitree.backend]  [Q89986] 指令 [StandDown] 成功，响应：{'type': 'res', 'topic': 'rt/api/sport/response', 'data': {'header': {'identity': {'api_id': 1005, 'id': 870777526}, 'status': {'code': 0}}, 'data': ''}}
2026-04-22 14:35:53  INFO      [unitree.backend]  [5A5383] 指令 [StandDown] 成功，响应：{'type': 'res', 'topic': 'rt/api/sport/response', 'data': {'header': {'identity': {'api_id': 1005, 'id': 870777110}, 'status': {'code': 0}}, 'data': ''}}
2026-04-22 14:35:54  INFO      [root]  Heartbeat response received.
2026-04-22 14:35:54  INFO      [root]  Heartbeat response received.
2026-04-22 14:35:56  INFO      [root]  Heartbeat response received.
2026-04-22 14:35:56  INFO      [root]  Heartbeat response received.
2026-04-22 14:35:58  INFO      [root]  Heartbeat response received.
2026-04-22 14:35:58  INFO      [root]  Heartbeat response received.
2026-04-22 14:35:59  INFO      [unitree.backend]  [用户操作] Go2 动作 [站立(api_id=1004)] | 目标=['97713034', '30911dfd']
2026-04-22 14:35:59  INFO      [unitree.backend]  ▶ 发送 [StandUp(api_id=1004)] → Q89986, 5A5383
2026-04-22 14:35:59  INFO      [unitree.backend]  [Q89986] 指令 [StandUp] 成功，响应：{'type': 'res', 'topic': 'rt/api/sport/response', 'data': {'header': {'identity': {'api_id': 1004, 'id': 870782693}, 'status': {'code': 0}}, 'data': ''}}
2026-04-22 14:35:59  INFO      [unitree.backend]  [5A5383] 指令 [StandUp] 成功，响应：{'type': 'res', 'topic': 'rt/api/sport/response', 'data': {'header': {'identity': {'api_id': 1004, 'id': 870783282}, 'status': {'code': 0}}, 'data': ''}}
2026-04-22 14:36:00  INFO      [root]  Heartbeat response received.
2026-04-22 14:36:00  INFO      [root]  Heartbeat response received.
2026-04-22 14:36:02  INFO      [root]  Heartbeat response received.
2026-04-22 14:36:02  INFO      [root]  Heartbeat response received.
2026-04-22 14:36:04  INFO      [root]  Heartbeat response received.
2026-04-22 14:36:04  INFO      [root]  Heartbeat response received.
2026-04-22 14:36:04  INFO      [unitree.backend]  [用户操作] Go2 动作 [坐下(api_id=1009)] | 目标=['97713034', '30911dfd']
2026-04-22 14:36:04  INFO      [unitree.backend]  ▶ 发送 [Sit(api_id=1009)] → Q89986, 5A5383
2026-04-22 14:36:05  INFO      [unitree.backend]  [Q89986] 指令 [Sit] 成功，响应：{'type': 'res', 'topic': 'rt/api/sport/response', 'data': {'header': {'identity': {'api_id': 1009, 'id': 870788593}, 'status': {'code': 0}}, 'data': ''}}
2026-04-22 14:36:05  INFO      [unitree.backend]  [5A5383] 指令 [Sit] 成功，响应：{'type': 'res', 'topic': 'rt/api/sport/response', 'data': {'header': {'identity': {'api_id': 1009, 'id': 870788614}, 'status': {'code': 0}}, 'data': ''}}
2026-04-22 14:36:06  INFO      [root]  Heartbeat response received.
2026-04-22 14:36:06  INFO      [root]  Heartbeat response received.
2026-04-22 14:36:08  INFO      [unitree.backend]  [用户操作] Go2 动作 [站立(api_id=1004)] | 目标=['97713034', '30911dfd']
2026-04-22 14:36:08  INFO      [unitree.backend]  ▶ 发送 [StandUp(api_id=1004)] → Q89986, 5A5383
2026-04-22 14:36:08  INFO      [root]  Heartbeat response received.
2026-04-22 14:36:08  INFO      [root]  Heartbeat response received.
2026-04-22 14:36:09  INFO      [unitree.backend]  [Q89986] 指令 [StandUp] 成功，响应：{'type': 'res', 'topic': 'rt/api/sport/response', 'data': {'header': {'identity': {'api_id': 1004, 'id': 870792203}, 'status': {'code': 0}}, 'data': ''}}
2026-04-22 14:36:09  INFO      [unitree.backend]  [5A5383] 指令 [StandUp] 成功，响应：{'type': 'res', 'topic': 'rt/api/sport/response', 'data': {'header': {'identity': {'api_id': 1004, 'id': 870792644}, 'status': {'code': 0}}, 'data': ''}}
2026-04-22 14:36:10  INFO      [root]  Heartbeat response received.
2026-04-22 14:36:10  INFO      [root]  Heartbeat response received.
2026-04-22 14:36:12  INFO      [root]  Heartbeat response received.
2026-04-22 14:36:12  INFO      [root]  Heartbeat response received.
2026-04-22 14:36:14  INFO      [root]  Heartbeat response received.
2026-04-22 14:36:14  INFO      [root]  Heartbeat response received.
2026-04-22 14:36:16  INFO      [root]  Heartbeat response received.
2026-04-22 14:36:16  INFO      [root]  Heartbeat response received.
2026-04-22 14:36:18  INFO      [root]  Heartbeat response received.
2026-04-22 14:36:18  INFO      [root]  Heartbeat response received.
2026-04-22 14:36:20  INFO      [root]  Heartbeat response received.
2026-04-22 14:36:20  INFO      [root]  Heartbeat response received.
2026-04-22 14:36:22  INFO      [root]  Heartbeat response received.
2026-04-22 14:36:22  INFO      [root]  Heartbeat response received.
2026-04-22 14:36:24  INFO      [root]  Heartbeat response received.
2026-04-22 14:36:24  INFO      [root]  Heartbeat response received.
2026-04-22 14:36:26  INFO      [root]  Heartbeat response received.
2026-04-22 14:36:26  INFO      [root]  Heartbeat response received.
2026-04-22 14:36:28  INFO      [root]  Heartbeat response received.
2026-04-22 14:36:28  INFO      [root]  Heartbeat response received.
2026-04-22 14:36:30  INFO      [root]  Heartbeat response received.
2026-04-22 14:36:30  INFO      [root]  Heartbeat response received.
2026-04-22 14:36:32  INFO      [root]  Heartbeat response received.
2026-04-22 14:36:32  INFO      [root]  Heartbeat response received.
2026-04-22 14:36:34  INFO      [root]  Heartbeat response received.
2026-04-22 14:36:34  INFO      [root]  Heartbeat response received.
2026-04-22 14:36:36  INFO      [root]  Heartbeat response received.
2026-04-22 14:36:36  INFO      [root]  Heartbeat response received.
2026-04-22 14:36:38  INFO      [root]  Heartbeat response received.
2026-04-22 14:36:38  INFO      [root]  Heartbeat response received.
2026-04-22 14:36:40  INFO      [root]  Heartbeat response received.
2026-04-22 14:36:40  INFO      [root]  Heartbeat response received.
2026-04-22 14:36:42  INFO      [root]  Heartbeat response received.
2026-04-22 14:36:42  INFO      [root]  Heartbeat response received.
2026-04-22 14:36:44  INFO      [root]  Heartbeat response received.
2026-04-22 14:36:44  INFO      [root]  Heartbeat response received.
2026-04-22 14:36:46  INFO      [root]  Heartbeat response received.
2026-04-22 14:36:46  INFO      [root]  Heartbeat response received.
2026-04-22 14:36:48  INFO      [root]  Heartbeat response received.
2026-04-22 14:36:48  INFO      [root]  Heartbeat response received.
2026-04-22 14:36:50  INFO      [root]  Heartbeat response received.
2026-04-22 14:36:50  INFO      [root]  Heartbeat response received.
2026-04-22 14:36:52  INFO      [root]  Heartbeat response received.
2026-04-22 14:36:52  INFO      [root]  Heartbeat response received.
2026-04-22 14:36:54  INFO      [root]  Heartbeat response received.
2026-04-22 14:36:54  INFO      [root]  Heartbeat response received.
2026-04-22 14:36:56  INFO      [root]  Heartbeat response received.
2026-04-22 14:36:56  INFO      [root]  Heartbeat response received.
2026-04-22 14:36:58  INFO      [root]  Heartbeat response received.
2026-04-22 14:36:58  INFO      [root]  Heartbeat response received.
2026-04-22 14:37:00  INFO      [root]  Heartbeat response received.
2026-04-22 14:37:00  INFO      [root]  Heartbeat response received.
2026-04-22 14:37:02  INFO      [root]  Heartbeat response received.
2026-04-22 14:37:02  INFO      [root]  Heartbeat response received.
2026-04-22 14:37:04  INFO      [root]  Heartbeat response received.
2026-04-22 14:37:04  INFO      [root]  Heartbeat response received.
2026-04-22 14:37:06  INFO      [root]  Heartbeat response received.
2026-04-22 14:37:06  INFO      [root]  Heartbeat response received.
2026-04-22 14:37:08  INFO      [root]  Heartbeat response received.
2026-04-22 14:37:08  INFO      [root]  Heartbeat response received.
2026-04-22 14:37:10  INFO      [root]  Heartbeat response received.
2026-04-22 14:37:10  INFO      [root]  Heartbeat response received.
2026-04-22 14:37:12  INFO      [root]  Heartbeat response received.
2026-04-22 14:37:12  INFO      [root]  Heartbeat response received.
2026-04-22 14:37:14  INFO      [root]  Heartbeat response received.
2026-04-22 14:37:14  INFO      [root]  Heartbeat response received.
2026-04-22 14:37:16  INFO      [root]  Heartbeat response received.
2026-04-22 14:37:16  INFO      [root]  Heartbeat response received.
2026-04-22 14:37:18  INFO      [root]  Heartbeat response received.
2026-04-22 14:37:18  INFO      [root]  Heartbeat response received.
2026-04-22 14:37:20  INFO      [root]  Heartbeat response received.
2026-04-22 14:37:20  INFO      [root]  Heartbeat response received.
2026-04-22 14:37:22  INFO      [root]  Heartbeat response received.
2026-04-22 14:37:22  INFO      [root]  Heartbeat response received.
2026-04-22 14:37:24  INFO      [root]  Heartbeat response received.
2026-04-22 14:37:24  INFO      [root]  Heartbeat response received.
2026-04-22 14:37:26  INFO      [root]  Heartbeat response received.
2026-04-22 14:37:26  INFO      [root]  Heartbeat response received.
2026-04-22 14:37:28  INFO      [root]  Heartbeat response received.
2026-04-22 14:37:28  INFO      [root]  Heartbeat response received.
2026-04-22 14:37:30  INFO      [root]  Heartbeat response received.
2026-04-22 14:37:30  INFO      [root]  Heartbeat response received.
2026-04-22 14:37:32  INFO      [root]  Heartbeat response received.
2026-04-22 14:37:32  INFO      [root]  Heartbeat response received.
2026-04-22 14:37:34  INFO      [root]  Heartbeat response received.
2026-04-22 14:37:34  INFO      [root]  Heartbeat response received.
2026-04-22 14:37:36  INFO      [root]  Heartbeat response received.
2026-04-22 14:37:36  INFO      [root]  Heartbeat response received.
2026-04-22 14:37:38  INFO      [root]  Heartbeat response received.
2026-04-22 14:37:38  INFO      [root]  Heartbeat response received.
2026-04-22 14:37:40  INFO      [root]  Heartbeat response received.
2026-04-22 14:37:40  INFO      [root]  Heartbeat response received.
2026-04-22 14:37:42  INFO      [root]  Heartbeat response received.
2026-04-22 14:37:42  INFO      [root]  Heartbeat response received.
2026-04-22 14:37:45  INFO      [root]  Heartbeat response received.
2026-04-22 14:37:45  INFO      [root]  Heartbeat response received.
2026-04-22 14:37:46  INFO      [root]  Heartbeat response received.
2026-04-22 14:37:46  INFO      [root]  Heartbeat response received.
2026-04-22 14:37:49  INFO      [root]  Heartbeat response received.
2026-04-22 14:37:49  INFO      [root]  Heartbeat response received.
2026-04-22 14:37:51  INFO      [root]  Heartbeat response received.
2026-04-22 14:37:51  INFO      [root]  Heartbeat response received.
2026-04-22 14:37:53  INFO      [root]  Heartbeat response received.
2026-04-22 14:37:53  INFO      [root]  Heartbeat response received.
2026-04-22 14:37:55  INFO      [root]  Heartbeat response received.
2026-04-22 14:37:55  INFO      [root]  Heartbeat response received.
2026-04-22 14:37:57  INFO      [root]  Heartbeat response received.
2026-04-22 14:37:57  INFO      [root]  Heartbeat response received.
2026-04-22 14:37:59  INFO      [root]  Heartbeat response received.
2026-04-22 14:37:59  INFO      [root]  Heartbeat response received.
2026-04-22 14:38:01  INFO      [root]  Heartbeat response received.
2026-04-22 14:38:01  INFO      [root]  Heartbeat response received.
2026-04-22 14:38:03  INFO      [root]  Heartbeat response received.
2026-04-22 14:38:03  INFO      [root]  Heartbeat response received.
2026-04-22 14:38:05  INFO      [root]  Heartbeat response received.
2026-04-22 14:38:05  INFO      [root]  Heartbeat response received.
2026-04-22 14:38:07  INFO      [root]  Heartbeat response received.
2026-04-22 14:38:07  INFO      [root]  Heartbeat response received.
2026-04-22 14:38:09  INFO      [root]  Heartbeat response received.
2026-04-22 14:38:09  INFO      [root]  Heartbeat response received.
2026-04-22 14:38:11  INFO      [root]  Heartbeat response received.
2026-04-22 14:38:11  INFO      [root]  Heartbeat response received.
2026-04-22 14:38:13  INFO      [root]  Heartbeat response received.
2026-04-22 14:38:13  INFO      [root]  Heartbeat response received.
2026-04-22 14:38:15  INFO      [root]  Heartbeat response received.
2026-04-22 14:38:15  INFO      [root]  Heartbeat response received.
2026-04-22 14:38:17  INFO      [root]  Heartbeat response received.
2026-04-22 14:38:17  INFO      [root]  Heartbeat response received.
2026-04-22 14:38:19  INFO      [root]  Heartbeat response received.
2026-04-22 14:38:19  INFO      [root]  Heartbeat response received.
2026-04-22 14:38:21  INFO      [root]  Heartbeat response received.
2026-04-22 14:38:21  INFO      [root]  Heartbeat response received.
2026-04-22 14:38:23  INFO      [root]  Heartbeat response received.
2026-04-22 14:38:23  INFO      [root]  Heartbeat response received.
2026-04-22 14:38:25  INFO      [root]  Heartbeat response received.
2026-04-22 14:38:25  INFO      [root]  Heartbeat response received.
2026-04-22 14:38:27  INFO      [root]  Heartbeat response received.
2026-04-22 14:38:27  INFO      [root]  Heartbeat response received.
2026-04-22 14:38:29  INFO      [root]  Heartbeat response received.
2026-04-22 14:38:29  INFO      [root]  Heartbeat response received.
2026-04-22 14:38:31  INFO      [root]  Heartbeat response received.
2026-04-22 14:38:31  INFO      [root]  Heartbeat response received.
2026-04-22 14:38:33  INFO      [root]  Heartbeat response received.
2026-04-22 14:38:33  INFO      [root]  Heartbeat response received.
2026-04-22 14:38:35  INFO      [root]  Heartbeat response received.
2026-04-22 14:38:35  INFO      [root]  Heartbeat response received.
2026-04-22 14:38:37  INFO      [root]  Heartbeat response received.
2026-04-22 14:38:37  INFO      [root]  Heartbeat response received.
2026-04-22 14:38:39  INFO      [root]  Heartbeat response received.
2026-04-22 14:38:39  INFO      [root]  Heartbeat response received.
2026-04-22 14:38:41  INFO      [root]  Heartbeat response received.
2026-04-22 14:38:41  INFO      [root]  Heartbeat response received.
2026-04-22 14:38:43  INFO      [root]  Heartbeat response received.
2026-04-22 14:38:43  INFO      [root]  Heartbeat response received.
2026-04-22 14:38:44  INFO      [unitree.backend]  [用户操作] Go2 动作 [趴下(api_id=1005)] | 目标=['97713034', '30911dfd']
2026-04-22 14:38:44  INFO      [unitree.backend]  ▶ 发送 [StandDown(api_id=1005)] → Q89986, 5A5383
2026-04-22 14:38:45  INFO      [root]  Heartbeat response received.
2026-04-22 14:38:45  INFO      [root]  Heartbeat response received.
2026-04-22 14:38:45  INFO      [unitree.backend]  [Q89986] 指令 [StandDown] 成功，响应：{'type': 'res', 'topic': 'rt/api/sport/response', 'data': {'header': {'identity': {'api_id': 1005, 'id': 870947838}, 'status': {'code': 0}}, 'data': ''}}
2026-04-22 14:38:45  INFO      [unitree.backend]  [5A5383] 指令 [StandDown] 成功，响应：{'type': 'res', 'topic': 'rt/api/sport/response', 'data': {'header': {'identity': {'api_id': 1005, 'id': 870947729}, 'status': {'code': 0}}, 'data': ''}}
2026-04-22 14:38:47  INFO      [root]  Heartbeat response received.
2026-04-22 14:38:47  INFO      [root]  Heartbeat response received.
2026-04-22 14:38:48  INFO      [unitree.backend]  [用户操作] Go2 动作 [站立(api_id=1004)] | 目标=['97713034', '30911dfd']
2026-04-22 14:38:48  INFO      [unitree.backend]  ▶ 发送 [StandUp(api_id=1004)] → Q89986, 5A5383
2026-04-22 14:38:49  INFO      [root]  Heartbeat response received.
2026-04-22 14:38:49  INFO      [root]  Heartbeat response received.
2026-04-22 14:38:49  INFO      [unitree.backend]  [Q89986] 指令 [StandUp] 成功，响应：{'type': 'res', 'topic': 'rt/api/sport/response', 'data': {'header': {'identity': {'api_id': 1004, 'id': 870952501}, 'status': {'code': 0}}, 'data': ''}}
2026-04-22 14:38:49  INFO      [unitree.backend]  [5A5383] 指令 [StandUp] 成功，响应：{'type': 'res', 'topic': 'rt/api/sport/response', 'data': {'header': {'identity': {'api_id': 1004, 'id': 870952366}, 'status': {'code': 0}}, 'data': ''}}
2026-04-22 14:38:51  INFO      [root]  Heartbeat response received.
2026-04-22 14:38:51  INFO      [root]  Heartbeat response received.
2026-04-22 14:38:53  INFO      [root]  Heartbeat response received.
2026-04-22 14:38:53  INFO      [root]  Heartbeat response received.
2026-04-22 14:38:55  INFO      [root]  Heartbeat response received.
2026-04-22 14:38:55  INFO      [root]  Heartbeat response received.
2026-04-22 14:38:57  INFO      [root]  Heartbeat response received.
2026-04-22 14:38:57  INFO      [root]  Heartbeat response received.
2026-04-22 14:38:59  INFO      [root]  Heartbeat response received.
2026-04-22 14:38:59  INFO      [root]  Heartbeat response received.
2026-04-22 14:39:01  INFO      [root]  Heartbeat response received.
2026-04-22 14:39:01  INFO      [root]  Heartbeat response received.
2026-04-22 14:39:03  INFO      [root]  Heartbeat response received.
2026-04-22 14:39:03  INFO      [root]  Heartbeat response received.
2026-04-22 14:39:05  INFO      [root]  Heartbeat response received.
2026-04-22 14:39:05  INFO      [root]  Heartbeat response received.
2026-04-22 14:39:05  INFO      [unitree.backend]  [用户操作] Go2 动作 [坐下(api_id=1009)] | 目标=['97713034', '30911dfd']
2026-04-22 14:39:05  INFO      [unitree.backend]  ▶ 发送 [Sit(api_id=1009)] → Q89986, 5A5383
2026-04-22 14:39:06  INFO      [unitree.backend]  [Q89986] 指令 [Sit] 成功，响应：{'type': 'res', 'topic': 'rt/api/sport/response', 'data': {'header': {'identity': {'api_id': 1009, 'id': 870969617}, 'status': {'code': 0}}, 'data': ''}}
2026-04-22 14:39:06  INFO      [unitree.backend]  [5A5383] 指令 [Sit] 成功，响应：{'type': 'res', 'topic': 'rt/api/sport/response', 'data': {'header': {'identity': {'api_id': 1009, 'id': 870969352}, 'status': {'code': 0}}, 'data': ''}}
2026-04-22 14:39:07  INFO      [root]  Heartbeat response received.
2026-04-22 14:39:07  INFO      [root]  Heartbeat response received.
2026-04-22 14:39:09  INFO      [root]  Heartbeat response received.
2026-04-22 14:39:09  INFO      [root]  Heartbeat response received.
2026-04-22 14:39:09  INFO      [unitree.backend]  [用户操作] Go2 动作 [站立(api_id=1004)] | 目标=['97713034', '30911dfd']
2026-04-22 14:39:09  INFO      [unitree.backend]  ▶ 发送 [StandUp(api_id=1004)] → Q89986, 5A5383
2026-04-22 14:39:10  INFO      [unitree.backend]  [Q89986] 指令 [StandUp] 成功，响应：{'type': 'res', 'topic': 'rt/api/sport/response', 'data': {'header': {'identity': {'api_id': 1004, 'id': 870973425}, 'status': {'code': 0}}, 'data': ''}}
2026-04-22 14:39:10  INFO      [unitree.backend]  [5A5383] 指令 [StandUp] 成功，响应：{'type': 'res', 'topic': 'rt/api/sport/response', 'data': {'header': {'identity': {'api_id': 1004, 'id': 870972794}, 'status': {'code': 0}}, 'data': ''}}
2026-04-22 14:39:11  INFO      [root]  Heartbeat response received.
2026-04-22 14:39:11  INFO      [root]  Heartbeat response received.
2026-04-22 14:39:13  INFO      [root]  Heartbeat response received.
2026-04-22 14:39:13  INFO      [root]  Heartbeat response received.
2026-04-22 14:39:15  INFO      [root]  Heartbeat response received.
2026-04-22 14:39:15  INFO      [root]  Heartbeat response received.
2026-04-22 14:39:17  INFO      [root]  Heartbeat response received.
2026-04-22 14:39:17  INFO      [root]  Heartbeat response received.
2026-04-22 14:39:19  INFO      [root]  Heartbeat response received.
2026-04-22 14:39:19  INFO      [root]  Heartbeat response received.
2026-04-22 14:39:21  INFO      [root]  Heartbeat response received.
2026-04-22 14:39:21  INFO      [root]  Heartbeat response received.
2026-04-22 14:39:23  INFO      [root]  Heartbeat response received.
2026-04-22 14:39:23  INFO      [root]  Heartbeat response received.
2026-04-22 14:39:25  INFO      [root]  Heartbeat response received.
2026-04-22 14:39:25  INFO      [root]  Heartbeat response received.
2026-04-22 14:39:27  INFO      [root]  Heartbeat response received.
2026-04-22 14:39:27  INFO      [root]  Heartbeat response received.
2026-04-22 14:39:29  INFO      [root]  Heartbeat response received.
2026-04-22 14:39:29  INFO      [root]  Heartbeat response received.
2026-04-22 14:39:31  INFO      [root]  Heartbeat response received.
2026-04-22 14:39:31  INFO      [root]  Heartbeat response received.
2026-04-22 14:39:33  INFO      [root]  Heartbeat response received.
2026-04-22 14:39:33  INFO      [root]  Heartbeat response received.
2026-04-22 14:39:35  INFO      [root]  Heartbeat response received.
2026-04-22 14:39:35  INFO      [root]  Heartbeat response received.
2026-04-22 14:39:37  INFO      [root]  Heartbeat response received.
2026-04-22 14:39:37  INFO      [root]  Heartbeat response received.
2026-04-22 14:39:39  INFO      [root]  Heartbeat response received.
2026-04-22 14:39:39  INFO      [root]  Heartbeat response received.
2026-04-22 14:39:41  INFO      [root]  Heartbeat response received.
2026-04-22 14:39:41  INFO      [root]  Heartbeat response received.
2026-04-22 14:39:43  INFO      [root]  Heartbeat response received.
2026-04-22 14:39:43  INFO      [root]  Heartbeat response received.
2026-04-22 14:39:45  INFO      [root]  Heartbeat response received.
2026-04-22 14:39:45  INFO      [root]  Heartbeat response received.
2026-04-22 14:39:47  INFO      [root]  Heartbeat response received.
2026-04-22 14:39:47  INFO      [root]  Heartbeat response received.
2026-04-22 14:39:49  INFO      [root]  Heartbeat response received.
2026-04-22 14:39:49  INFO      [root]  Heartbeat response received.
2026-04-22 14:39:51  INFO      [root]  Heartbeat response received.
2026-04-22 14:39:51  INFO      [root]  Heartbeat response received.
2026-04-22 14:39:53  INFO      [root]  Heartbeat response received.
2026-04-22 14:39:53  INFO      [root]  Heartbeat response received.
2026-04-22 14:39:55  INFO      [root]  Heartbeat response received.
2026-04-22 14:39:55  INFO      [root]  Heartbeat response received.
2026-04-22 14:39:57  INFO      [root]  Heartbeat response received.
2026-04-22 14:39:57  INFO      [root]  Heartbeat response received.
2026-04-22 14:39:59  INFO      [root]  Heartbeat response received.
2026-04-22 14:39:59  INFO      [root]  Heartbeat response received.
2026-04-22 14:40:01  INFO      [root]  Heartbeat response received.
2026-04-22 14:40:01  INFO      [root]  Heartbeat response received.
2026-04-22 14:40:03  INFO      [root]  Heartbeat response received.
2026-04-22 14:40:03  INFO      [root]  Heartbeat response received.
2026-04-22 14:40:04  INFO      [unitree.ui]  应用关闭，断开所有连接
2026-04-22 14:40:04  INFO      [unitree.backend]  RobotManager 关闭，断开所有连接…
2026-04-22 14:40:04  DEBUG     [root]  Track audio ended
2026-04-22 14:40:04  DEBUG     [root]  Track audio ended
2026-04-22 14:40:04  INFO      [root]  Data channel closed
2026-04-22 14:40:04  INFO      [root]  Data channel closed
2026-04-22 14:40:04  DEBUG     [root]  Track video ended
2026-04-22 14:40:04  DEBUG     [root]  Track video ended
2026-04-22 14:40:04  INFO      [unitree.app]  应用退出，code=0
2026-04-22 14:40:12  INFO      [unitree.backend]  ============================================================
2026-04-22 14:40:12  INFO      [unitree.backend]  Unitree 多机器人控制台 启动  log→D:\机器狗测试\MultiRobot\dist\logs\app.log
2026-04-22 14:40:12  INFO      [unitree.backend]  ============================================================
2026-04-22 14:40:12  INFO      [unitree.app]  Qt 应用启动  Python=3.13.12 (tags/v3.13.12:1cbe481, Feb  3 2026, 18:22:25) [MSC v.1944 64 bit (AMD64)]  Platform=win32
2026-04-22 14:40:12  INFO      [unitree.backend]  加载配置成功，saved_robots=7
2026-04-22 14:40:12  INFO      [unitree.backend]  ConfigManager 初始化，配置文件：C:\Users\ChenSanSui\.unitree_multicontrol\config.json
2026-04-22 14:40:12  INFO      [unitree.ui]  主窗口初始化完成，日志文件：D:\机器狗测试\MultiRobot\dist\logs\app.log
2026-04-22 14:40:12  INFO      [unitree.app]  主窗口已显示
2026-04-22 14:40:21  INFO      [unitree.ui]  [用户操作] 点击扫描添加
2026-04-22 14:40:24  INFO      [unitree.backend]  覆盖保存 SN 列表：['B42D2000P4Q89986', 'B42D2000P45A5383']
2026-04-22 14:40:24  DEBUG     [unitree.backend]  配置已写入 C:\Users\ChenSanSui\.unitree_multicontrol\config.json
2026-04-22 14:40:24  INFO      [unitree.backend]  开始网络扫描，timeout=3.0s
2026-04-22 14:40:24  INFO      [unitree.backend]  扫描发现设备: SN=B42D2000P4Q89986 IP=10.76.170.116
2026-04-22 14:40:27  INFO      [unitree.backend]  扫描完成，发现 1 台设备：{'B42D2000P4Q89986': '10.76.170.116'}
2026-04-22 14:40:33  INFO      [unitree.backend]  覆盖保存 SN 列表：['B42D2000P4Q89986', 'B42D2000P45A5383']
2026-04-22 14:40:33  DEBUG     [unitree.backend]  配置已写入 C:\Users\ChenSanSui\.unitree_multicontrol\config.json
2026-04-22 14:40:33  INFO      [unitree.backend]  开始网络扫描，timeout=3.0s
2026-04-22 14:40:33  INFO      [unitree.backend]  扫描发现设备: SN=B42D2000P4Q89986 IP=10.76.170.116
2026-04-22 14:40:34  INFO      [unitree.backend]  扫描发现设备: SN=B42D2000P45A5383 IP=10.76.170.174
2026-04-22 14:40:36  INFO      [unitree.backend]  扫描完成，发现 2 台设备：{'B42D2000P4Q89986': '10.76.170.116', 'B42D2000P45A5383': '10.76.170.174'}
2026-04-22 14:40:38  INFO      [unitree.ui]  [用户操作] 扫描添加：name=Q89986 type=go2 ip=10.76.170.116 sn=B42D2000P4Q89986
2026-04-22 14:40:38  DEBUG     [unitree.backend]  配置已写入 C:\Users\ChenSanSui\.unitree_multicontrol\config.json
2026-04-22 14:40:38  INFO      [unitree.backend]  更新已保存机器人：Q89986 (SN=B42D2000P4Q89986)
2026-04-22 14:40:38  INFO      [unitree.backend]  添加机器人：name=Q89986 type=go2 ip=10.76.170.116 sn=B42D2000P4Q89986 robot_id=67a3280d
2026-04-22 14:40:38  INFO      [unitree.ui]  [用户操作] 扫描添加：name=5A5383 type=go2 ip=10.76.170.174 sn=B42D2000P45A5383
2026-04-22 14:40:38  INFO      [unitree.backend]  ⏳ 正在连接 [Q89986] (go2) @ 10.76.170.116…
2026-04-22 14:40:38  DEBUG     [unitree.backend]  配置已写入 C:\Users\ChenSanSui\.unitree_multicontrol\config.json
2026-04-22 14:40:38  INFO      [unitree.backend]  更新已保存机器人：5A5383 (SN=B42D2000P45A5383)
2026-04-22 14:40:38  INFO      [unitree.backend]  添加机器人：name=5A5383 type=go2 ip=10.76.170.174 sn=B42D2000P45A5383 robot_id=ff7a8649
2026-04-22 14:40:38  INFO      [root]  Creating offer...
2026-04-22 14:40:38  INFO      [unitree.backend]  ⏳ 正在连接 [5A5383] (go2) @ 10.76.170.174…
2026-04-22 14:40:38  INFO      [root]  Creating offer...
2026-04-22 14:40:38  INFO      [root]  Trying to send SDP using the old method...
2026-04-22 14:40:40  ERROR     [root]  An error occurred: HTTPConnectionPool(host='10.76.170.116', port=8081): Max retries exceeded with url: /offer (Caused by NewConnectionError("HTTPConnection(host='10.76.170.116', port=8081): Failed to establish a new connection: [WinError 10061] 由于目标计算机积极拒绝，无法连接。"))
2026-04-22 14:40:40  ERROR     [root]  An error occurred with the old method: Failed to receive SDP Answer: No response
2026-04-22 14:40:40  INFO      [root]  Falling back to the new method...
2026-04-22 14:40:41  DEBUG     [root]  Recieved con_notify response: {"data1":"5aVcA1R21NYD1iU4am4vaY3692X2CZbS2XPvp/2mQEXEh/8ya0mV+5qzpWlO93HuWu1jc02HP1UYejCYsIbXK03V5cn177li0UWWtoXM0B1PCNe7OoGirkfTRFgs4T7RYgQ4tRYFMd72iZX2KXIWs/gdDHjPmKYbrds5PReQAYPRH8JgpjEFfUK2G9Z/cUZ9FnmqJXd4bcQb86ibffK4VsC2ens0UzI6b2zN6ZnZ08u0Yi50ANo8Lm2Co3p5jxjm43J+Y5Z4a/6iH56PtzlL7rzJRZr5v4kbi0eYgAPPwd9rfwOfwInlxQtnlCJrVkyPLXTZyT/WMwEJavAQBjK7fdi7mvwRC0KzGgzgOPNcZ9BT0brTpTUIO3TByqNW9ErCI5YaL6yOgTJCB2NPnPUck7YAm2mPVHgrQD9w4r1ITZCqvleUwdmd1RZutGmurtR1JF+abjUKxvx4fw9nd1CEelrTAfvEE3Jem6nOPvGSPKu4TsHQPvD3spLDfD7HJt9QpFXu+F+2YbHrlyFu2Y1S+VEaX7j5mKlvZeX3FZntYfjMIPug7OY6CNHR0luymL9Wp+pB+pg4ips=","data2":2}
2026-04-22 14:40:41  INFO      [root]  con_notify: data2=2, data1 长度=588, data1 前 30 字符='5aVcA1R21NYD1iU4am4vaY3692X2CZ', 后 30 字符='ug7OY6CNHR0luymL9Wp+pB+pg4ips='
2026-04-22 14:40:41  INFO      [root]  con_notify 解密后: data1 长度=412, 前 30='PXl4a8YLdpMIIBIDANBgkqhkiG9w0B', 后 30='uHz581PwUSOIlwIBEQ==GGDDBFJI2J'
2026-04-22 14:40:41  INFO      [root]  con_notify 解密后 FULL data1: 'PXl4a8YLdpMIIBIDANBgkqhkiG9w0BAQEFAAOCAQ0AMIIBCAKCAQEAkoo6Bp9nrAl0oeb0ooPn4SB7to7bvHyx7AXzu6CYYqlRAiAn4F2RY23rDLdk7nwlHABoDSfR4efrHAkQ3D4ELkHNdVH1ZxK8xHb2+t9rPlp7CsVSisJ6yx79DRuRPatwXPj89SNMTDQ+qSF/hD+uWtuuB4P4uPHaaCMzwdyVawdhtEn9RIaH1kQy7yws6eU06SBSSSOaro2+OeZBc5QetA0wYvu+ya+SlMzqosspmCfeDleniXv79+YJJOJXgAPi/argLvsEcvqwKmKVTb+OnfGaItKjL0gZ2WE9J57yiM418AuJnOni+RPzmiDJN6EnbvTa/CukuHz581PwUSOIlwIBEQ==GGDDBFJI2J'
2026-04-22 14:40:41  DEBUG     [root]  _calc_local_path_ending: last_10='GGDDBFJI2J'  (full len=412)
2026-04-22 14:40:41  DEBUG     [root]  _calc_local_path_ending: result=63589
2026-04-22 14:40:41  INFO      [root]  提取公钥 FULL: 'MIIBIDANBgkqhkiG9w0BAQEFAAOCAQ0AMIIBCAKCAQEAkoo6Bp9nrAl0oeb0ooPn4SB7to7bvHyx7AXzu6CYYqlRAiAn4F2RY23rDLdk7nwlHABoDSfR4efrHAkQ3D4ELkHNdVH1ZxK8xHb2+t9rPlp7CsVSisJ6yx79DRuRPatwXPj89SNMTDQ+qSF/hD+uWtuuB4P4uPHaaCMzwdyVawdhtEn9RIaH1kQy7yws6eU06SBSSSOaro2+OeZBc5QetA0wYvu+ya+SlMzqosspmCfeDleniXv79+YJJOJXgAPi/argLvsEcvqwKmKVTb+OnfGaItKjL0gZ2WE9J57yiM418AuJnOni+RPzmiDJN6EnbvTa/CukuHz581PwUSOIlwIBEQ=='
2026-04-22 14:40:41  INFO      [root]  提取公钥: pem 长度=392, path_ending=63589
2026-04-22 14:40:41  INFO      [root]  公钥 base64 解码: 长度=292 bytes, 前 16 bytes hex=30820120300d06092a864886f70d0101
2026-04-22 14:40:41  DEBUG     [root]  Recieved con_ing_63589 response: {"type":"answer","sdp":"v=0\r\no=- 1192888413 2 IN IP4 127.0.0.1\r\ns=-\r\nt=0 0\r\na=group:BUNDLE 0 1 2\r\na=msid-semantic: WMS myKvsVideoStream\r\nm=audio 9 UDP/TLS/RTP/SAVPF 96\r\nc=IN IP4 127.0.0.1\r\na=candidate:2 1 udp 2130706431 240E:047C:0690:72D7:8ACF:AE6D:F7E6:05DC 43711 typ host raddr ::/0 rport 0 generation 0 network-cost 999\r\na=candidate:1 1 udp 2130706431 240E:047C:0690:72D7:82B5:3CEC:65D2:FB10 47009 typ host raddr ::/0 rport 0 generation 0 network-cost 999\r\na=candidate:0 1 udp 2130706431 10.76.170.116 42029 typ host raddr 0.0.0.0 rport 0 generation 0 network-cost 999\r\na=msid:unitreeMediaStream unitreeAudioTrack\r\na=ssrc:858327744 cname:tFAtVMYjInLwY5Nq\r\na=ssrc:858327744 msid:unitreeMediaStream unitreeAudioTrack\r\na=ssrc:858327744 mslabel:unitreeMediaStream\r\na=ssrc:858327744 label:unitreeAudioTrack\r\na=rtcp:9 IN IP4 0.0.0.0\r\na=ice-ufrag:0FCh\r\na=ice-pwd:EyFeenlTIWKnVxHP4VFSDSWp\r\na=ice-options:trickle\r\na=fingerprint:sha-256 BE:88:67:96:E5:80:EA:D2:AF:F3:AA:62:45:C5:71:A2:D2:11:DC:54:11:EA:2D:67:E8:FA:D1:5C:B6:A8:26:FD\r\na=setup:active\r\na=mid:0\r\na=sendrecv\r\na=rtcp-mux\r\na=rtcp-rsize\r\na=rtpmap:96 opus/48000/2\r\na=rtcp-fb:96 nack\r\na=rtcp-fb:96 goog-remb\r\nm=video 9 UDP/TLS/RTP/SAVPF 101\r\nc=IN IP4 127.0.0.1\r\na=candidate:2 1 udp 2130706431 240E:047C:0690:72D7:8ACF:AE6D:F7E6:05DC 43711 typ host raddr ::/0 rport 0 generation 0 network-cost 999\r\na=candidate:1 1 udp 2130706431 240E:047C:0690:72D7:82B5:3CEC:65D2:FB10 47009 typ host raddr ::/0 rport 0 generation 0 network-cost 999\r\na=candidate:0 1 udp 2130706431 10.76.170.116 42029 typ host raddr 0.0.0.0 rport 0 generation 0 network-cost 999\r\na=msid:unitreeMediaStream unitreeVideoTrack\r\na=ssrc:401986151 cname:tFAtVMYjInLwY5Nq\r\na=ssrc:401986151 msid:unitreeMediaStream unitreeVideoTrack\r\na=ssrc:401986151 mslabel:unitreeMediaStream\r\na=ssrc:401986151 label:unitreeVideoTrack\r\na=rtcp:9 IN IP4 0.0.0.0\r\na=ice-ufrag:0FCh\r\na=ice-pwd:EyFeenlTIWKnVxHP4VFSDSWp\r\na=ice-options:trickle\r\na=fingerprint:sha-256 BE:88:67:96:E5:80:EA:D2:AF:F3:AA:62:45:C5:71:A2:D2:11:DC:54:11:EA:2D:67:E8:FA:D1:5C:B6:A8:26:FD\r\na=setup:active\r\na=mid:1\r\na=sendonly\r\na=rtcp-mux\r\na=rtcp-rsize\r\na=rtpmap:101 H264/90000\r\na=fmtp:101 level-asymmetry-allowed=1;packetization-mode=1;profile-level-id=42e01f\r\na=rtcp-fb:101 nack\r\na=rtcp-fb:101 goog-remb\r\nm=application 9 UDP/DTLS/SCTP webrtc-datachannel\r\nc=IN IP4 127.0.0.1\r\na=candidate:2 1 udp 2130706431 240E:047C:0690:72D7:8ACF:AE6D:F7E6:05DC 43711 typ host raddr ::/0 rport 0 generation 0 network-cost 999\r\na=candidate:1 1 udp 2130706431 240E:047C:0690:72D7:82B5:3CEC:65D2:FB10 47009 typ host raddr ::/0 rport 0 generation 0 network-cost 999\r\na=candidate:0 1 udp 2130706431 10.76.170.116 42029 typ host raddr 0.0.0.0 rport 0 generation 0 network-cost 999\r\na=rtcp:9 IN IP4 0.0.0.0\r\na=ice-ufrag:0FCh\r\na=ice-pwd:EyFeenlTIWKnVxHP4VFSDSWp\r\na=fingerprint:sha-256 BE:88:67:96:E5:80:EA:D2:AF:F3:AA:62:45:C5:71:A2:D2:11:DC:54:11:EA:2D:67:E8:FA:D1:5C:B6:A8:26:FD\r\na=setup:active\r\na=mid:2\r\na=sctp-port:5000\r\n","id":"STA_localNetwork"}
2026-04-22 14:40:41  INFO      [root]  SDP successfully sent using the new method.
2026-04-22 14:40:41  INFO      [root]  Trying to send SDP using the old method...
2026-04-22 14:40:43  ERROR     [root]  An error occurred: HTTPConnectionPool(host='10.76.170.174', port=8081): Max retries exceeded with url: /offer (Caused by NewConnectionError("HTTPConnection(host='10.76.170.174', port=8081): Failed to establish a new connection: [WinError 10061] 由于目标计算机积极拒绝，无法连接。"))
2026-04-22 14:40:43  ERROR     [root]  An error occurred with the old method: Failed to receive SDP Answer: No response
2026-04-22 14:40:43  INFO      [root]  Falling back to the new method...
2026-04-22 14:40:43  DEBUG     [root]  Recieved con_notify response: {"data1":"tFn/XBrVsKriziNPrFDb9ZRRAjAqOtpIHX/FOn7K3G07xUm5kh4A4rBk0zeuVQVU/d+957WddlrZTNv0rIdeMqE8nUp2TtgJvuyRXr5poItbTujj0IuTFQhCI8H8WYGd+nBTB9pFd2LI4EUAyRjm9Y5HQGb7CE0aVRf8OqwGWA+C/9mo64+F4IWQla5+yg5US6BpJtNseadlXdeBcHQBIWDgklbjMIAaH7pYA30ha3/cu3WZMfB/9/F6BPVv8+RCGBJhZypRlZtNeO1tvV/C0BW0ongHT0VQXpuG0vfgXW10kH271Xx4XPozZZYI8mUVwXD6lJ1znifpZ31jkjfPSE36Azwl634FOpBlHXVA9y+4R8BSY/Pkksc/b+4pGlqAg+SYQgj78vE1GKc0cax+so7f14bU0d1HFf9GFFYksUlnrnyuIO1pHwKgwat1BU2lFw9NR9Mw6s+3FumKfmjeyRZWj4IZsm8lq3f9Nczx22pjMt7DZTxjBUt9xjgHrgJA1yE9X56ONq0CtMx+BhFX/NnOn60/LO+v+LAdwAV8MGiihF7lPYbITtAmesvcXrnPUIgKMNqQgfk=","data2":2}
2026-04-22 14:40:43  INFO      [root]  con_notify: data2=2, data1 长度=588, data1 前 30 字符='tFn/XBrVsKriziNPrFDb9ZRRAjAqOt', 后 30 字符='7lPYbITtAmesvcXrnPUIgKMNqQgfk='
2026-04-22 14:40:43  INFO      [root]  con_notify 解密后: data1 长度=412, 前 30='dEVqwsdBvmMIIBIDANBgkqhkiG9w0B', 后 30='Z9FdgdVMfIDZNQIBEQ==3D4A4ALH0H'
2026-04-22 14:40:43  INFO      [root]  con_notify 解密后 FULL data1: 'dEVqwsdBvmMIIBIDANBgkqhkiG9w0BAQEFAAOCAQ0AMIIBCAKCAQEAmeAoNsjD3j/T0RX4y1DimNnsnamGY0lj2U7srCxNardZ+SBp+B6J9VZJPFNQjAIbhXTUGHMrEJy3rE2MZwvGKVvzZdGLN3cCSGSBRRNFBIwDYFryMiLO2VZwGVpM5zFqlWXAEcvJgwYoQb8SEX0Z6pUSuAP23cYSG0/jkRGUgAfLu0yJeSpLhuSTxPuqIkC4r5lfWXl3hVDkS92Rvw84owqc5I1mvBQ4dzAkDin5NfZxIA3QStLNy5P1xdz416hNBFetdGkSL/Ns6WabIWTsJtijHvXxdyrZoXZ5iCsqfKPYcCeCp0x3Rj+VcPmWVYUuAEjpyaPNZ9FdgdVMfIDZNQIBEQ==3D4A4ALH0H'
2026-04-22 14:40:43  DEBUG     [root]  _calc_local_path_ending: last_10='3D4A4ALH0H'  (full len=412)
2026-04-22 14:40:43  DEBUG     [root]  _calc_local_path_ending: result=30077
2026-04-22 14:40:43  INFO      [root]  提取公钥 FULL: 'MIIBIDANBgkqhkiG9w0BAQEFAAOCAQ0AMIIBCAKCAQEAmeAoNsjD3j/T0RX4y1DimNnsnamGY0lj2U7srCxNardZ+SBp+B6J9VZJPFNQjAIbhXTUGHMrEJy3rE2MZwvGKVvzZdGLN3cCSGSBRRNFBIwDYFryMiLO2VZwGVpM5zFqlWXAEcvJgwYoQb8SEX0Z6pUSuAP23cYSG0/jkRGUgAfLu0yJeSpLhuSTxPuqIkC4r5lfWXl3hVDkS92Rvw84owqc5I1mvBQ4dzAkDin5NfZxIA3QStLNy5P1xdz416hNBFetdGkSL/Ns6WabIWTsJtijHvXxdyrZoXZ5iCsqfKPYcCeCp0x3Rj+VcPmWVYUuAEjpyaPNZ9FdgdVMfIDZNQIBEQ=='
2026-04-22 14:40:43  INFO      [root]  提取公钥: pem 长度=392, path_ending=30077
2026-04-22 14:40:43  INFO      [root]  公钥 base64 解码: 长度=292 bytes, 前 16 bytes hex=30820120300d06092a864886f70d0101
2026-04-22 14:40:43  DEBUG     [root]  Recieved con_ing_30077 response: {"type":"answer","sdp":"v=0\r\no=- 1443329868 2 IN IP4 127.0.0.1\r\ns=-\r\nt=0 0\r\na=group:BUNDLE 0 1 2\r\na=msid-semantic: WMS myKvsVideoStream\r\nm=audio 9 UDP/TLS/RTP/SAVPF 96\r\nc=IN IP4 127.0.0.1\r\na=candidate:2 1 udp 2130706431 240E:047C:0690:72D7:C9BA:9ABE:A5BD:DFBB 45418 typ host raddr ::/0 rport 0 generation 0 network-cost 999\r\na=candidate:1 1 udp 2130706431 240E:047C:0690:72D7:4C37:7A4C:ACD9:3212 60934 typ host raddr ::/0 rport 0 generation 0 network-cost 999\r\na=candidate:0 1 udp 2130706431 10.76.170.174 57142 typ host raddr 0.0.0.0 rport 0 generation 0 network-cost 999\r\na=msid:unitreeMediaStream unitreeAudioTrack\r\na=ssrc:1283176548 cname:gXDblXctjn7LNqRx\r\na=ssrc:1283176548 msid:unitreeMediaStream unitreeAudioTrack\r\na=ssrc:1283176548 mslabel:unitreeMediaStream\r\na=ssrc:1283176548 label:unitreeAudioTrack\r\na=rtcp:9 IN IP4 0.0.0.0\r\na=ice-ufrag:xEJ1\r\na=ice-pwd:7CAGecj5Z7OzgmT2e2WhynOE\r\na=ice-options:trickle\r\na=fingerprint:sha-256 56:A8:26:BB:65:BD:2F:33:31:26:C4:25:90:D0:43:C1:F4:3E:6F:CC:04:A6:72:98:62:14:3D:11:E1:5D:16:18\r\na=setup:active\r\na=mid:0\r\na=sendrecv\r\na=rtcp-mux\r\na=rtcp-rsize\r\na=rtpmap:96 opus/48000/2\r\na=rtcp-fb:96 nack\r\na=rtcp-fb:96 goog-remb\r\nm=video 9 UDP/TLS/RTP/SAVPF 101\r\nc=IN IP4 127.0.0.1\r\na=candidate:2 1 udp 2130706431 240E:047C:0690:72D7:C9BA:9ABE:A5BD:DFBB 45418 typ host raddr ::/0 rport 0 generation 0 network-cost 999\r\na=candidate:1 1 udp 2130706431 240E:047C:0690:72D7:4C37:7A4C:ACD9:3212 60934 typ host raddr ::/0 rport 0 generation 0 network-cost 999\r\na=candidate:0 1 udp 2130706431 10.76.170.174 57142 typ host raddr 0.0.0.0 rport 0 generation 0 network-cost 999\r\na=msid:unitreeMediaStream unitreeVideoTrack\r\na=ssrc:696544526 cname:gXDblXctjn7LNqRx\r\na=ssrc:696544526 msid:unitreeMediaStream unitreeVideoTrack\r\na=ssrc:696544526 mslabel:unitreeMediaStream\r\na=ssrc:696544526 label:unitreeVideoTrack\r\na=rtcp:9 IN IP4 0.0.0.0\r\na=ice-ufrag:xEJ1\r\na=ice-pwd:7CAGecj5Z7OzgmT2e2WhynOE\r\na=ice-options:trickle\r\na=fingerprint:sha-256 56:A8:26:BB:65:BD:2F:33:31:26:C4:25:90:D0:43:C1:F4:3E:6F:CC:04:A6:72:98:62:14:3D:11:E1:5D:16:18\r\na=setup:active\r\na=mid:1\r\na=sendonly\r\na=rtcp-mux\r\na=rtcp-rsize\r\na=rtpmap:101 H264/90000\r\na=fmtp:101 level-asymmetry-allowed=1;packetization-mode=1;profile-level-id=42e01f\r\na=rtcp-fb:101 nack\r\na=rtcp-fb:101 goog-remb\r\nm=application 9 UDP/DTLS/SCTP webrtc-datachannel\r\nc=IN IP4 127.0.0.1\r\na=candidate:2 1 udp 2130706431 240E:047C:0690:72D7:C9BA:9ABE:A5BD:DFBB 45418 typ host raddr ::/0 rport 0 generation 0 network-cost 999\r\na=candidate:1 1 udp 2130706431 240E:047C:0690:72D7:4C37:7A4C:ACD9:3212 60934 typ host raddr ::/0 rport 0 generation 0 network-cost 999\r\na=candidate:0 1 udp 2130706431 10.76.170.174 57142 typ host raddr 0.0.0.0 rport 0 generation 0 network-cost 999\r\na=rtcp:9 IN IP4 0.0.0.0\r\na=ice-ufrag:xEJ1\r\na=ice-pwd:7CAGecj5Z7OzgmT2e2WhynOE\r\na=fingerprint:sha-256 56:A8:26:BB:65:BD:2F:33:31:26:C4:25:90:D0:43:C1:F4:3E:6F:CC:04:A6:72:98:62:14:3D:11:E1:5D:16:18\r\na=setup:active\r\na=mid:2\r\na=sctp-port:5000\r\n","id":"STA_localNetwork"}
2026-04-22 14:40:44  INFO      [root]  SDP successfully sent using the new method.
2026-04-22 14:40:44  INFO      [root]  Track recieved: audio
2026-04-22 14:40:44  INFO      [root]  Track recieved: video
2026-04-22 14:40:44  INFO      [root]  Track recieved: audio
2026-04-22 14:40:44  INFO      [root]  Track recieved: video
2026-04-22 14:40:44  INFO      [root]  Data channel opened
2026-04-22 14:40:44  INFO      [root]  Validation succeed
2026-04-22 14:40:45  INFO      [root]  Network status message received.
2026-04-22 14:40:45  INFO      [unitree.backend]  ✅ [5A5383] 连接成功！  IP=10.76.170.174  type=go2
2026-04-22 14:40:45  INFO      [unitree.backend]  [5A5383] 已订阅 LOW_STATE
2026-04-22 14:40:45  INFO      [root]  Network status message received.
2026-04-22 14:40:46  INFO      [root]  Heartbeat response received.
2026-04-22 14:40:46  INFO      [root]  Network status message received.
2026-04-22 14:40:46  INFO      [root]  Network status message received.
2026-04-22 14:40:47  INFO      [root]  Network status message received.
2026-04-22 14:40:48  INFO      [root]  Network status message received.
2026-04-22 14:40:48  INFO      [root]  Heartbeat response received.
2026-04-22 14:41:17  INFO      [unitree.ui]  [用户操作] 请求删除：['Q89986', '5A5383']
2026-04-22 14:41:20  INFO      [unitree.backend]  删除已保存机器人 SN=B42D2000P4Q89986
2026-04-22 14:41:20  DEBUG     [unitree.backend]  配置已写入 C:\Users\ChenSanSui\.unitree_multicontrol\config.json
2026-04-22 14:41:20  INFO      [unitree.backend]  删除已保存 SN 条目：B42D2000P4Q89986
2026-04-22 14:41:20  DEBUG     [unitree.backend]  配置已写入 C:\Users\ChenSanSui\.unitree_multicontrol\config.json
2026-04-22 14:41:20  INFO      [unitree.backend]  删除机器人：Q89986 (robot_id=67a3280d)
2026-04-22 14:41:20  INFO      [unitree.backend]  删除已保存机器人 SN=B42D2000P45A5383
2026-04-22 14:41:20  DEBUG     [unitree.backend]  配置已写入 C:\Users\ChenSanSui\.unitree_multicontrol\config.json
2026-04-22 14:41:20  INFO      [unitree.backend]  删除已保存 SN 条目：B42D2000P45A5383
2026-04-22 14:41:20  DEBUG     [unitree.backend]  配置已写入 C:\Users\ChenSanSui\.unitree_multicontrol\config.json
2026-04-22 14:41:20  INFO      [unitree.backend]  删除机器人：5A5383 (robot_id=ff7a8649)
2026-04-22 14:41:22  INFO      [unitree.ui]  [用户操作] 点击扫描添加
2026-04-22 14:44:17  INFO      [unitree.backend]  覆盖保存 SN 列表：['B42D2000P4Q89986', 'B42D2000P45A5383']
2026-04-22 14:44:17  DEBUG     [unitree.backend]  配置已写入 C:\Users\ChenSanSui\.unitree_multicontrol\config.json
2026-04-22 14:45:17  INFO      [unitree.ui]  应用关闭，断开所有连接
2026-04-22 14:45:17  INFO      [unitree.backend]  RobotManager 关闭，断开所有连接…
2026-04-22 14:45:20  INFO      [unitree.app]  应用退出，code=0
2026-04-22 14:45:27  INFO      [unitree.backend]  ============================================================
2026-04-22 14:45:27  INFO      [unitree.backend]  Unitree 多机器人控制台 启动  log→D:\机器狗测试\MultiRobot\dist\logs\app.log
2026-04-22 14:45:27  INFO      [unitree.backend]  ============================================================
2026-04-22 14:45:27  INFO      [unitree.app]  Qt 应用启动  Python=3.13.12 (tags/v3.13.12:1cbe481, Feb  3 2026, 18:22:25) [MSC v.1944 64 bit (AMD64)]  Platform=win32
2026-04-22 14:45:27  INFO      [unitree.backend]  加载配置成功，saved_robots=5
2026-04-22 14:45:27  INFO      [unitree.backend]  ConfigManager 初始化，配置文件：C:\Users\ChenSanSui\.unitree_multicontrol\config.json
2026-04-22 14:45:27  INFO      [unitree.ui]  主窗口初始化完成，日志文件：D:\机器狗测试\MultiRobot\dist\logs\app.log
2026-04-22 14:45:28  INFO      [unitree.app]  主窗口已显示
2026-04-22 14:45:30  INFO      [unitree.ui]  [用户操作] 点击扫描添加
2026-04-22 14:45:32  INFO      [unitree.backend]  覆盖保存 SN 列表：['B42D2000P4Q89986', 'B42D2000P45A5383']
2026-04-22 14:45:32  DEBUG     [unitree.backend]  配置已写入 C:\Users\ChenSanSui\.unitree_multicontrol\config.json
2026-04-22 14:45:32  INFO      [unitree.backend]  开始网络扫描，timeout=3.0s
2026-04-22 14:45:33  INFO      [unitree.backend]  扫描发现设备: SN=B42D2000P4Q89986 IP=10.76.170.116
2026-04-22 14:45:33  INFO      [unitree.backend]  扫描发现设备: SN=B42D2000P45A5383 IP=10.76.170.174
2026-04-22 14:45:35  INFO      [unitree.backend]  扫描完成，发现 2 台设备：{'B42D2000P4Q89986': '10.76.170.116', 'B42D2000P45A5383': '10.76.170.174'}
2026-04-22 14:45:38  INFO      [unitree.ui]  [用户操作] 扫描添加：name=Q89986 type=go2 ip=10.76.170.116 sn=B42D2000P4Q89986
2026-04-22 14:45:38  DEBUG     [unitree.backend]  配置已写入 C:\Users\ChenSanSui\.unitree_multicontrol\config.json
2026-04-22 14:45:38  INFO      [unitree.backend]  新保存机器人：Q89986 (cfg_id=f1a69244, IP=10.76.170.116, SN=B42D2000P4Q89986)
2026-04-22 14:45:38  INFO      [unitree.backend]  添加机器人：name=Q89986 type=go2 ip=10.76.170.116 sn=B42D2000P4Q89986 robot_id=8eaf1648
2026-04-22 14:45:38  INFO      [unitree.ui]  [用户操作] 扫描添加：name=5A5383 type=go2 ip=10.76.170.174 sn=B42D2000P45A5383
2026-04-22 14:45:38  INFO      [unitree.backend]  ⏳ 正在连接 [Q89986] (go2) @ 10.76.170.116…
2026-04-22 14:45:38  DEBUG     [unitree.backend]  配置已写入 C:\Users\ChenSanSui\.unitree_multicontrol\config.json
2026-04-22 14:45:38  INFO      [unitree.backend]  新保存机器人：5A5383 (cfg_id=3d35c049, IP=10.76.170.174, SN=B42D2000P45A5383)
2026-04-22 14:45:38  INFO      [unitree.backend]  添加机器人：name=5A5383 type=go2 ip=10.76.170.174 sn=B42D2000P45A5383 robot_id=a8b3a3cf
2026-04-22 14:45:38  INFO      [root]  Creating offer...
2026-04-22 14:45:38  INFO      [unitree.backend]  ⏳ 正在连接 [5A5383] (go2) @ 10.76.170.174…
2026-04-22 14:45:38  INFO      [root]  Creating offer...
2026-04-22 14:45:38  INFO      [root]  Trying to send SDP using the old method...
2026-04-22 14:45:40  ERROR     [root]  An error occurred: HTTPConnectionPool(host='10.76.170.116', port=8081): Max retries exceeded with url: /offer (Caused by NewConnectionError("HTTPConnection(host='10.76.170.116', port=8081): Failed to establish a new connection: [WinError 10061] 由于目标计算机积极拒绝，无法连接。"))
2026-04-22 14:45:40  ERROR     [root]  An error occurred with the old method: Failed to receive SDP Answer: No response
2026-04-22 14:45:40  INFO      [root]  Falling back to the new method...
2026-04-22 14:45:41  DEBUG     [root]  Recieved con_notify response: {"data1":"pdaSCvFjoi1RYsibmDSI9gNi2j5XsDNoEdUPWN9uFk2qH9XUTsUKgRyO4S3v28HVSFwVduGpCoOzvrPamMD3FoTMLJff6ltHcwkD/CAiFc3d5Ztrkn9UQ+8dGJTRXgqMA7CK3d9tS58f+DhMC1HyhU76KOVoPezwmHpZi0Hgb+koQNZUdqEyKzhzP6MjbkF3fNAbNdDoRIpxsN0LC8aX3Bu7DoVkMc6RBTaU5RA9Glr1N9MQ2gFeGB6/cmz9jzHmL2ogVBxL7NAtJBUzGmDjxwjcGB+yKw8eTEv8RQkGICv3IytaR/oAytg/XBd7aqQwLKEXD8y59bEEW29ZPdvfSfI/JCrH8WFkFNTYv/5eeFHQCKU7udR/7z9XXg7RxvjZlzpMjk1iC19truvag+bq+2aHKsflRd9U/njowuRM77SG2tjQVyXz1+KiTt4obj4IOoEzSTbanWdAfpP2wHjrhdzNmEKBBmOeCooliShT3Ljw4dxMRBq6V/TpVE4InjsDe96KVBvT1VwNrV9eD572ysjUrcTMQ2FVvDg9WdO4+EnOceyjkyvdhin34eRROTOM+oE5VK6Lpwg=","data2":2}
2026-04-22 14:45:41  INFO      [root]  con_notify: data2=2, data1 长度=588, data1 前 30 字符='pdaSCvFjoi1RYsibmDSI9gNi2j5XsD', 后 30 字符='yjkyvdhin34eRROTOM+oE5VK6Lpwg='
2026-04-22 14:45:41  INFO      [root]  con_notify 解密后: data1 长度=412, 前 30='SjyKhwlwdrMIIBIDANBgkqhkiG9w0B', 后 30='MXbvp3WEdEPXLwIBEQ==AJLHXBIFUI'
2026-04-22 14:45:41  INFO      [root]  con_notify 解密后 FULL data1: 'SjyKhwlwdrMIIBIDANBgkqhkiG9w0BAQEFAAOCAQ0AMIIBCAKCAQEAtIVIls9JlVyrSn2w/TRBTdFaNtJ3Jj3z/Xhle45l3F0AJXibtAqlSU8O6DPlegaD67afB5dbmAUA62JsBzYggqe0dYCLGvCjy7tWMw8OLcEJitxlYd8f0BFrlgA2bXdSrM6dkK1FaF/rUE44g9a9VtG6Pc/MLv3M9QcTf4qzCTyduyu/LX58bpuKONHmiDZNQGRKOHwmNtF8d1rdYU91anTY/mk0Y7BJnEv6cDDjO8RZNeeB/eKMH2UeQ6x9aKD3EtShKDrKw5epupwr3tLXatv9k3mb3bbtz21PyDINwedMTZefIi5TFIM2ZtvuqyxA+7qvuPd6MXbvp3WEdEPXLwIBEQ==AJLHXBIFUI'
2026-04-22 14:45:41  DEBUG     [root]  _calc_local_path_ending: last_10='AJLHXBIFUI'  (full len=412)
2026-04-22 14:45:41  DEBUG     [root]  _calc_local_path_ending: result=97158
2026-04-22 14:45:41  INFO      [root]  提取公钥 FULL: 'MIIBIDANBgkqhkiG9w0BAQEFAAOCAQ0AMIIBCAKCAQEAtIVIls9JlVyrSn2w/TRBTdFaNtJ3Jj3z/Xhle45l3F0AJXibtAqlSU8O6DPlegaD67afB5dbmAUA62JsBzYggqe0dYCLGvCjy7tWMw8OLcEJitxlYd8f0BFrlgA2bXdSrM6dkK1FaF/rUE44g9a9VtG6Pc/MLv3M9QcTf4qzCTyduyu/LX58bpuKONHmiDZNQGRKOHwmNtF8d1rdYU91anTY/mk0Y7BJnEv6cDDjO8RZNeeB/eKMH2UeQ6x9aKD3EtShKDrKw5epupwr3tLXatv9k3mb3bbtz21PyDINwedMTZefIi5TFIM2ZtvuqyxA+7qvuPd6MXbvp3WEdEPXLwIBEQ=='
2026-04-22 14:45:41  INFO      [root]  提取公钥: pem 长度=392, path_ending=97158
2026-04-22 14:45:41  INFO      [root]  公钥 base64 解码: 长度=292 bytes, 前 16 bytes hex=30820120300d06092a864886f70d0101
2026-04-22 14:45:41  DEBUG     [root]  Recieved con_ing_97158 response: {"type":"answer","sdp":"v=0\r\no=- 278750914 2 IN IP4 127.0.0.1\r\ns=-\r\nt=0 0\r\na=group:BUNDLE 0 1 2\r\na=msid-semantic: WMS myKvsVideoStream\r\nm=audio 9 UDP/TLS/RTP/SAVPF 96\r\nc=IN IP4 127.0.0.1\r\na=candidate:2 1 udp 2130706431 240E:047C:0690:72D7:8ACF:AE6D:F7E6:05DC 51547 typ host raddr ::/0 rport 0 generation 0 network-cost 999\r\na=candidate:1 1 udp 2130706431 240E:047C:0690:72D7:82B5:3CEC:65D2:FB10 53789 typ host raddr ::/0 rport 0 generation 0 network-cost 999\r\na=candidate:0 1 udp 2130706431 10.76.170.116 52985 typ host raddr 0.0.0.0 rport 0 generation 0 network-cost 999\r\na=msid:unitreeMediaStream unitreeAudioTrack\r\na=ssrc:1080233685 cname:coTOeCwV6IZBwzRZ\r\na=ssrc:1080233685 msid:unitreeMediaStream unitreeAudioTrack\r\na=ssrc:1080233685 mslabel:unitreeMediaStream\r\na=ssrc:1080233685 label:unitreeAudioTrack\r\na=rtcp:9 IN IP4 0.0.0.0\r\na=ice-ufrag:nrlY\r\na=ice-pwd:tvN45eQGfK0aC30qBvZL3voT\r\na=ice-options:trickle\r\na=fingerprint:sha-256 D8:3C:5D:51:6D:E5:63:5F:37:4D:9B:7B:48:F4:11:3A:AD:89:9D:75:DD:AC:BC:F4:B1:DF:5B:1A:B6:24:68:CC\r\na=setup:active\r\na=mid:0\r\na=sendrecv\r\na=rtcp-mux\r\na=rtcp-rsize\r\na=rtpmap:96 opus/48000/2\r\na=rtcp-fb:96 nack\r\na=rtcp-fb:96 goog-remb\r\nm=video 9 UDP/TLS/RTP/SAVPF 101\r\nc=IN IP4 127.0.0.1\r\na=candidate:2 1 udp 2130706431 240E:047C:0690:72D7:8ACF:AE6D:F7E6:05DC 51547 typ host raddr ::/0 rport 0 generation 0 network-cost 999\r\na=candidate:1 1 udp 2130706431 240E:047C:0690:72D7:82B5:3CEC:65D2:FB10 53789 typ host raddr ::/0 rport 0 generation 0 network-cost 999\r\na=candidate:0 1 udp 2130706431 10.76.170.116 52985 typ host raddr 0.0.0.0 rport 0 generation 0 network-cost 999\r\na=msid:unitreeMediaStream unitreeVideoTrack\r\na=ssrc:2095308402 cname:coTOeCwV6IZBwzRZ\r\na=ssrc:2095308402 msid:unitreeMediaStream unitreeVideoTrack\r\na=ssrc:2095308402 mslabel:unitreeMediaStream\r\na=ssrc:2095308402 label:unitreeVideoTrack\r\na=rtcp:9 IN IP4 0.0.0.0\r\na=ice-ufrag:nrlY\r\na=ice-pwd:tvN45eQGfK0aC30qBvZL3voT\r\na=ice-options:trickle\r\na=fingerprint:sha-256 D8:3C:5D:51:6D:E5:63:5F:37:4D:9B:7B:48:F4:11:3A:AD:89:9D:75:DD:AC:BC:F4:B1:DF:5B:1A:B6:24:68:CC\r\na=setup:active\r\na=mid:1\r\na=sendonly\r\na=rtcp-mux\r\na=rtcp-rsize\r\na=rtpmap:101 H264/90000\r\na=fmtp:101 level-asymmetry-allowed=1;packetization-mode=1;profile-level-id=42e01f\r\na=rtcp-fb:101 nack\r\na=rtcp-fb:101 goog-remb\r\nm=application 9 UDP/DTLS/SCTP webrtc-datachannel\r\nc=IN IP4 127.0.0.1\r\na=candidate:2 1 udp 2130706431 240E:047C:0690:72D7:8ACF:AE6D:F7E6:05DC 51547 typ host raddr ::/0 rport 0 generation 0 network-cost 999\r\na=candidate:1 1 udp 2130706431 240E:047C:0690:72D7:82B5:3CEC:65D2:FB10 53789 typ host raddr ::/0 rport 0 generation 0 network-cost 999\r\na=candidate:0 1 udp 2130706431 10.76.170.116 52985 typ host raddr 0.0.0.0 rport 0 generation 0 network-cost 999\r\na=rtcp:9 IN IP4 0.0.0.0\r\na=ice-ufrag:nrlY\r\na=ice-pwd:tvN45eQGfK0aC30qBvZL3voT\r\na=fingerprint:sha-256 D8:3C:5D:51:6D:E5:63:5F:37:4D:9B:7B:48:F4:11:3A:AD:89:9D:75:DD:AC:BC:F4:B1:DF:5B:1A:B6:24:68:CC\r\na=setup:active\r\na=mid:2\r\na=sctp-port:5000\r\n","id":"STA_localNetwork"}
2026-04-22 14:45:41  INFO      [root]  SDP successfully sent using the new method.
2026-04-22 14:45:41  INFO      [root]  Trying to send SDP using the old method...
2026-04-22 14:45:43  ERROR     [root]  An error occurred: HTTPConnectionPool(host='10.76.170.174', port=8081): Max retries exceeded with url: /offer (Caused by NewConnectionError("HTTPConnection(host='10.76.170.174', port=8081): Failed to establish a new connection: [WinError 10061] 由于目标计算机积极拒绝，无法连接。"))
2026-04-22 14:45:43  ERROR     [root]  An error occurred with the old method: Failed to receive SDP Answer: No response
2026-04-22 14:45:43  INFO      [root]  Falling back to the new method...
2026-04-22 14:45:43  DEBUG     [root]  Recieved con_notify response: {"data1":"2FoV1TuOKWVaEOmsvtfzSjynYKuuvVjYdk8O8GqSZiIDHM4q7DHWs0YzhxljEdchch3i6EO3ytn0RuSl3Am6CxBYNEfiP1cbe1u/3Eg/nJRAp/SbhBgULc31M/E7Omcw7Qe0SmPOWMvf1zG8DBYdbD8ME56JvxD8258lUUi0MEMgR8tOlSJNs5IGEryVHhi/7lD5fKwYyLuXmB67A8qS10iK8/Bsw2JOD2lvEWu7qt+H+2jpovh027bXZi0LfeDWVzNWKHlvDoWbZRfdpM81f5NJ2vNzCGWkldtxeKiYi2KfI1+lviaTc7SEk8W3tjGSjm4WVPvJdy02RFQ4FMASH+QKGp/cGAX7vpf10v4/h3UMo+xWWpmpQhVFERhDEsBOE0I17qR+VPDCHD/vDmwAAbXYr8AJHY93fFIg2XfBnW7Endxnjr3Q4Xs56vgiV0gjP7TOI2zszYfeqF7stAdA/+Mp6Hk5j7kN+VcCb/ihzxk+e9XZS7P+pbi72HkUycmv+uzEzwEW18cG7fA+LyJR/3iEQ8JBV+4RUYWzKXMgFxoomCzZM9/+uvzlQAtAmDfwD9KiMyjrraU=","data2":2}
2026-04-22 14:45:43  INFO      [root]  con_notify: data2=2, data1 长度=588, data1 前 30 字符='2FoV1TuOKWVaEOmsvtfzSjynYKuuvV', 后 30 字符='zZM9/+uvzlQAtAmDfwD9KiMyjrraU='
2026-04-22 14:45:43  INFO      [root]  con_notify 解密后: data1 长度=412, 前 30='sBfwSZbyfKMIIBIDANBgkqhkiG9w0B', 后 30='TPe5sq/rva77pwIBEQ==FF0BQBCHTB'
2026-04-22 14:45:43  INFO      [root]  con_notify 解密后 FULL data1: 'sBfwSZbyfKMIIBIDANBgkqhkiG9w0BAQEFAAOCAQ0AMIIBCAKCAQEAwPNcAw3gronzHNHDHxNc/70d6DiFEgaKScMorYWWikcgY8qit4F+0Pwelo7NICCJXva2cTSPmOOBWCeMStufT/meUKq5DI1CpWEE97SZaPk3cK/qcnPk32fA/E+t/4gCc0PIYovKN77qZtOhCigzz8HuPu9CtbxtZzmpLdXknDM3SH4zTW1LdwVFxp+E4aJioQHt0HQlSKOXZkk8nxn1tdXFebs21jXPCc+oIKdpVaR69U6UA5AGoAVbj9hB7hvqNAGzSPccJroLXrlUAnilwGInilhMFVlWlFNhn89HLK4RTXJdFy2fsWosdKiIzb5TGRXHC1P1TPe5sq/rva77pwIBEQ==FF0BQBCHTB'
2026-04-22 14:45:43  DEBUG     [root]  _calc_local_path_ending: last_10='FF0BQBCHTB'  (full len=412)
2026-04-22 14:45:43  DEBUG     [root]  _calc_local_path_ending: result=51171
2026-04-22 14:45:43  INFO      [root]  提取公钥 FULL: 'MIIBIDANBgkqhkiG9w0BAQEFAAOCAQ0AMIIBCAKCAQEAwPNcAw3gronzHNHDHxNc/70d6DiFEgaKScMorYWWikcgY8qit4F+0Pwelo7NICCJXva2cTSPmOOBWCeMStufT/meUKq5DI1CpWEE97SZaPk3cK/qcnPk32fA/E+t/4gCc0PIYovKN77qZtOhCigzz8HuPu9CtbxtZzmpLdXknDM3SH4zTW1LdwVFxp+E4aJioQHt0HQlSKOXZkk8nxn1tdXFebs21jXPCc+oIKdpVaR69U6UA5AGoAVbj9hB7hvqNAGzSPccJroLXrlUAnilwGInilhMFVlWlFNhn89HLK4RTXJdFy2fsWosdKiIzb5TGRXHC1P1TPe5sq/rva77pwIBEQ=='
2026-04-22 14:45:43  INFO      [root]  提取公钥: pem 长度=392, path_ending=51171
2026-04-22 14:45:43  INFO      [root]  公钥 base64 解码: 长度=292 bytes, 前 16 bytes hex=30820120300d06092a864886f70d0101
2026-04-22 14:45:43  DEBUG     [root]  Recieved con_ing_51171 response: {"type":"answer","sdp":"v=0\r\no=- 848624945 2 IN IP4 127.0.0.1\r\ns=-\r\nt=0 0\r\na=group:BUNDLE 0 1 2\r\na=msid-semantic: WMS myKvsVideoStream\r\nm=audio 9 UDP/TLS/RTP/SAVPF 96\r\nc=IN IP4 127.0.0.1\r\na=candidate:2 1 udp 2130706431 240E:047C:0690:72D7:C9BA:9ABE:A5BD:DFBB 54186 typ host raddr ::/0 rport 0 generation 0 network-cost 999\r\na=candidate:1 1 udp 2130706431 240E:047C:0690:72D7:4C37:7A4C:ACD9:3212 50693 typ host raddr ::/0 rport 0 generation 0 network-cost 999\r\na=candidate:0 1 udp 2130706431 10.76.170.174 44993 typ host raddr 0.0.0.0 rport 0 generation 0 network-cost 999\r\na=msid:unitreeMediaStream unitreeAudioTrack\r\na=ssrc:387044274 cname:IcMLLFIYQFZUHr/9\r\na=ssrc:387044274 msid:unitreeMediaStream unitreeAudioTrack\r\na=ssrc:387044274 mslabel:unitreeMediaStream\r\na=ssrc:387044274 label:unitreeAudioTrack\r\na=rtcp:9 IN IP4 0.0.0.0\r\na=ice-ufrag:3lvz\r\na=ice-pwd:CBy142IWto50R6TnCwVR6Cl2\r\na=ice-options:trickle\r\na=fingerprint:sha-256 FF:9F:4D:4B:54:D3:AE:F0:41:A2:B4:7E:AD:A8:CB:0D:8E:E5:BC:91:28:0A:60:B2:24:06:AE:31:A5:6F:20:32\r\na=setup:active\r\na=mid:0\r\na=sendrecv\r\na=rtcp-mux\r\na=rtcp-rsize\r\na=rtpmap:96 opus/48000/2\r\na=rtcp-fb:96 nack\r\na=rtcp-fb:96 goog-remb\r\nm=video 9 UDP/TLS/RTP/SAVPF 101\r\nc=IN IP4 127.0.0.1\r\na=candidate:2 1 udp 2130706431 240E:047C:0690:72D7:C9BA:9ABE:A5BD:DFBB 54186 typ host raddr ::/0 rport 0 generation 0 network-cost 999\r\na=candidate:1 1 udp 2130706431 240E:047C:0690:72D7:4C37:7A4C:ACD9:3212 50693 typ host raddr ::/0 rport 0 generation 0 network-cost 999\r\na=candidate:0 1 udp 2130706431 10.76.170.174 44993 typ host raddr 0.0.0.0 rport 0 generation 0 network-cost 999\r\na=msid:unitreeMediaStream unitreeVideoTrack\r\na=ssrc:1704845153 cname:IcMLLFIYQFZUHr/9\r\na=ssrc:1704845153 msid:unitreeMediaStream unitreeVideoTrack\r\na=ssrc:1704845153 mslabel:unitreeMediaStream\r\na=ssrc:1704845153 label:unitreeVideoTrack\r\na=rtcp:9 IN IP4 0.0.0.0\r\na=ice-ufrag:3lvz\r\na=ice-pwd:CBy142IWto50R6TnCwVR6Cl2\r\na=ice-options:trickle\r\na=fingerprint:sha-256 FF:9F:4D:4B:54:D3:AE:F0:41:A2:B4:7E:AD:A8:CB:0D:8E:E5:BC:91:28:0A:60:B2:24:06:AE:31:A5:6F:20:32\r\na=setup:active\r\na=mid:1\r\na=sendonly\r\na=rtcp-mux\r\na=rtcp-rsize\r\na=rtpmap:101 H264/90000\r\na=fmtp:101 level-asymmetry-allowed=1;packetization-mode=1;profile-level-id=42e01f\r\na=rtcp-fb:101 nack\r\na=rtcp-fb:101 goog-remb\r\nm=application 9 UDP/DTLS/SCTP webrtc-datachannel\r\nc=IN IP4 127.0.0.1\r\na=candidate:2 1 udp 2130706431 240E:047C:0690:72D7:C9BA:9ABE:A5BD:DFBB 54186 typ host raddr ::/0 rport 0 generation 0 network-cost 999\r\na=candidate:1 1 udp 2130706431 240E:047C:0690:72D7:4C37:7A4C:ACD9:3212 50693 typ host raddr ::/0 rport 0 generation 0 network-cost 999\r\na=candidate:0 1 udp 2130706431 10.76.170.174 44993 typ host raddr 0.0.0.0 rport 0 generation 0 network-cost 999\r\na=rtcp:9 IN IP4 0.0.0.0\r\na=ice-ufrag:3lvz\r\na=ice-pwd:CBy142IWto50R6TnCwVR6Cl2\r\na=fingerprint:sha-256 FF:9F:4D:4B:54:D3:AE:F0:41:A2:B4:7E:AD:A8:CB:0D:8E:E5:BC:91:28:0A:60:B2:24:06:AE:31:A5:6F:20:32\r\na=setup:active\r\na=mid:2\r\na=sctp-port:5000\r\n","id":"STA_localNetwork"}
2026-04-22 14:45:43  INFO      [root]  SDP successfully sent using the new method.
2026-04-22 14:45:43  INFO      [root]  Track recieved: audio
2026-04-22 14:45:43  INFO      [root]  Track recieved: video
2026-04-22 14:45:43  INFO      [root]  Track recieved: audio
2026-04-22 14:45:43  INFO      [root]  Track recieved: video
2026-04-22 14:45:43  INFO      [root]  Data channel opened
2026-04-22 14:45:43  INFO      [root]  Validation succeed
2026-04-22 14:45:43  INFO      [root]  Data channel opened
2026-04-22 14:45:43  INFO      [root]  Validation succeed
2026-04-22 14:45:44  INFO      [root]  Network status message received.
2026-04-22 14:45:44  INFO      [root]  Network status message received.
2026-04-22 14:45:44  INFO      [unitree.backend]  ✅ [Q89986] 连接成功！  IP=10.76.170.116  type=go2
2026-04-22 14:45:44  INFO      [unitree.backend]  [Q89986] 已订阅 LOW_STATE
2026-04-22 14:45:44  INFO      [unitree.backend]  ✅ [5A5383] 连接成功！  IP=10.76.170.174  type=go2
2026-04-22 14:45:44  INFO      [unitree.backend]  [5A5383] 已订阅 LOW_STATE
2026-04-22 14:45:45  INFO      [root]  Network status message received.
2026-04-22 14:45:45  INFO      [root]  Network status message received.
2026-04-22 14:45:45  INFO      [root]  Heartbeat response received.
2026-04-22 14:45:45  INFO      [root]  Network status message received.
2026-04-22 14:45:45  INFO      [root]  Heartbeat response received.
2026-04-22 14:45:45  INFO      [root]  Network status message received.
2026-04-22 14:45:46  INFO      [root]  Network status message received.
2026-04-22 14:45:46  INFO      [root]  Network status message received.
2026-04-22 14:45:46  INFO      [root]  Network status message received.
2026-04-22 14:45:46  INFO      [root]  Network status message received.
2026-04-22 14:45:47  INFO      [root]  Network status message received.
2026-04-22 14:45:47  INFO      [root]  Network status message received.
2026-04-22 14:45:47  INFO      [root]  Heartbeat response received.
2026-04-22 14:45:47  INFO      [root]  Heartbeat response received.
2026-04-22 14:45:49  INFO      [root]  Heartbeat response received.
2026-04-22 14:45:49  INFO      [root]  Heartbeat response received.
2026-04-22 14:45:51  INFO      [root]  Heartbeat response received.
2026-04-22 14:45:51  INFO      [root]  Heartbeat response received.
2026-04-22 14:45:53  INFO      [root]  Heartbeat response received.
2026-04-22 14:45:54  INFO      [root]  Heartbeat response received.
2026-04-22 14:45:55  INFO      [root]  Heartbeat response received.
2026-04-22 14:45:55  INFO      [root]  Heartbeat response received.
2026-04-22 14:45:57  INFO      [root]  Heartbeat response received.
2026-04-22 14:45:57  INFO      [root]  Heartbeat response received.
2026-04-22 14:45:59  INFO      [root]  Heartbeat response received.
2026-04-22 14:45:59  INFO      [root]  Heartbeat response received.
2026-04-22 14:46:01  INFO      [root]  Heartbeat response received.
2026-04-22 14:46:01  INFO      [root]  Heartbeat response received.
2026-04-22 14:46:03  INFO      [root]  Heartbeat response received.
2026-04-22 14:46:03  INFO      [root]  Heartbeat response received.
2026-04-22 14:46:05  INFO      [root]  Heartbeat response received.
2026-04-22 14:46:05  INFO      [root]  Heartbeat response received.
2026-04-22 14:46:07  INFO      [root]  Heartbeat response received.
2026-04-22 14:46:07  INFO      [root]  Heartbeat response received.
2026-04-22 14:46:09  INFO      [root]  Heartbeat response received.
2026-04-22 14:46:09  INFO      [root]  Heartbeat response received.
2026-04-22 14:46:11  INFO      [root]  Heartbeat response received.
2026-04-22 14:46:11  INFO      [root]  Heartbeat response received.
2026-04-22 14:46:13  INFO      [root]  Heartbeat response received.
2026-04-22 14:46:13  INFO      [root]  Heartbeat response received.
2026-04-22 14:46:15  INFO      [root]  Heartbeat response received.
2026-04-22 14:46:15  INFO      [root]  Heartbeat response received.
2026-04-22 14:46:16  INFO      [unitree.backend]  [用户操作] Go2 动作 [趴下(api_id=1005)] | 目标=['8eaf1648', 'a8b3a3cf']
2026-04-22 14:46:16  INFO      [unitree.backend]  ▶ 发送 [StandDown(api_id=1005)] → Q89986, 5A5383
2026-04-22 14:46:17  INFO      [unitree.backend]  [Q89986] 指令 [StandDown] 成功，响应：{'type': 'res', 'topic': 'rt/api/sport/response', 'data': {'header': {'identity': {'api_id': 1005, 'id': 871400064}, 'status': {'code': 0}}, 'data': ''}}
2026-04-22 14:46:17  INFO      [unitree.backend]  [5A5383] 指令 [StandDown] 成功，响应：{'type': 'res', 'topic': 'rt/api/sport/response', 'data': {'header': {'identity': {'api_id': 1005, 'id': 871399610}, 'status': {'code': 0}}, 'data': ''}}
2026-04-22 14:46:17  INFO      [root]  Heartbeat response received.
2026-04-22 14:46:17  INFO      [root]  Heartbeat response received.
2026-04-22 14:46:19  INFO      [root]  Heartbeat response received.
2026-04-22 14:46:19  INFO      [root]  Heartbeat response received.
2026-04-22 14:46:20  INFO      [unitree.backend]  [用户操作] Go2 动作 [站立(api_id=1004)] | 目标=['8eaf1648', 'a8b3a3cf']
2026-04-22 14:46:20  INFO      [unitree.backend]  ▶ 发送 [StandUp(api_id=1004)] → Q89986, 5A5383
2026-04-22 14:46:21  INFO      [unitree.backend]  [Q89986] 指令 [StandUp] 成功，响应：{'type': 'res', 'topic': 'rt/api/sport/response', 'data': {'header': {'identity': {'api_id': 1004, 'id': 871404610}, 'status': {'code': 0}}, 'data': ''}}
2026-04-22 14:46:21  INFO      [unitree.backend]  [5A5383] 指令 [StandUp] 成功，响应：{'type': 'res', 'topic': 'rt/api/sport/response', 'data': {'header': {'identity': {'api_id': 1004, 'id': 871404279}, 'status': {'code': 0}}, 'data': ''}}
2026-04-22 14:46:21  INFO      [root]  Heartbeat response received.
2026-04-22 14:46:21  INFO      [root]  Heartbeat response received.
2026-04-22 14:46:23  INFO      [root]  Heartbeat response received.
2026-04-22 14:46:23  INFO      [root]  Heartbeat response received.
2026-04-22 14:46:25  INFO      [root]  Heartbeat response received.
2026-04-22 14:46:25  INFO      [root]  Heartbeat response received.
2026-04-22 14:46:27  INFO      [root]  Heartbeat response received.
2026-04-22 14:46:27  INFO      [root]  Heartbeat response received.
2026-04-22 14:46:29  INFO      [unitree.backend]  [用户操作] Go2 动作 [坐下(api_id=1009)] | 目标=['8eaf1648', 'a8b3a3cf']
2026-04-22 14:46:29  INFO      [unitree.backend]  ▶ 发送 [Sit(api_id=1009)] → Q89986, 5A5383
2026-04-22 14:46:29  INFO      [root]  Heartbeat response received.
2026-04-22 14:46:29  INFO      [root]  Heartbeat response received.
2026-04-22 14:46:30  INFO      [unitree.backend]  [Q89986] 指令 [Sit] 成功，响应：{'type': 'res', 'topic': 'rt/api/sport/response', 'data': {'header': {'identity': {'api_id': 1009, 'id': 871412814}, 'status': {'code': 0}}, 'data': ''}}
2026-04-22 14:46:30  INFO      [unitree.backend]  [5A5383] 指令 [Sit] 成功，响应：{'type': 'res', 'topic': 'rt/api/sport/response', 'data': {'header': {'identity': {'api_id': 1009, 'id': 871413557}, 'status': {'code': 0}}, 'data': ''}}
2026-04-22 14:46:31  INFO      [root]  Heartbeat response received.
2026-04-22 14:46:31  INFO      [root]  Heartbeat response received.
2026-04-22 14:46:32  ERROR     [root]  Error processing WebRTC data
Traceback (most recent call last):
  File "unitree_webrtc_connect\webrtc_datachannel.py", line 80, in on_message
  File "unitree_webrtc_connect\webrtc_datachannel.py", line 98, in handle_response
  File "unitree_webrtc_connect\msgs\error_handler.py", line 76, in handle_error
TypeError: cannot unpack non-iterable int object
2026-04-22 14:46:32  INFO      [unitree.backend]  [用户操作] Go2 动作 [站立(api_id=1004)] | 目标=['8eaf1648', 'a8b3a3cf']
2026-04-22 14:46:32  INFO      [unitree.backend]  ▶ 发送 [StandUp(api_id=1004)] → Q89986, 5A5383
2026-04-22 14:46:32  ERROR     [root]  Error processing WebRTC data
Traceback (most recent call last):
  File "unitree_webrtc_connect\webrtc_datachannel.py", line 80, in on_message
  File "unitree_webrtc_connect\webrtc_datachannel.py", line 98, in handle_response
  File "unitree_webrtc_connect\msgs\error_handler.py", line 76, in handle_error
TypeError: cannot unpack non-iterable int object
2026-04-22 14:46:33  INFO      [unitree.backend]  [Q89986] 指令 [StandUp] 成功，响应：{'type': 'res', 'topic': 'rt/api/sport/response', 'data': {'header': {'identity': {'api_id': 1004, 'id': 871416390}, 'status': {'code': 0}}, 'data': ''}}
2026-04-22 14:46:33  INFO      [unitree.backend]  [5A5383] 指令 [StandUp] 成功，响应：{'type': 'res', 'topic': 'rt/api/sport/response', 'data': {'header': {'identity': {'api_id': 1004, 'id': 871416730}, 'status': {'code': 0}}, 'data': ''}}
2026-04-22 14:46:33  INFO      [root]  Heartbeat response received.
2026-04-22 14:46:33  INFO      [root]  Heartbeat response received.
2026-04-22 14:46:35  INFO      [root]  Heartbeat response received.
2026-04-22 14:46:35  INFO      [root]  Heartbeat response received.
2026-04-22 14:46:37  INFO      [root]  Heartbeat response received.
2026-04-22 14:46:37  INFO      [root]  Heartbeat response received.
2026-04-22 14:46:38  INFO      [unitree.backend]  [用户操作] Go2 动作 [舞蹈1(api_id=1022)] | 目标=['8eaf1648', 'a8b3a3cf']
2026-04-22 14:46:38  INFO      [unitree.backend]  ▶ 发送 [Dance1(api_id=1022)] → Q89986, 5A5383
2026-04-22 14:46:39  INFO      [root]  Heartbeat response received.
2026-04-22 14:46:39  INFO      [root]  Heartbeat response received.
2026-04-22 14:46:41  INFO      [root]  Heartbeat response received.
2026-04-22 14:46:41  INFO      [root]  Heartbeat response received.
2026-04-22 14:46:43  INFO      [root]  Heartbeat response received.
2026-04-22 14:46:43  INFO      [root]  Heartbeat response received.
2026-04-22 14:46:45  INFO      [root]  Heartbeat response received.
2026-04-22 14:46:45  INFO      [root]  Heartbeat response received.
2026-04-22 14:46:47  INFO      [root]  Heartbeat response received.
2026-04-22 14:46:47  INFO      [root]  Heartbeat response received.
2026-04-22 14:46:49  INFO      [root]  Heartbeat response received.
2026-04-22 14:46:49  INFO      [root]  Heartbeat response received.
2026-04-22 14:46:51  INFO      [root]  Heartbeat response received.
2026-04-22 14:46:51  INFO      [root]  Heartbeat response received.
2026-04-22 14:46:53  INFO      [root]  Heartbeat response received.
2026-04-22 14:46:53  INFO      [root]  Heartbeat response received.
2026-04-22 14:46:55  INFO      [unitree.backend]  [Q89986] 指令 [Dance1] 成功，响应：{'type': 'res', 'topic': 'rt/api/sport/response', 'data': {'header': {'identity': {'api_id': 1022, 'id': 871421728}, 'status': {'code': 0}}, 'data': ''}}
2026-04-22 14:46:55  INFO      [unitree.backend]  [5A5383] 指令 [Dance1] 成功，响应：{'type': 'res', 'topic': 'rt/api/sport/response', 'data': {'header': {'identity': {'api_id': 1022, 'id': 871421330}, 'status': {'code': 0}}, 'data': ''}}
2026-04-22 14:46:55  INFO      [root]  Heartbeat response received.
2026-04-22 14:46:55  INFO      [root]  Heartbeat response received.
2026-04-22 14:46:57  INFO      [root]  Heartbeat response received.
2026-04-22 14:46:57  INFO      [root]  Heartbeat response received.
2026-04-22 14:46:59  INFO      [root]  Heartbeat response received.
2026-04-22 14:46:59  INFO      [root]  Heartbeat response received.
2026-04-22 14:47:01  INFO      [root]  Heartbeat response received.
2026-04-22 14:47:01  INFO      [root]  Heartbeat response received.
2026-04-22 14:47:03  INFO      [root]  Heartbeat response received.
2026-04-22 14:47:03  INFO      [root]  Heartbeat response received.
2026-04-22 14:47:05  INFO      [root]  Heartbeat response received.
2026-04-22 14:47:05  INFO      [root]  Heartbeat response received.
2026-04-22 14:47:07  INFO      [root]  Heartbeat response received.
2026-04-22 14:47:08  INFO      [root]  Heartbeat response received.
2026-04-22 14:47:09  INFO      [root]  Heartbeat response received.
2026-04-22 14:47:10  INFO      [root]  Heartbeat response received.
2026-04-22 14:47:11  INFO      [root]  Heartbeat response received.
2026-04-22 14:47:12  INFO      [root]  Heartbeat response received.
2026-04-22 14:47:13  INFO      [root]  Heartbeat response received.
2026-04-22 14:47:14  INFO      [root]  Heartbeat response received.
2026-04-22 14:47:15  INFO      [root]  Heartbeat response received.
2026-04-22 14:47:16  INFO      [root]  Heartbeat response received.
2026-04-22 14:47:17  INFO      [root]  Heartbeat response received.
2026-04-22 14:47:18  INFO      [root]  Heartbeat response received.
2026-04-22 14:47:19  INFO      [unitree.backend]  [用户操作] Go2 动作 [趴下(api_id=1005)] | 目标=['8eaf1648', 'a8b3a3cf']
2026-04-22 14:47:19  INFO      [unitree.backend]  ▶ 发送 [StandDown(api_id=1005)] → Q89986, 5A5383
2026-04-22 14:47:19  INFO      [unitree.backend]  [Q89986] 指令 [StandDown] 成功，响应：{'type': 'res', 'topic': 'rt/api/sport/response', 'data': {'header': {'identity': {'api_id': 1005, 'id': 871463521}, 'status': {'code': 0}}, 'data': ''}}
2026-04-22 14:47:19  INFO      [unitree.backend]  [5A5383] 指令 [StandDown] 成功，响应：{'type': 'res', 'topic': 'rt/api/sport/response', 'data': {'header': {'identity': {'api_id': 1005, 'id': 871463008}, 'status': {'code': 0}}, 'data': ''}}
2026-04-22 14:47:19  INFO      [root]  Heartbeat response received.
2026-04-22 14:47:20  INFO      [root]  Heartbeat response received.
2026-04-22 14:47:22  INFO      [root]  Heartbeat response received.
2026-04-22 14:47:22  INFO      [root]  Heartbeat response received.
2026-04-22 14:47:23  INFO      [unitree.backend]  [用户操作] Go2 动作 [站立(api_id=1004)] | 目标=['8eaf1648', 'a8b3a3cf']
2026-04-22 14:47:23  INFO      [unitree.backend]  ▶ 发送 [StandUp(api_id=1004)] → Q89986, 5A5383
2026-04-22 14:47:23  INFO      [unitree.backend]  [Q89986] 指令 [StandUp] 成功，响应：{'type': 'res', 'topic': 'rt/api/sport/response', 'data': {'header': {'identity': {'api_id': 1004, 'id': 871467446}, 'status': {'code': 0}}, 'data': ''}}
2026-04-22 14:47:23  INFO      [unitree.backend]  [5A5383] 指令 [StandUp] 成功，响应：{'type': 'res', 'topic': 'rt/api/sport/response', 'data': {'header': {'identity': {'api_id': 1004, 'id': 871466924}, 'status': {'code': 0}}, 'data': ''}}
2026-04-22 14:47:24  INFO      [root]  Heartbeat response received.
2026-04-22 14:47:24  INFO      [root]  Heartbeat response received.
2026-04-22 14:47:26  INFO      [root]  Heartbeat response received.
2026-04-22 14:47:26  INFO      [root]  Heartbeat response received.
2026-04-22 14:47:27  INFO      [unitree.backend]  [用户操作] 🚨 紧急停止 | 目标=['8eaf1648', 'a8b3a3cf']
2026-04-22 14:47:27  INFO      [unitree.backend]  🚨 紧急停止 → ['8eaf1648', 'a8b3a3cf']
2026-04-22 14:47:27  INFO      [unitree.backend]  🚨 紧急停止 StopMove+BalanceStand → Q89986, 5A5383
2026-04-22 14:47:27  INFO      [unitree.backend]  [Q89986] StopMove 成功
2026-04-22 14:47:27  INFO      [unitree.backend]  [Q89986] BalanceStand 成功
2026-04-22 14:47:27  INFO      [unitree.backend]  [5A5383] StopMove 成功
2026-04-22 14:47:27  INFO      [unitree.backend]  [5A5383] BalanceStand 成功
2026-04-22 14:47:27  INFO      [unitree.backend]  🚨 强制切换运动模式 → normal: Q89986, 5A5383
2026-04-22 14:47:27  INFO      [unitree.backend]  [Q89986] 运动模式切换成功
2026-04-22 14:47:27  INFO      [unitree.backend]  [5A5383] 运动模式切换成功
2026-04-22 14:47:27  INFO      [root]  Heartbeat response received.
2026-04-22 14:47:28  INFO      [root]  Heartbeat response received.
2026-04-22 14:47:28  INFO      [unitree.backend]  [Q89986] 紧急停止完成
2026-04-22 14:47:28  INFO      [unitree.backend]  [5A5383] 紧急停止完成
2026-04-22 14:47:29  INFO      [root]  Heartbeat response received.
2026-04-22 14:47:30  INFO      [root]  Heartbeat response received.
2026-04-22 14:47:31  INFO      [root]  Heartbeat response received.
2026-04-22 14:47:32  INFO      [root]  Heartbeat response received.
2026-04-22 14:47:34  INFO      [root]  Heartbeat response received.
2026-04-22 14:47:34  INFO      [root]  Heartbeat response received.
2026-04-22 14:47:36  INFO      [root]  Heartbeat response received.
2026-04-22 14:47:36  INFO      [root]  Heartbeat response received.
2026-04-22 14:47:38  INFO      [root]  Heartbeat response received.
2026-04-22 14:47:38  INFO      [root]  Heartbeat response received.
2026-04-22 14:47:40  INFO      [root]  Heartbeat response received.
2026-04-22 14:47:40  INFO      [root]  Heartbeat response received.
2026-04-22 14:47:42  INFO      [root]  Heartbeat response received.
2026-04-22 14:47:42  INFO      [root]  Heartbeat response received.
2026-04-22 14:47:44  INFO      [root]  Heartbeat response received.
2026-04-22 14:47:44  INFO      [root]  Heartbeat response received.
2026-04-22 14:47:46  INFO      [root]  Heartbeat response received.
2026-04-22 14:47:46  INFO      [root]  Heartbeat response received.
2026-04-22 14:47:48  INFO      [root]  Heartbeat response received.
2026-04-22 14:47:48  INFO      [root]  Heartbeat response received.
2026-04-22 14:47:49  INFO      [unitree.backend]  [用户操作] Go2 动作 [趴下(api_id=1005)] | 目标=['8eaf1648', 'a8b3a3cf']
2026-04-22 14:47:49  INFO      [unitree.backend]  ▶ 发送 [StandDown(api_id=1005)] → Q89986, 5A5383
2026-04-22 14:47:50  INFO      [unitree.backend]  [Q89986] 指令 [StandDown] 成功，响应：{'type': 'res', 'topic': 'rt/api/sport/response', 'data': {'header': {'identity': {'api_id': 1005, 'id': 871493952}, 'status': {'code': 0}}, 'data': ''}}
2026-04-22 14:47:50  INFO      [unitree.backend]  [5A5383] 指令 [StandDown] 成功，响应：{'type': 'res', 'topic': 'rt/api/sport/response', 'data': {'header': {'identity': {'api_id': 1005, 'id': 871493356}, 'status': {'code': 0}}, 'data': ''}}
2026-04-22 14:47:50  INFO      [root]  Heartbeat response received.
2026-04-22 14:47:50  INFO      [root]  Heartbeat response received.
2026-04-22 14:47:52  INFO      [root]  Heartbeat response received.
2026-04-22 14:47:52  INFO      [root]  Heartbeat response received.
2026-04-22 14:47:54  INFO      [root]  Heartbeat response received.
2026-04-22 14:47:54  INFO      [unitree.backend]  [用户操作] Go2 动作 [站立(api_id=1004)] | 目标=['8eaf1648', 'a8b3a3cf']
2026-04-22 14:47:54  INFO      [unitree.backend]  ▶ 发送 [StandUp(api_id=1004)] → Q89986, 5A5383
2026-04-22 14:47:54  INFO      [root]  Heartbeat response received.
2026-04-22 14:47:54  INFO      [unitree.backend]  [Q89986] 指令 [StandUp] 成功，响应：{'type': 'res', 'topic': 'rt/api/sport/response', 'data': {'header': {'identity': {'api_id': 1004, 'id': 871498253}, 'status': {'code': 0}}, 'data': ''}}
2026-04-22 14:47:54  INFO      [unitree.backend]  [5A5383] 指令 [StandUp] 成功，响应：{'type': 'res', 'topic': 'rt/api/sport/response', 'data': {'header': {'identity': {'api_id': 1004, 'id': 871497940}, 'status': {'code': 0}}, 'data': ''}}
2026-04-22 14:47:56  INFO      [root]  Heartbeat response received.
2026-04-22 14:47:56  INFO      [root]  Heartbeat response received.
2026-04-22 14:47:58  INFO      [root]  Heartbeat response received.
2026-04-22 14:47:58  INFO      [root]  Heartbeat response received.
2026-04-22 14:48:00  INFO      [root]  Heartbeat response received.
2026-04-22 14:48:00  INFO      [root]  Heartbeat response received.
2026-04-22 14:48:02  INFO      [root]  Heartbeat response received.
2026-04-22 14:48:02  INFO      [root]  Heartbeat response received.
2026-04-22 14:48:04  INFO      [root]  Heartbeat response received.
2026-04-22 14:48:04  INFO      [root]  Heartbeat response received.
2026-04-22 14:48:06  INFO      [root]  Heartbeat response received.
2026-04-22 14:48:06  INFO      [root]  Heartbeat response received.
2026-04-22 14:48:08  INFO      [root]  Heartbeat response received.
2026-04-22 14:48:08  INFO      [root]  Heartbeat response received.
2026-04-22 14:48:10  INFO      [root]  Heartbeat response received.
2026-04-22 14:48:10  INFO      [root]  Heartbeat response received.
2026-04-22 14:48:11  INFO      [unitree.backend]  [用户操作] Go2 动作 [舞蹈1(api_id=1022)] | 目标=['8eaf1648', 'a8b3a3cf']
2026-04-22 14:48:11  INFO      [unitree.backend]  ▶ 发送 [Dance1(api_id=1022)] → Q89986, 5A5383
2026-04-22 14:48:12  INFO      [root]  Heartbeat response received.
2026-04-22 14:48:12  INFO      [root]  Heartbeat response received.
2026-04-22 14:48:14  INFO      [root]  Heartbeat response received.
2026-04-22 14:48:14  INFO      [root]  Heartbeat response received.
2026-04-22 14:48:16  INFO      [root]  Heartbeat response received.
2026-04-22 14:48:16  INFO      [root]  Heartbeat response received.
2026-04-22 14:48:18  INFO      [root]  Heartbeat response received.
2026-04-22 14:48:18  INFO      [root]  Heartbeat response received.
2026-04-22 14:48:20  INFO      [root]  Heartbeat response received.
2026-04-22 14:48:20  INFO      [root]  Heartbeat response received.
2026-04-22 14:48:22  INFO      [root]  Heartbeat response received.
2026-04-22 14:48:22  INFO      [root]  Heartbeat response received.
2026-04-22 14:48:24  INFO      [root]  Heartbeat response received.
2026-04-22 14:48:24  INFO      [root]  Heartbeat response received.
2026-04-22 14:48:26  INFO      [root]  Heartbeat response received.
2026-04-22 14:48:26  INFO      [root]  Heartbeat response received.
2026-04-22 14:48:28  INFO      [root]  Heartbeat response received.
2026-04-22 14:48:28  INFO      [root]  Heartbeat response received.
2026-04-22 14:48:28  INFO      [unitree.backend]  [Q89986] 指令 [Dance1] 成功，响应：{'type': 'res', 'topic': 'rt/api/sport/response', 'data': {'header': {'identity': {'api_id': 1022, 'id': 871515188}, 'status': {'code': 0}}, 'data': ''}}
2026-04-22 14:48:28  INFO      [unitree.backend]  [5A5383] 指令 [Dance1] 成功，响应：{'type': 'res', 'topic': 'rt/api/sport/response', 'data': {'header': {'identity': {'api_id': 1022, 'id': 871514729}, 'status': {'code': 0}}, 'data': ''}}
2026-04-22 14:48:30  INFO      [root]  Heartbeat response received.
2026-04-22 14:48:30  INFO      [root]  Heartbeat response received.
2026-04-22 14:48:32  INFO      [root]  Heartbeat response received.
2026-04-22 14:48:32  INFO      [root]  Heartbeat response received.
2026-04-22 14:48:34  INFO      [root]  Heartbeat response received.
2026-04-22 14:48:34  INFO      [root]  Heartbeat response received.
2026-04-22 14:48:36  INFO      [root]  Heartbeat response received.
2026-04-22 14:48:36  INFO      [root]  Heartbeat response received.
2026-04-22 14:48:38  INFO      [root]  Heartbeat response received.
2026-04-22 14:48:38  INFO      [root]  Heartbeat response received.
2026-04-22 14:48:40  INFO      [root]  Heartbeat response received.
2026-04-22 14:48:40  INFO      [root]  Heartbeat response received.
2026-04-22 14:48:42  INFO      [root]  Heartbeat response received.
2026-04-22 14:48:42  INFO      [root]  Heartbeat response received.
2026-04-22 14:48:42  INFO      [unitree.backend]  [用户操作] Go2 动作 [趴下(api_id=1005)] | 目标=['8eaf1648', 'a8b3a3cf']
2026-04-22 14:48:42  INFO      [unitree.backend]  ▶ 发送 [StandDown(api_id=1005)] → Q89986, 5A5383
2026-04-22 14:48:42  INFO      [unitree.backend]  [Q89986] 指令 [StandDown] 成功，响应：{'type': 'res', 'topic': 'rt/api/sport/response', 'data': {'header': {'identity': {'api_id': 1005, 'id': 871546019}, 'status': {'code': 0}}, 'data': ''}}
2026-04-22 14:48:42  INFO      [unitree.backend]  [5A5383] 指令 [StandDown] 成功，响应：{'type': 'res', 'topic': 'rt/api/sport/response', 'data': {'header': {'identity': {'api_id': 1005, 'id': 871546236}, 'status': {'code': 0}}, 'data': ''}}
2026-04-22 14:48:44  INFO      [root]  Heartbeat response received.
2026-04-22 14:48:44  INFO      [root]  Heartbeat response received.
2026-04-22 14:48:46  INFO      [root]  Heartbeat response received.
2026-04-22 14:48:46  INFO      [root]  Heartbeat response received.
2026-04-22 14:48:48  INFO      [root]  Heartbeat response received.
2026-04-22 14:48:48  INFO      [root]  Heartbeat response received.
2026-04-22 14:48:48  INFO      [unitree.backend]  [用户操作] Go2 动作 [站立(api_id=1004)] | 目标=['8eaf1648', 'a8b3a3cf']
2026-04-22 14:48:48  INFO      [unitree.backend]  ▶ 发送 [StandUp(api_id=1004)] → Q89986, 5A5383
2026-04-22 14:48:49  INFO      [unitree.backend]  [Q89986] 指令 [StandUp] 成功，响应：{'type': 'res', 'topic': 'rt/api/sport/response', 'data': {'header': {'identity': {'api_id': 1004, 'id': 871552783}, 'status': {'code': 0}}, 'data': ''}}
2026-04-22 14:48:49  INFO      [unitree.backend]  [5A5383] 指令 [StandUp] 成功，响应：{'type': 'res', 'topic': 'rt/api/sport/response', 'data': {'header': {'identity': {'api_id': 1004, 'id': 871552255}, 'status': {'code': 0}}, 'data': ''}}
2026-04-22 14:48:49  INFO      [unitree.backend]  [用户操作] Go2 动作 [站立(api_id=1004)] | 目标=['8eaf1648', 'a8b3a3cf']
2026-04-22 14:48:49  INFO      [unitree.backend]  ▶ 发送 [StandUp(api_id=1004)] → Q89986, 5A5383
2026-04-22 14:48:50  INFO      [unitree.backend]  [Q89986] 指令 [StandUp] 成功，响应：{'type': 'res', 'topic': 'rt/api/sport/response', 'data': {'header': {'identity': {'api_id': 1004, 'id': 871553802}, 'status': {'code': 0}}, 'data': ''}}
2026-04-22 14:48:50  INFO      [unitree.backend]  [5A5383] 指令 [StandUp] 成功，响应：{'type': 'res', 'topic': 'rt/api/sport/response', 'data': {'header': {'identity': {'api_id': 1004, 'id': 871553257}, 'status': {'code': 0}}, 'data': ''}}
2026-04-22 14:48:50  INFO      [root]  Heartbeat response received.
2026-04-22 14:48:50  INFO      [root]  Heartbeat response received.
2026-04-22 14:48:52  INFO      [root]  Heartbeat response received.
2026-04-22 14:48:52  INFO      [root]  Heartbeat response received.
2026-04-22 14:48:54  INFO      [root]  Heartbeat response received.
2026-04-22 14:48:54  INFO      [root]  Heartbeat response received.
2026-04-22 14:48:56  INFO      [root]  Heartbeat response received.
2026-04-22 14:48:56  INFO      [root]  Heartbeat response received.
2026-04-22 14:48:58  INFO      [root]  Heartbeat response received.
2026-04-22 14:48:58  INFO      [root]  Heartbeat response received.
2026-04-22 14:49:00  INFO      [root]  Heartbeat response received.
2026-04-22 14:49:00  INFO      [root]  Heartbeat response received.
2026-04-22 14:49:02  INFO      [root]  Heartbeat response received.
2026-04-22 14:49:02  INFO      [root]  Heartbeat response received.
2026-04-22 14:49:04  INFO      [root]  Heartbeat response received.
2026-04-22 14:49:04  INFO      [root]  Heartbeat response received.
2026-04-22 14:49:06  INFO      [root]  Heartbeat response received.
2026-04-22 14:49:06  INFO      [root]  Heartbeat response received.
2026-04-22 14:49:08  INFO      [root]  Heartbeat response received.
2026-04-22 14:49:08  INFO      [root]  Heartbeat response received.
2026-04-22 14:49:10  INFO      [root]  Heartbeat response received.
2026-04-22 14:49:10  INFO      [root]  Heartbeat response received.
2026-04-22 14:49:12  INFO      [root]  Heartbeat response received.
2026-04-22 14:49:12  INFO      [root]  Heartbeat response received.
2026-04-22 14:49:14  INFO      [root]  Heartbeat response received.
2026-04-22 14:49:14  INFO      [root]  Heartbeat response received.
2026-04-22 14:49:16  INFO      [root]  Heartbeat response received.
2026-04-22 14:49:16  INFO      [root]  Heartbeat response received.
2026-04-22 14:49:18  INFO      [root]  Heartbeat response received.
2026-04-22 14:49:18  INFO      [root]  Heartbeat response received.
2026-04-22 14:49:20  INFO      [root]  Heartbeat response received.
2026-04-22 14:49:20  INFO      [root]  Heartbeat response received.
2026-04-22 14:49:22  INFO      [root]  Heartbeat response received.
2026-04-22 14:49:22  INFO      [root]  Heartbeat response received.
2026-04-22 14:49:24  INFO      [root]  Heartbeat response received.
2026-04-22 14:49:24  INFO      [root]  Heartbeat response received.
2026-04-22 14:49:26  INFO      [root]  Heartbeat response received.
2026-04-22 14:49:26  INFO      [root]  Heartbeat response received.
2026-04-22 14:49:28  INFO      [root]  Heartbeat response received.
2026-04-22 14:49:28  INFO      [root]  Heartbeat response received.
2026-04-22 14:49:30  INFO      [root]  Heartbeat response received.
2026-04-22 14:49:30  INFO      [root]  Heartbeat response received.
2026-04-22 14:49:32  INFO      [root]  Heartbeat response received.
2026-04-22 14:49:32  INFO      [root]  Heartbeat response received.
2026-04-22 14:49:34  INFO      [root]  Heartbeat response received.
2026-04-22 14:49:34  INFO      [root]  Heartbeat response received.
2026-04-22 14:49:36  INFO      [root]  Heartbeat response received.
2026-04-22 14:49:36  INFO      [root]  Heartbeat response received.
2026-04-22 14:49:38  INFO      [root]  Heartbeat response received.
2026-04-22 14:49:38  INFO      [root]  Heartbeat response received.
2026-04-22 14:49:40  INFO      [root]  Heartbeat response received.
2026-04-22 14:49:40  INFO      [root]  Heartbeat response received.
2026-04-22 14:49:42  INFO      [root]  Heartbeat response received.
2026-04-22 14:49:42  INFO      [root]  Heartbeat response received.
2026-04-22 14:49:44  INFO      [root]  Heartbeat response received.
2026-04-22 14:49:44  INFO      [root]  Heartbeat response received.
2026-04-22 14:49:46  INFO      [root]  Heartbeat response received.
2026-04-22 14:49:46  INFO      [root]  Heartbeat response received.
2026-04-22 14:49:48  INFO      [root]  Heartbeat response received.
2026-04-22 14:49:48  INFO      [root]  Heartbeat response received.
2026-04-22 14:49:50  INFO      [root]  Heartbeat response received.
2026-04-22 14:49:50  INFO      [root]  Heartbeat response received.
2026-04-22 14:49:52  INFO      [root]  Heartbeat response received.
2026-04-22 14:49:52  INFO      [root]  Heartbeat response received.
2026-04-22 14:49:54  INFO      [root]  Heartbeat response received.
2026-04-22 14:49:54  INFO      [root]  Heartbeat response received.
2026-04-22 14:49:56  INFO      [root]  Heartbeat response received.
2026-04-22 14:49:56  INFO      [root]  Heartbeat response received.
2026-04-22 14:49:58  INFO      [root]  Heartbeat response received.
2026-04-22 14:49:58  INFO      [root]  Heartbeat response received.
2026-04-22 14:50:00  INFO      [root]  Heartbeat response received.
2026-04-22 14:50:00  INFO      [root]  Heartbeat response received.
2026-04-22 14:50:02  INFO      [root]  Heartbeat response received.
2026-04-22 14:50:02  INFO      [root]  Heartbeat response received.
2026-04-22 14:50:04  INFO      [root]  Heartbeat response received.
2026-04-22 14:50:04  INFO      [root]  Heartbeat response received.
2026-04-22 14:50:06  INFO      [root]  Heartbeat response received.
2026-04-22 14:50:06  INFO      [root]  Heartbeat response received.
2026-04-22 14:50:08  INFO      [root]  Heartbeat response received.
2026-04-22 14:50:08  INFO      [root]  Heartbeat response received.
2026-04-22 14:50:10  INFO      [root]  Heartbeat response received.
2026-04-22 14:50:10  INFO      [root]  Heartbeat response received.
2026-04-22 14:50:12  INFO      [root]  Heartbeat response received.
2026-04-22 14:50:12  INFO      [root]  Heartbeat response received.
2026-04-22 17:15:35  INFO      [unitree.backend]  ============================================================
2026-04-22 17:15:35  INFO      [unitree.backend]  Unitree 多机器人控制台 启动  log→/Users/ouyanywenjie/Documents/MultiRobot/logs/app.log
2026-04-22 17:15:35  INFO      [unitree.backend]  ============================================================
2026-04-22 17:15:35  INFO      [unitree.app]  Qt 应用启动  Python=3.10.20 (main, Mar 11 2026, 17:43:48) [Clang 20.1.8 ]  Platform=darwin
2026-04-22 17:15:35  INFO      [unitree.backend]  加载配置成功，saved_robots=0
2026-04-22 17:15:35  INFO      [unitree.backend]  ConfigManager 初始化，配置文件：/Users/ouyanywenjie/.unitree_multicontrol/config.json
2026-04-22 17:15:35  INFO      [unitree.ui]  主窗口初始化完成，日志文件：/Users/ouyanywenjie/Documents/MultiRobot/logs/app.log
2026-04-22 17:15:35  INFO      [unitree.app]  主窗口已显示
2026-04-22 17:15:38  INFO      [unitree.ui]  [用户操作] 打开编排编辑器
2026-04-22 17:16:03  INFO      [unitree.ui]  应用关闭，断开所有连接
2026-04-22 17:16:03  INFO      [unitree.backend]  RobotManager 关闭，断开所有连接…
2026-04-22 17:16:03  INFO      [unitree.app]  应用退出，code=0
2026-04-22 17:37:48  INFO      [unitree.backend]  ============================================================
2026-04-22 17:37:48  INFO      [unitree.backend]  Unitree 多机器人控制台 启动  log→/Users/ouyanywenjie/Documents/MultiRobot/logs/app.log
2026-04-22 17:37:48  INFO      [unitree.backend]  ============================================================
2026-04-22 17:37:49  INFO      [unitree.app]  Qt 应用启动  Python=3.10.20 (main, Mar 11 2026, 17:43:48) [Clang 20.1.8 ]  Platform=darwin
2026-04-22 17:37:49  INFO      [unitree.backend]  加载配置成功，saved_robots=0
2026-04-22 17:37:49  INFO      [unitree.backend]  ConfigManager 初始化，配置文件：/Users/ouyanywenjie/.unitree_multicontrol/config.json
2026-04-22 17:37:49  INFO      [unitree.ui]  主窗口初始化完成，日志文件：/Users/ouyanywenjie/Documents/MultiRobot/logs/app.log
2026-04-22 17:37:49  INFO      [unitree.app]  主窗口已显示
2026-04-22 17:37:51  INFO      [unitree.ui]  [用户操作] 打开编排编辑器
2026-04-22 17:37:55  INFO      [unitree.ui]  应用关闭，断开所有连接
2026-04-22 17:37:55  INFO      [unitree.backend]  RobotManager 关闭，断开所有连接…
2026-04-22 17:37:55  INFO      [unitree.app]  应用退出，code=0
2026-04-23 16:08:18  INFO      [unitree.backend]  ============================================================
2026-04-23 16:08:18  INFO      [unitree.backend]  Unitree 多机器人控制台 启动  log→/Users/ouyanywenjie/Documents/MultiRobot/logs/app.log
2026-04-23 16:08:18  INFO      [unitree.backend]  ============================================================
2026-04-23 16:08:18  INFO      [unitree.app]  Qt 应用启动  Python=3.10.20 (main, Mar 11 2026, 17:43:48) [Clang 20.1.8 ]  Platform=darwin
2026-04-23 16:08:18  INFO      [unitree.backend]  加载配置成功，saved_robots=0
2026-04-23 16:08:18  INFO      [unitree.backend]  ConfigManager 初始化，配置文件：/Users/ouyanywenjie/.unitree_multicontrol/config.json
2026-04-23 16:08:18  INFO      [unitree.ui]  主窗口初始化完成，日志文件：/Users/ouyanywenjie/Documents/MultiRobot/logs/app.log
2026-04-23 16:08:18  INFO      [unitree.app]  主窗口已显示
2026-04-23 16:08:20  INFO      [unitree.ui]  应用关闭，断开所有连接
2026-04-23 16:08:20  INFO      [unitree.backend]  RobotManager 关闭，断开所有连接…
2026-04-23 16:08:20  INFO      [unitree.app]  应用退出，code=0
2026-04-23 16:43:16  INFO      [unitree.backend]  ============================================================
2026-04-23 16:43:16  INFO      [unitree.backend]  Unitree 多机器人控制台 启动  log→/Users/ouyanywenjie/Documents/MultiRobot/logs/app.log
2026-04-23 16:43:16  INFO      [unitree.backend]  ============================================================
2026-04-23 16:43:16  INFO      [unitree.app]  Qt 应用启动  Python=3.10.20 (main, Mar 11 2026, 17:43:48) [Clang 20.1.8 ]  Platform=darwin
2026-04-23 16:43:16  INFO      [unitree.backend]  加载配置成功，saved_robots=0
2026-04-23 16:43:16  INFO      [unitree.backend]  ConfigManager 初始化，配置文件：/Users/ouyanywenjie/.unitree_multicontrol/config.json
2026-04-23 16:43:17  INFO      [unitree.ui]  主窗口初始化完成，日志文件：/Users/ouyanywenjie/Documents/MultiRobot/logs/app.log
2026-04-23 16:43:17  INFO      [unitree.app]  主窗口已显示
2026-04-23 16:43:18  INFO      [unitree.ui]  [用户操作] 打开编排编辑器
2026-04-23 16:43:20  INFO      [unitree.choreo]  手动添加轨道：#1 Go2
2026-04-23 16:43:30  INFO      [unitree.ui]  应用关闭，断开所有连接
2026-04-23 16:43:30  INFO      [unitree.backend]  RobotManager 关闭，断开所有连接…
2026-04-23 16:43:30  INFO      [unitree.app]  应用退出，code=0
2026-05-01 15:37:18  INFO      [unitree.backend]  ============================================================
2026-05-01 15:37:18  INFO      [unitree.backend]  Unitree 多机器人控制台 启动  log→/Users/ouyanywenjie/Documents/MultiRobot/logs/app.log
2026-05-01 15:37:18  INFO      [unitree.backend]  ============================================================
2026-05-01 15:37:18  INFO      [unitree.app]  Qt 应用启动  Python=3.10.20 (main, Mar 11 2026, 17:43:48) [Clang 20.1.8 ]  Platform=darwin
2026-05-01 15:37:18  INFO      [unitree.backend]  加载配置成功，saved_robots=0
2026-05-01 15:37:18  INFO      [unitree.backend]  ConfigManager 初始化，配置文件：/Users/ouyanywenjie/.unitree_multicontrol/config.json
2026-05-01 15:37:19  INFO      [unitree.ui]  主窗口初始化完成，日志文件：/Users/ouyanywenjie/Documents/MultiRobot/logs/app.log
2026-05-01 15:37:19  INFO      [unitree.app]  主窗口已显示
2026-05-01 15:37:22  INFO      [unitree.ui]  [用户操作] 打开编排编辑器
2026-05-01 15:37:23  INFO      [unitree.choreo]  手动添加轨道：#1 Go2
2026-05-01 15:37:37  INFO      [unitree.ui]  应用关闭，断开所有连接
2026-05-01 15:37:37  INFO      [unitree.backend]  RobotManager 关闭，断开所有连接…
2026-05-01 15:37:37  INFO      [unitree.app]  应用退出，code=0
2026-05-08 18:06:04  INFO      [unitree.backend]  ============================================================
2026-05-08 18:06:04  INFO      [unitree.backend]  Unitree 多机器人控制台 启动  log→/Users/ouyanywenjie/Documents/MultiRobot/logs/app.log
2026-05-08 18:06:04  INFO      [unitree.backend]  ============================================================
2026-05-08 18:06:04  INFO      [unitree.app]  Qt 应用启动  Python=3.10.20 (main, Mar 11 2026, 17:43:48) [Clang 20.1.8 ]  Platform=darwin
2026-05-08 18:06:04  INFO      [unitree.backend]  加载配置成功，saved_robots=0
2026-05-08 18:06:04  INFO      [unitree.backend]  ConfigManager 初始化，配置文件：/Users/ouyanywenjie/.unitree_multicontrol/config.json
2026-05-08 18:06:04  INFO      [unitree.ui]  主窗口初始化完成，日志文件：/Users/ouyanywenjie/Documents/MultiRobot/logs/app.log
2026-05-08 18:06:04  INFO      [unitree.app]  主窗口已显示
2026-05-08 18:06:07  INFO      [unitree.ui]  [用户操作] 打开编排编辑器
2026-05-22 19:50:15  INFO      [unitree.backend]  ============================================================
2026-05-22 19:50:15  INFO      [unitree.backend]  Unitree 多机器人控制台 启动  log→/Users/ouyanywenjie/Documents/MultiRobot/logs/app.log
2026-05-22 19:50:15  INFO      [unitree.backend]  ============================================================
2026-05-22 19:50:15  INFO      [unitree.app]  Qt 应用启动  Python=3.10.20 (main, Mar 11 2026, 17:43:48) [Clang 20.1.8 ]  Platform=darwin
2026-05-22 19:50:15  INFO      [unitree.backend]  加载配置成功，saved_robots=0
2026-05-22 19:50:15  INFO      [unitree.backend]  ConfigManager 初始化，配置文件：/Users/ouyanywenjie/.unitree_multicontrol/config.json
2026-05-22 19:50:15  INFO      [unitree.ui]  主窗口初始化完成，日志文件：/Users/ouyanywenjie/Documents/MultiRobot/logs/app.log
2026-05-22 19:50:15  INFO      [unitree.app]  主窗口已显示
2026-05-22 19:50:18  INFO      [unitree.ui]  [用户操作] 点击 IP 手动添加
2026-05-22 19:52:41  INFO      [unitree.backend]  ============================================================
2026-05-22 19:52:41  INFO      [unitree.backend]  Unitree 多机器人控制台 启动  log→/Users/ouyanywenjie/Documents/MultiRobot/logs/app.log
2026-05-22 19:52:41  INFO      [unitree.backend]  ============================================================
2026-05-22 19:52:41  INFO      [unitree.app]  Qt 应用启动  Python=3.10.20 (main, Mar 11 2026, 17:43:48) [Clang 20.1.8 ]  Platform=darwin
2026-05-22 19:52:41  INFO      [unitree.backend]  加载配置成功，saved_robots=0
2026-05-22 19:52:41  INFO      [unitree.backend]  ConfigManager 初始化，配置文件：/Users/ouyanywenjie/.unitree_multicontrol/config.json
2026-05-22 19:52:41  INFO      [unitree.ui]  主窗口初始化完成，日志文件：/Users/ouyanywenjie/Documents/MultiRobot/logs/app.log
2026-05-22 19:52:41  INFO      [unitree.app]  主窗口已显示
2026-05-22 19:57:44  INFO      [unitree.backend]  ============================================================
2026-05-22 19:57:44  INFO      [unitree.backend]  Unitree 多机器人控制台 启动  log→/Users/ouyanywenjie/Documents/MultiRobot/logs/app.log
2026-05-22 19:57:44  INFO      [unitree.backend]  ============================================================
2026-05-22 19:57:44  INFO      [unitree.app]  Qt 应用启动  Python=3.10.20 (main, Mar 11 2026, 17:43:48) [Clang 20.1.8 ]  Platform=darwin
2026-05-22 19:57:44  INFO      [unitree.backend]  加载配置成功，saved_robots=0
2026-05-22 19:57:44  INFO      [unitree.backend]  ConfigManager 初始化，配置文件：/Users/ouyanywenjie/.unitree_multicontrol/config.json
2026-05-22 19:57:44  INFO      [unitree.ui]  主窗口初始化完成，日志文件：/Users/ouyanywenjie/Documents/MultiRobot/logs/app.log
2026-05-22 19:57:44  INFO      [unitree.app]  主窗口已显示
2026-05-22 19:57:45  INFO      [unitree.ui]  [用户操作] 点击扫描添加
2026-05-22 19:57:56  INFO      [unitree.ui]  [用户操作] 点击扫描添加
2026-05-22 19:57:59  INFO      [unitree.ui]  应用关闭，断开所有连接
2026-05-22 19:57:59  INFO      [unitree.backend]  RobotManager 关闭，断开所有连接…
2026-05-22 19:57:59  INFO      [unitree.app]  应用退出，code=0
2026-05-22 21:06:39  INFO      [unitree.backend]  ============================================================
2026-05-22 21:06:39  INFO      [unitree.backend]  Unitree 多机器人控制台 启动  log→/Users/ouyanywenjie/Documents/MultiRobot/logs/app.log
2026-05-22 21:06:39  INFO      [unitree.backend]  ============================================================
2026-05-22 21:06:39  INFO      [unitree.app]  Qt 应用启动  Python=3.10.20 (main, Mar 11 2026, 17:43:48) [Clang 20.1.8 ]  Platform=darwin
2026-05-22 21:06:39  INFO      [unitree.backend]  加载配置成功，saved_robots=0
2026-05-22 21:06:39  INFO      [unitree.backend]  ConfigManager 初始化，配置文件：/Users/ouyanywenjie/.unitree_multicontrol/config.json
2026-05-22 21:06:39  INFO      [unitree.ui]  主窗口初始化完成，日志文件：/Users/ouyanywenjie/Documents/MultiRobot/logs/app.log
2026-05-22 21:06:39  INFO      [unitree.app]  主窗口已显示
2026-05-22 21:06:41  INFO      [unitree.ui]  [用户操作] 点击快速连接
2026-05-22 21:10:19  INFO      [unitree.ui]  应用关闭，断开所有连接
2026-05-22 21:10:19  INFO      [unitree.backend]  RobotManager 关闭，断开所有连接…
2026-05-22 21:10:19  INFO      [unitree.app]  应用退出，code=0
2026-05-22 21:26:16  INFO      [unitree.backend]  ============================================================
2026-05-22 21:26:16  INFO      [unitree.backend]  Unitree 多机器人控制台 启动  log→/Users/ouyanywenjie/Documents/MultiRobot/logs/app.log
2026-05-22 21:26:16  INFO      [unitree.backend]  ============================================================
2026-05-22 21:26:16  INFO      [unitree.app]  Qt 应用启动  Python=3.10.20 (main, Mar 11 2026, 17:43:48) [Clang 20.1.8 ]  Platform=darwin
2026-05-22 21:26:16  INFO      [unitree.backend]  加载配置成功，saved_robots=0
2026-05-22 21:26:16  INFO      [unitree.backend]  ConfigManager 初始化，配置文件：/Users/ouyanywenjie/.unitree_multicontrol/config.json
2026-05-22 21:26:16  INFO      [unitree.ui]  主窗口初始化完成，日志文件：/Users/ouyanywenjie/Documents/MultiRobot/logs/app.log
2026-05-22 21:26:16  INFO      [unitree.app]  主窗口已显示
2026-05-22 21:33:14  INFO      [unitree.ui]  [用户操作] 点击 IP 手动添加
2026-05-22 21:34:19  INFO      [unitree.ui]  应用关闭，断开所有连接
2026-05-22 21:34:19  INFO      [unitree.backend]  RobotManager 关闭，断开所有连接…
2026-05-22 21:34:19  INFO      [unitree.app]  应用退出，code=0
2026-05-22 21:35:39  INFO      [unitree.backend]  ============================================================
2026-05-22 21:35:39  INFO      [unitree.backend]  Unitree 多机器人控制台 启动  log→/Users/ouyanywenjie/Documents/MultiRobot/logs/app.log
2026-05-22 21:35:39  INFO      [unitree.backend]  ============================================================
2026-05-22 21:35:40  INFO      [unitree.app]  Qt 应用启动  Python=3.10.20 (main, Mar 11 2026, 17:43:48) [Clang 20.1.8 ]  Platform=darwin
2026-05-22 21:35:40  INFO      [unitree.backend]  加载配置成功，saved_robots=0
2026-05-22 21:35:40  INFO      [unitree.backend]  ConfigManager 初始化，配置文件：/Users/ouyanywenjie/.unitree_multicontrol/config.json
2026-05-22 21:35:40  INFO      [unitree.ui]  主窗口初始化完成，日志文件：/Users/ouyanywenjie/Documents/MultiRobot/logs/app.log
2026-05-22 21:35:40  INFO      [unitree.app]  主窗口已显示
2026-06-15 10:34:31  INFO      [unitree.backend]  ============================================================
2026-06-15 10:34:31  INFO      [unitree.backend]  Unitree 多机器人控制台 启动  log→/Users/ouyanywenjie/Documents/MultiRobot/logs/app.log
2026-06-15 10:34:31  INFO      [unitree.backend]  ============================================================
2026-06-15 10:34:31  INFO      [unitree.app]  Qt 应用启动  Python=3.10.20 (main, Mar 11 2026, 17:43:48) [Clang 20.1.8 ]  Platform=darwin
2026-06-15 10:34:31  INFO      [unitree.backend]  加载配置成功，saved_robots=0
2026-06-15 10:34:31  INFO      [unitree.backend]  ConfigManager 初始化，配置文件：/Users/ouyanywenjie/.unitree_multicontrol/config.json
2026-06-15 10:34:31  INFO      [unitree.ui]  主窗口初始化完成，日志文件：/Users/ouyanywenjie/Documents/MultiRobot/logs/app.log
2026-06-15 10:34:31  INFO      [unitree.app]  主窗口已显示
2026-06-15 10:34:38  INFO      [unitree.ui]  [用户操作] 打开编排编辑器
2026-06-15 10:34:43  INFO      [unitree.choreo]  手动添加轨道：#1 Go2
2026-06-15 10:34:44  INFO      [unitree.choreo]  手动添加轨道：#2 Go2
2026-06-15 10:34:49  INFO      [unitree.choreo]  添加步骤：角色=#2 Go2  动作=▲ 前进 (速度0.6)  时长=3000ms
2026-06-15 10:34:50  INFO      [unitree.choreo]  添加步骤：角色=#2 Go2  动作=▼ 后退 (速度0.6)  时长=3000ms
2026-06-15 10:34:53  INFO      [unitree.choreo]  添加步骤：角色=#1 Go2  动作=正常站立  时长=5000ms
2026-06-15 10:34:54  INFO      [unitree.choreo]  添加步骤：角色=#1 Go2  动作=停止移动  时长=5000ms
2026-06-15 10:35:05  INFO      [unitree.ui]  应用关闭，断开所有连接
2026-06-15 10:35:05  INFO      [unitree.backend]  RobotManager 关闭，断开所有连接…
2026-06-15 10:35:05  INFO      [unitree.app]  应用退出，code=0
2026-07-13 23:08:43  INFO      [unitree.backend]  ============================================================
2026-07-13 23:08:43  INFO      [unitree.backend]  Unitree 多机器人控制台 启动  log→/Users/ouyanywenjie/Documents/MultiRobot/logs/app.log
2026-07-13 23:08:43  INFO      [unitree.backend]  ============================================================
2026-07-13 23:08:43  INFO      [unitree.app]  Qt 应用启动  Python=3.10.20 (main, Mar 11 2026, 17:43:48) [Clang 20.1.8 ]  Platform=darwin
2026-07-13 23:08:43  INFO      [unitree.backend]  加载配置成功，saved_robots=0
2026-07-13 23:08:43  INFO      [unitree.backend]  ConfigManager 初始化，配置文件：/Users/ouyanywenjie/.unitree_multicontrol/config.json
2026-07-13 23:08:44  INFO      [unitree.ui]  主窗口初始化完成，日志文件：/Users/ouyanywenjie/Documents/MultiRobot/logs/app.log
2026-07-13 23:08:44  INFO      [unitree.app]  主窗口已显示
2026-07-13 23:10:02  INFO      [unitree.ui]  [用户操作] 打开编排编辑器
2026-07-15 14:00:53  INFO      [unitree.ui]  应用关闭，断开所有连接
2026-07-15 14:00:53  INFO      [unitree.backend]  RobotManager 关闭，断开所有连接…
2026-07-15 14:00:53  INFO      [unitree.app]  应用退出，code=0
2026-07-16 10:51:08  INFO      [unitree.backend]  ============================================================
2026-07-16 10:51:08  INFO      [unitree.backend]  Unitree 多机器人控制台 启动  log→/Users/ouyanywenjie/Documents/MultiRobot/logs/app.log
2026-07-16 10:51:08  INFO      [unitree.backend]  ============================================================
2026-07-16 10:51:09  INFO      [unitree.app]  Qt 应用启动  Python=3.10.20 (main, Mar 11 2026, 17:43:48) [Clang 20.1.8 ]  Platform=darwin
2026-07-16 10:51:09  INFO      [unitree.backend]  加载配置成功，saved_robots=0
2026-07-16 10:51:09  INFO      [unitree.backend]  ConfigManager 初始化，配置文件：/Users/ouyanywenjie/.unitree_multicontrol/config.json
2026-07-16 10:51:09  INFO      [unitree.ui]  主窗口初始化完成，日志文件：/Users/ouyanywenjie/Documents/MultiRobot/logs/app.log
2026-07-16 10:51:09  INFO      [unitree.app]  主窗口已显示
2026-07-16 10:51:13  INFO      [MultiRobotApp.audio]  麦克风 开启
2026-07-16 10:51:16  INFO      [unitree.ui]  [用户操作] 点击 IP 手动添加
2026-07-16 10:53:08  INFO      [unitree.ui]  [用户操作] 确认手动添加：name=1 type=go2 ip=192.168.88.13 sn=None aes=(空)
2026-07-16 10:53:08  INFO      [unitree.backend]  添加机器人：name=1 type=go2 ip=192.168.88.13 sn=None robot_id=7bd434d2
2026-07-16 10:53:08  INFO      [unitree.backend]  ⏳ 正在连接 [1] (go2) @ 192.168.88.13…
2026-07-16 10:53:08  INFO      [root]  Creating offer...
2026-07-16 10:53:09  ERROR     [root]  Local request failed: 503 Server Error: Service Unavailable for url: http://192.168.88.13:9991/con_notify
2026-07-16 10:53:09  ERROR     [unitree.backend]  ❌ [1] 配置错误：Failed to receive initial public key response.
2026-07-16 10:53:16  INFO      [unitree.backend]  [用户操作] 列表重连 [1]
2026-07-16 10:53:16  INFO      [unitree.backend]  手动重连：1
2026-07-16 10:53:16  INFO      [unitree.backend]  🔄 [1] 重连中 (1/5)…
2026-07-16 10:53:16  INFO      [unitree.backend]  ⏳ 正在连接 [1] (go2) @ 192.168.88.13…
2026-07-16 10:53:17  INFO      [root]  Creating offer...
2026-07-16 10:53:17  DEBUG     [root]  con_notify response: {"data1":"eg7Mqmsd7Od+EYE9Ib3MYdEKbiMs1S4N8DeIN+OVG/sB0Zs6lVMHlI+Ez61RmSdybeX4JlJBx3KJYt5fCs0aN0iItTyMVYj3Ra6gWYe4uayJ57vMJe7dEKBCGisFNgrITHxXs2JHXBkLpQetYdZsLofoIGRm3P2crTZRSchIecLatTTtl9jszYSwYbuRgUJSlCGpHJr8obweQH0j/0ISqtjdyVU1Y+qBqIWYPYKSrpGGg2ohGskjP5LM8X49ODR+2lCrMPwXv0vlz7LjcL+We51byKJvF/Utpyq5wiD5yVVYZEJ8D1aicGh5YY0IpsjXXMMFtU7nzLZhgIAspG5UQJEEWt9hRhvThhxYrGVi/2LBxnGjL9CTExwCl2UQ6hapPour63N+TRxYlEDIKeizC0vqtBpWLJyESIr16AGI/8sj6rx50Zz9PDRmCPb5xmRBHRL2guvgVp/v7xSqifZjzRkIyEptMPYsfSOQjWxD6M7fs9w3iykK409HgCuNvVWTaPedIADXcOunp5WVhgNNbM97fkroPiicDjc0qanchCzpIM7k1G5lgFZZZu7UR6mZxHF3+90/3p0=","data2":2}
2026-07-16 10:53:17  DEBUG     [root]  con_ing_73232 response: {"type":"answer","sdp":"v=0\r\no=- 708192560 2 IN IP4 127.0.0.1\r\ns=-\r\nt=0 0\r\na=group:BUNDLE 0 1 2\r\na=msid-semantic: WMS myKvsVideoStream\r\nm=audio 9 UDP/TLS/RTP/SAVPF 96\r\nc=IN IP4 127.0.0.1\r\na=candidate:0 1 udp 2130706431 192.168.88.13 42097 typ host raddr 0.0.0.0 rport 0 generation 0 network-cost 999\r\na=msid:unitreeMediaStream unitreeAudioTrack\r\na=ssrc:2100898708 cname:G+kHHlnntAA9+uAi\r\na=ssrc:2100898708 msid:unitreeMediaStream unitreeAudioTrack\r\na=ssrc:2100898708 mslabel:unitreeMediaStream\r\na=ssrc:2100898708 label:unitreeAudioTrack\r\na=rtcp:9 IN IP4 0.0.0.0\r\na=ice-ufrag:1J1W\r\na=ice-pwd:W8OOIqk1j1eZkabwaMcAczVp\r\na=ice-options:trickle\r\na=fingerprint:sha-256 80:10:1F:86:73:C3:6F:6D:A2:83:14:86:20:03:DA:10:67:21:AC:4F:1D:D9:C3:93:5F:45:00:1F:E5:51:47:6C\r\na=setup:active\r\na=mid:0\r\na=sendrecv\r\na=rtcp-mux\r\na=rtcp-rsize\r\na=rtpmap:96 opus/48000/2\r\na=rtcp-fb:96 nack\r\na=rtcp-fb:96 goog-remb\r\nm=video 9 UDP/TLS/RTP/SAVPF 101\r\nc=IN IP4 127.0.0.1\r\na=candidate:0 1 udp 2130706431 192.168.88.13 42097 typ host raddr 0.0.0.0 rport 0 generation 0 network-cost 999\r\na=msid:unitreeMediaStream unitreeVideoTrack\r\na=ssrc:40185380 cname:G+kHHlnntAA9+uAi\r\na=ssrc:40185380 msid:unitreeMediaStream unitreeVideoTrack\r\na=ssrc:40185380 mslabel:unitreeMediaStream\r\na=ssrc:40185380 label:unitreeVideoTrack\r\na=rtcp:9 IN IP4 0.0.0.0\r\na=ice-ufrag:1J1W\r\na=ice-pwd:W8OOIqk1j1eZkabwaMcAczVp\r\na=ice-options:trickle\r\na=fingerprint:sha-256 80:10:1F:86:73:C3:6F:6D:A2:83:14:86:20:03:DA:10:67:21:AC:4F:1D:D9:C3:93:5F:45:00:1F:E5:51:47:6C\r\na=setup:active\r\na=mid:1\r\na=sendonly\r\na=rtcp-mux\r\na=rtcp-rsize\r\na=rtpmap:101 H264/90000\r\na=fmtp:101 level-asymmetry-allowed=1;packetization-mode=1;profile-level-id=42e01f\r\na=rtcp-fb:101 nack\r\na=rtcp-fb:101 goog-remb\r\nm=application 9 UDP/DTLS/SCTP webrtc-datachannel\r\nc=IN IP4 127.0.0.1\r\na=candidate:0 1 udp 2130706431 192.168.88.13 42097 typ host raddr 0.0.0.0 rport 0 generation 0 network-cost 999\r\na=rtcp:9 IN IP4 0.0.0.0\r\na=ice-ufrag:1J1W\r\na=ice-pwd:W8OOIqk1j1eZkabwaMcAczVp\r\na=fingerprint:sha-256 80:10:1F:86:73:C3:6F:6D:A2:83:14:86:20:03:DA:10:67:21:AC:4F:1D:D9:C3:93:5F:45:00:1F:E5:51:47:6C\r\na=setup:active\r\na=mid:2\r\na=sctp-port:5000\r\n","id":"STA_localNetwork"}
2026-07-16 10:53:17  INFO      [root]  Track received: audio
2026-07-16 10:53:17  INFO      [root]  Track received: video
2026-07-16 10:53:17  INFO      [root]  Data channel opened
2026-07-16 10:53:17  INFO      [root]  Validation succeed
2026-07-16 10:53:18  INFO      [root]  Network status message received.
2026-07-16 10:53:18  INFO      [unitree.backend]  ✅ [1] 连接成功！  IP=192.168.88.13  type=go2
2026-07-16 10:53:18  INFO      [unitree.backend]  [1] 已订阅 LOW_STATE
2026-07-16 10:53:19  INFO      [root]  Heartbeat response received.
2026-07-16 10:53:21  INFO      [root]  Heartbeat response received.
2026-07-16 10:53:23  INFO      [root]  Heartbeat response received.
2026-07-16 10:53:25  INFO      [root]  Heartbeat response received.
2026-07-16 10:53:26  ERROR     [MultiRobotApp.audio]  打开麦克风失败：Error querying device -1
2026-07-16 10:53:27  INFO      [MultiRobotApp.audio]  扬声器流已开启：48000 Hz, 2 ch
2026-07-16 10:53:27  INFO      [MultiRobotApp.audio]  register_call OK：robot_id=7bd434d2，当前活动数=1
2026-07-16 10:53:27  INFO      [unitree.backend]  🎙 [1] 开启对讲
2026-07-16 10:53:27  INFO      [root]  Receiving audio frame
2026-07-16 10:53:27  INFO      [root]  Receiving audio frame
2026-07-16 10:53:27  INFO      [root]  Receiving audio frame
2026-07-16 10:53:27  INFO      [root]  Receiving audio frame
2026-07-16 10:53:27  INFO      [root]  Receiving audio frame
2026-07-16 10:53:27  INFO      [root]  Receiving audio frame
2026-07-16 10:53:27  INFO      [root]  Receiving audio frame
2026-07-16 10:53:27  INFO      [root]  Receiving audio frame
2026-07-16 10:53:27  INFO      [root]  Receiving audio frame
2026-07-16 10:53:27  INFO      [root]  Receiving audio frame
2026-07-16 10:53:27  INFO      [root]  Receiving audio frame
2026-07-16 10:53:27  INFO      [root]  Receiving audio frame
2026-07-16 10:53:27  INFO      [root]  Receiving audio frame
2026-07-16 10:53:27  INFO      [root]  Receiving audio frame
2026-07-16 10:53:27  INFO      [root]  Receiving audio frame
2026-07-16 10:53:27  INFO      [root]  Receiving audio frame
2026-07-16 10:53:27  INFO      [root]  Receiving audio frame
2026-07-16 10:53:27  INFO      [root]  Receiving audio frame
2026-07-16 10:53:27  INFO      [root]  Receiving audio frame
2026-07-16 10:53:27  INFO      [root]  Receiving audio frame
2026-07-16 10:53:27  INFO      [root]  Receiving audio frame
2026-07-16 10:53:27  INFO      [root]  Receiving audio frame
2026-07-16 10:53:27  INFO      [root]  Receiving audio frame
2026-07-16 10:53:27  INFO      [root]  Receiving audio frame
2026-07-16 10:53:27  INFO      [root]  Receiving audio frame
2026-07-16 10:53:27  INFO      [root]  Receiving audio frame
2026-07-16 10:53:27  INFO      [root]  Heartbeat response received.
2026-07-16 10:53:27  INFO      [root]  Receiving audio frame
2026-07-16 10:53:27  INFO      [root]  Receiving audio frame
2026-07-16 10:53:27  INFO      [root]  Receiving audio frame
2026-07-16 10:53:27  INFO      [root]  Receiving audio frame
2026-07-16 10:53:27  INFO      [root]  Receiving audio frame
2026-07-16 10:53:27  INFO      [root]  Receiving audio frame
2026-07-16 10:53:27  INFO      [root]  Receiving audio frame
2026-07-16 10:53:27  INFO      [root]  Receiving audio frame
2026-07-16 10:53:27  INFO      [root]  Receiving audio frame
2026-07-16 10:53:27  INFO      [root]  Receiving audio frame
2026-07-16 10:53:27  INFO      [root]  Receiving audio frame
2026-07-16 10:53:27  INFO      [root]  Receiving audio frame
2026-07-16 10:53:27  INFO      [root]  Receiving audio frame
2026-07-16 10:53:27  INFO      [root]  Receiving audio frame
2026-07-16 10:53:27  INFO      [root]  Receiving audio frame
2026-07-16 10:53:27  INFO      [root]  Receiving audio frame
2026-07-16 10:53:27  INFO      [root]  Receiving audio frame
2026-07-16 10:53:28  INFO      [root]  Receiving audio frame
2026-07-16 10:53:28  INFO      [root]  Receiving audio frame
2026-07-16 10:53:28  INFO      [root]  Receiving audio frame
2026-07-16 10:53:28  INFO      [root]  Receiving audio frame
2026-07-16 10:53:28  INFO      [root]  Receiving audio frame
2026-07-16 10:53:28  INFO      [root]  Receiving audio frame
2026-07-16 10:53:28  INFO      [root]  Receiving audio frame
2026-07-16 10:53:28  INFO      [root]  Receiving audio frame
2026-07-16 10:53:28  INFO      [root]  Receiving audio frame
2026-07-16 10:53:28  INFO      [root]  Receiving audio frame
2026-07-16 10:53:28  INFO      [root]  Receiving audio frame
2026-07-16 10:53:28  INFO      [root]  Receiving audio frame
2026-07-16 10:53:28  INFO      [root]  Receiving audio frame
2026-07-16 10:53:28  INFO      [root]  Receiving audio frame
2026-07-16 10:53:28  INFO      [root]  Receiving audio frame
2026-07-16 10:53:28  INFO      [root]  Receiving audio frame
2026-07-16 10:53:28  INFO      [root]  Receiving audio frame
2026-07-16 10:53:28  INFO      [root]  Receiving audio frame
2026-07-16 10:53:28  INFO      [root]  Receiving audio frame
2026-07-16 10:53:28  INFO      [root]  Receiving audio frame
2026-07-16 10:53:28  INFO      [root]  Receiving audio frame
2026-07-16 10:53:28  INFO      [root]  Receiving audio frame
2026-07-16 10:53:28  INFO      [root]  Receiving audio frame
2026-07-16 10:53:28  INFO      [root]  Receiving audio frame
2026-07-16 10:53:28  INFO      [root]  Receiving audio frame
2026-07-16 10:53:28  INFO      [root]  Receiving audio frame
2026-07-16 10:53:28  INFO      [root]  Receiving audio frame
2026-07-16 10:53:28  INFO      [root]  Receiving audio frame
2026-07-16 10:53:28  INFO      [root]  Receiving audio frame
2026-07-16 10:53:28  INFO      [root]  Receiving audio frame
2026-07-16 10:53:28  INFO      [root]  Receiving audio frame
2026-07-16 10:53:28  INFO      [root]  Receiving audio frame
2026-07-16 10:53:28  INFO      [root]  Receiving audio frame
2026-07-16 10:53:28  INFO      [root]  Receiving audio frame
2026-07-16 10:53:28  INFO      [root]  Receiving audio frame
2026-07-16 10:53:28  INFO      [root]  Receiving audio frame
2026-07-16 10:53:28  INFO      [root]  Receiving audio frame
2026-07-16 10:53:28  INFO      [root]  Receiving audio frame
2026-07-16 10:53:28  INFO      [root]  Receiving audio frame
2026-07-16 10:53:28  INFO      [root]  Receiving audio frame
2026-07-16 10:53:28  INFO      [root]  Receiving audio frame
2026-07-16 10:53:28  INFO      [root]  Receiving audio frame
2026-07-16 10:53:28  INFO      [root]  Receiving audio frame
2026-07-16 10:53:28  INFO      [root]  Receiving audio frame
2026-07-16 10:53:28  INFO      [root]  Receiving audio frame
2026-07-16 10:53:28  INFO      [root]  Receiving audio frame
2026-07-16 10:53:28  INFO      [root]  Receiving audio frame
2026-07-16 10:53:28  INFO      [root]  Receiving audio frame
2026-07-16 10:53:28  INFO      [root]  Receiving audio frame
2026-07-16 10:53:28  INFO      [root]  Receiving audio frame
2026-07-16 10:53:29  INFO      [root]  Receiving audio frame
2026-07-16 10:53:29  INFO      [root]  Receiving audio frame
2026-07-16 10:53:29  INFO      [root]  Receiving audio frame
2026-07-16 10:53:29  INFO      [root]  Receiving audio frame
2026-07-16 10:53:29  INFO      [root]  Receiving audio frame
2026-07-16 10:53:29  INFO      [root]  Receiving audio frame
2026-07-16 10:53:29  INFO      [root]  Receiving audio frame
2026-07-16 10:53:29  INFO      [root]  Receiving audio frame
2026-07-16 10:53:29  INFO      [root]  Receiving audio frame
2026-07-16 10:53:29  INFO      [root]  Receiving audio frame
2026-07-16 10:53:29  INFO      [root]  Receiving audio frame
2026-07-16 10:53:29  INFO      [root]  Receiving audio frame
2026-07-16 10:53:29  INFO      [root]  Receiving audio frame
2026-07-16 10:53:29  INFO      [root]  Receiving audio frame
2026-07-16 10:53:29  INFO      [root]  Receiving audio frame
2026-07-16 10:53:29  INFO      [root]  Receiving audio frame
2026-07-16 10:53:29  INFO      [root]  Receiving audio frame
2026-07-16 10:53:29  INFO      [root]  Receiving audio frame
2026-07-16 10:53:29  INFO      [root]  Receiving audio frame
2026-07-16 10:53:29  INFO      [root]  Receiving audio frame
2026-07-16 10:53:29  INFO      [root]  Receiving audio frame
2026-07-16 10:53:29  INFO      [root]  Receiving audio frame
2026-07-16 10:53:29  INFO      [root]  Receiving audio frame
2026-07-16 10:53:29  INFO      [root]  Receiving audio frame
2026-07-16 10:53:29  INFO      [root]  Receiving audio frame
2026-07-16 10:53:29  INFO      [root]  Receiving audio frame
2026-07-16 10:53:29  INFO      [root]  Receiving audio frame
2026-07-16 10:53:29  INFO      [root]  Receiving audio frame
2026-07-16 10:53:29  INFO      [root]  Receiving audio frame
2026-07-16 10:53:29  INFO      [root]  Receiving audio frame
2026-07-16 10:53:29  INFO      [root]  Receiving audio frame
2026-07-16 10:53:29  INFO      [root]  Receiving audio frame
2026-07-16 10:53:29  INFO      [root]  Heartbeat response received.
2026-07-16 10:53:29  INFO      [root]  Receiving audio frame
2026-07-16 10:53:29  INFO      [root]  Receiving audio frame
2026-07-16 10:53:29  INFO      [root]  Receiving audio frame
2026-07-16 10:53:29  INFO      [root]  Receiving audio frame
2026-07-16 10:53:29  INFO      [root]  Receiving audio frame
2026-07-16 10:53:29  INFO      [root]  Receiving audio frame
2026-07-16 10:53:29  INFO      [root]  Receiving audio frame
2026-07-16 10:53:29  INFO      [root]  Receiving audio frame
2026-07-16 10:53:29  INFO      [root]  Receiving audio frame
2026-07-16 10:53:29  INFO      [root]  Receiving audio frame
2026-07-16 10:53:29  INFO      [root]  Receiving audio frame
2026-07-16 10:53:29  INFO      [root]  Receiving audio frame
2026-07-16 10:53:29  INFO      [root]  Receiving audio frame
2026-07-16 10:53:29  INFO      [root]  Receiving audio frame
2026-07-16 10:53:29  INFO      [root]  Receiving audio frame
2026-07-16 10:53:29  INFO      [root]  Receiving audio frame
2026-07-16 10:53:29  INFO      [root]  Receiving audio frame
2026-07-16 10:53:30  INFO      [root]  Receiving audio frame
2026-07-16 10:53:30  INFO      [root]  Receiving audio frame
2026-07-16 10:53:30  INFO      [root]  Receiving audio frame
2026-07-16 10:53:30  INFO      [root]  Receiving audio frame
2026-07-16 10:53:30  INFO      [root]  Receiving audio frame
2026-07-16 10:53:30  INFO      [root]  Receiving audio frame
2026-07-16 10:53:30  INFO      [root]  Receiving audio frame
2026-07-16 10:53:30  INFO      [root]  Receiving audio frame
2026-07-16 10:53:30  INFO      [root]  Receiving audio frame
2026-07-16 10:53:30  INFO      [root]  Receiving audio frame
2026-07-16 10:53:30  INFO      [root]  Receiving audio frame
2026-07-16 10:53:30  INFO      [root]  Receiving audio frame
2026-07-16 10:53:30  INFO      [root]  Receiving audio frame
2026-07-16 10:53:30  INFO      [root]  Receiving audio frame
2026-07-16 10:53:30  INFO      [root]  Receiving audio frame
2026-07-16 10:53:30  INFO      [root]  Receiving audio frame
2026-07-16 10:53:30  INFO      [root]  Receiving audio frame
2026-07-16 10:53:30  INFO      [root]  Receiving audio frame
2026-07-16 10:53:30  INFO      [root]  Receiving audio frame
2026-07-16 10:53:30  INFO      [root]  Receiving audio frame
2026-07-16 10:53:30  INFO      [root]  Receiving audio frame
2026-07-16 10:53:30  INFO      [root]  Receiving audio frame
2026-07-16 10:53:30  INFO      [root]  Receiving audio frame
2026-07-16 10:53:30  INFO      [root]  Receiving audio frame
2026-07-16 10:53:30  INFO      [root]  Receiving audio frame
2026-07-16 10:53:30  INFO      [root]  Receiving audio frame
2026-07-16 10:53:30  INFO      [root]  Receiving audio frame
2026-07-16 10:53:30  INFO      [root]  Receiving audio frame
2026-07-16 10:53:30  INFO      [root]  Receiving audio frame
2026-07-16 10:53:30  INFO      [root]  Receiving audio frame
2026-07-16 10:53:30  INFO      [root]  Receiving audio frame
2026-07-16 10:53:30  INFO      [root]  Receiving audio frame
2026-07-16 10:53:30  INFO      [root]  Receiving audio frame
2026-07-16 10:53:30  INFO      [root]  Receiving audio frame
2026-07-16 10:53:30  DEBUG     [MultiRobotApp.audio]  removeTrack 失败 [7bd434d2]：'RTCPeerConnection' object has no attribute 'removeTrack'
2026-07-16 10:53:30  INFO      [MultiRobotApp.audio]  unregister_call：robot_id=7bd434d2，剩余活动=0
2026-07-16 10:53:30  INFO      [MultiRobotApp.audio]  音频流已全部关闭
2026-07-16 10:53:30  INFO      [unitree.backend]  🎙 [1] 结束对讲
2026-07-16 10:53:30  INFO      [root]  Receiving audio frame
2026-07-16 10:53:30  INFO      [root]  Receiving audio frame
2026-07-16 10:53:30  INFO      [root]  Receiving audio frame
2026-07-16 10:53:30  INFO      [root]  Receiving audio frame
2026-07-16 10:53:30  INFO      [root]  Receiving audio frame
2026-07-16 10:53:30  INFO      [root]  Receiving audio frame
2026-07-16 10:53:30  INFO      [root]  Receiving audio frame
2026-07-16 10:53:30  INFO      [root]  Receiving audio frame
2026-07-16 10:53:30  INFO      [root]  Receiving audio frame
2026-07-16 10:53:30  INFO      [root]  Receiving audio frame
2026-07-16 10:53:30  INFO      [root]  Receiving audio frame
2026-07-16 10:53:30  INFO      [root]  Receiving audio frame
2026-07-16 10:53:30  INFO      [root]  Receiving audio frame
2026-07-16 10:53:30  INFO      [root]  Receiving audio frame
2026-07-16 10:53:31  INFO      [root]  Heartbeat response received.
2026-07-16 10:53:33  INFO      [root]  Heartbeat response received.
2026-07-16 10:53:34  ERROR     [MultiRobotApp.audio]  打开麦克风失败：Error querying device -1
2026-07-16 10:53:34  INFO      [MultiRobotApp.audio]  扬声器流已开启：48000 Hz, 2 ch
2026-07-16 10:53:34  INFO      [MultiRobotApp.audio]  register_call OK：robot_id=7bd434d2，当前活动数=1
2026-07-16 10:53:34  INFO      [unitree.backend]  🎙 [1] 开启对讲
2026-07-16 10:53:34  INFO      [root]  Receiving audio frame
2026-07-16 10:53:34  INFO      [root]  Receiving audio frame
2026-07-16 10:53:34  INFO      [root]  Receiving audio frame
2026-07-16 10:53:34  INFO      [root]  Receiving audio frame
2026-07-16 10:53:34  INFO      [root]  Receiving audio frame
2026-07-16 10:53:34  INFO      [root]  Receiving audio frame
2026-07-16 10:53:34  INFO      [root]  Receiving audio frame
2026-07-16 10:53:34  INFO      [root]  Receiving audio frame
2026-07-16 10:53:34  INFO      [root]  Receiving audio frame
2026-07-16 10:53:34  INFO      [root]  Receiving audio frame
2026-07-16 10:53:34  INFO      [root]  Receiving audio frame
2026-07-16 10:53:34  INFO      [root]  Receiving audio frame
2026-07-16 10:53:34  INFO      [root]  Receiving audio frame
2026-07-16 10:53:34  INFO      [root]  Receiving audio frame
2026-07-16 10:53:34  INFO      [root]  Receiving audio frame
2026-07-16 10:53:34  INFO      [root]  Receiving audio frame
2026-07-16 10:53:34  INFO      [root]  Receiving audio frame
2026-07-16 10:53:34  INFO      [root]  Receiving audio frame
2026-07-16 10:53:34  INFO      [root]  Receiving audio frame
2026-07-16 10:53:34  INFO      [root]  Receiving audio frame
2026-07-16 10:53:34  INFO      [root]  Receiving audio frame
2026-07-16 10:53:34  INFO      [root]  Receiving audio frame
2026-07-16 10:53:34  INFO      [root]  Receiving audio frame
2026-07-16 10:53:34  INFO      [root]  Receiving audio frame
2026-07-16 10:53:34  INFO      [root]  Receiving audio frame
2026-07-16 10:53:34  INFO      [root]  Receiving audio frame
2026-07-16 10:53:34  INFO      [root]  Receiving audio frame
2026-07-16 10:53:34  INFO      [root]  Receiving audio frame
2026-07-16 10:53:34  INFO      [root]  Receiving audio frame
2026-07-16 10:53:34  INFO      [root]  Receiving audio frame
2026-07-16 10:53:35  INFO      [root]  Receiving audio frame
2026-07-16 10:53:35  INFO      [root]  Receiving audio frame
2026-07-16 10:53:35  INFO      [root]  Receiving audio frame
2026-07-16 10:53:35  INFO      [root]  Receiving audio frame
2026-07-16 10:53:35  INFO      [root]  Receiving audio frame
2026-07-16 10:53:35  INFO      [root]  Receiving audio frame
2026-07-16 10:53:35  INFO      [root]  Receiving audio frame
2026-07-16 10:53:35  INFO      [root]  Receiving audio frame
2026-07-16 10:53:35  INFO      [root]  Receiving audio frame
2026-07-16 10:53:35  INFO      [root]  Receiving audio frame
2026-07-16 10:53:35  INFO      [root]  Receiving audio frame
2026-07-16 10:53:35  INFO      [root]  Receiving audio frame
2026-07-16 10:53:35  INFO      [root]  Receiving audio frame
2026-07-16 10:53:35  INFO      [root]  Receiving audio frame
2026-07-16 10:53:35  INFO      [root]  Receiving audio frame
2026-07-16 10:53:35  INFO      [root]  Receiving audio frame
2026-07-16 10:53:35  INFO      [root]  Receiving audio frame
2026-07-16 10:53:35  INFO      [root]  Receiving audio frame
2026-07-16 10:53:35  INFO      [root]  Receiving audio frame
2026-07-16 10:53:35  INFO      [root]  Receiving audio frame
2026-07-16 10:53:35  INFO      [root]  Receiving audio frame
2026-07-16 10:53:35  INFO      [root]  Receiving audio frame
2026-07-16 10:53:35  INFO      [root]  Receiving audio frame
2026-07-16 10:53:35  INFO      [root]  Receiving audio frame
2026-07-16 10:53:35  INFO      [root]  Receiving audio frame
2026-07-16 10:53:35  INFO      [root]  Receiving audio frame
2026-07-16 10:53:35  INFO      [root]  Receiving audio frame
2026-07-16 10:53:35  INFO      [root]  Receiving audio frame
2026-07-16 10:53:35  INFO      [root]  Receiving audio frame
2026-07-16 10:53:35  INFO      [root]  Receiving audio frame
2026-07-16 10:53:35  INFO      [root]  Receiving audio frame
2026-07-16 10:53:35  INFO      [root]  Receiving audio frame
2026-07-16 10:53:35  INFO      [root]  Receiving audio frame
2026-07-16 10:53:35  INFO      [root]  Heartbeat response received.
2026-07-16 10:53:35  INFO      [root]  Receiving audio frame
2026-07-16 10:53:35  INFO      [root]  Receiving audio frame
2026-07-16 10:53:35  INFO      [root]  Receiving audio frame
2026-07-16 10:53:35  INFO      [root]  Receiving audio frame
2026-07-16 10:53:35  INFO      [root]  Receiving audio frame
2026-07-16 10:53:35  INFO      [root]  Receiving audio frame
2026-07-16 10:53:35  INFO      [root]  Receiving audio frame
2026-07-16 10:53:35  INFO      [root]  Receiving audio frame
2026-07-16 10:53:35  INFO      [root]  Receiving audio frame
2026-07-16 10:53:35  INFO      [root]  Receiving audio frame
2026-07-16 10:53:35  INFO      [root]  Receiving audio frame
2026-07-16 10:53:35  INFO      [root]  Receiving audio frame
2026-07-16 10:53:35  INFO      [root]  Receiving audio frame
2026-07-16 10:53:35  INFO      [root]  Receiving audio frame
2026-07-16 10:53:35  INFO      [root]  Receiving audio frame
2026-07-16 10:53:35  INFO      [root]  Receiving audio frame
2026-07-16 10:53:35  INFO      [root]  Receiving audio frame
2026-07-16 10:53:36  INFO      [root]  Receiving audio frame
2026-07-16 10:53:36  INFO      [root]  Receiving audio frame
2026-07-16 10:53:36  INFO      [root]  Receiving audio frame
2026-07-16 10:53:36  INFO      [root]  Receiving audio frame
2026-07-16 10:53:36  INFO      [root]  Receiving audio frame
2026-07-16 10:53:36  INFO      [root]  Receiving audio frame
2026-07-16 10:53:36  INFO      [root]  Receiving audio frame
2026-07-16 10:53:36  INFO      [root]  Receiving audio frame
2026-07-16 10:53:36  INFO      [root]  Receiving audio frame
2026-07-16 10:53:36  INFO      [root]  Receiving audio frame
2026-07-16 10:53:36  INFO      [root]  Receiving audio frame
2026-07-16 10:53:36  INFO      [root]  Receiving audio frame
2026-07-16 10:53:36  INFO      [root]  Receiving audio frame
2026-07-16 10:53:36  INFO      [root]  Receiving audio frame
2026-07-16 10:53:36  INFO      [root]  Receiving audio frame
2026-07-16 10:53:36  INFO      [root]  Receiving audio frame
2026-07-16 10:53:36  INFO      [root]  Receiving audio frame
2026-07-16 10:53:36  INFO      [root]  Receiving audio frame
2026-07-16 10:53:36  INFO      [root]  Receiving audio frame
2026-07-16 10:53:36  INFO      [root]  Receiving audio frame
2026-07-16 10:53:36  INFO      [root]  Receiving audio frame
2026-07-16 10:53:36  INFO      [root]  Receiving audio frame
2026-07-16 10:53:36  INFO      [root]  Receiving audio frame
2026-07-16 10:53:36  INFO      [root]  Receiving audio frame
2026-07-16 10:53:36  INFO      [root]  Receiving audio frame
2026-07-16 10:53:36  INFO      [root]  Receiving audio frame
2026-07-16 10:53:36  INFO      [root]  Receiving audio frame
2026-07-16 10:53:36  INFO      [root]  Receiving audio frame
2026-07-16 10:53:36  INFO      [root]  Receiving audio frame
2026-07-16 10:53:36  INFO      [root]  Receiving audio frame
2026-07-16 10:53:36  INFO      [root]  Receiving audio frame
2026-07-16 10:53:36  INFO      [root]  Receiving audio frame
2026-07-16 10:53:36  INFO      [root]  Receiving audio frame
2026-07-16 10:53:36  INFO      [root]  Receiving audio frame
2026-07-16 10:53:36  INFO      [root]  Receiving audio frame
2026-07-16 10:53:36  INFO      [root]  Receiving audio frame
2026-07-16 10:53:36  INFO      [root]  Receiving audio frame
2026-07-16 10:53:36  INFO      [root]  Receiving audio frame
2026-07-16 10:53:36  INFO      [root]  Receiving audio frame
2026-07-16 10:53:36  INFO      [root]  Receiving audio frame
2026-07-16 10:53:36  INFO      [root]  Receiving audio frame
2026-07-16 10:53:36  INFO      [root]  Receiving audio frame
2026-07-16 10:53:36  INFO      [root]  Receiving audio frame
2026-07-16 10:53:36  INFO      [root]  Receiving audio frame
2026-07-16 10:53:36  INFO      [root]  Receiving audio frame
2026-07-16 10:53:36  INFO      [root]  Receiving audio frame
2026-07-16 10:53:36  INFO      [root]  Receiving audio frame
2026-07-16 10:53:36  INFO      [root]  Receiving audio frame
2026-07-16 10:53:36  INFO      [root]  Receiving audio frame
2026-07-16 10:53:36  INFO      [root]  Receiving audio frame
2026-07-16 10:53:37  INFO      [root]  Receiving audio frame
2026-07-16 10:53:37  INFO      [root]  Receiving audio frame
2026-07-16 10:53:37  INFO      [root]  Receiving audio frame
2026-07-16 10:53:37  INFO      [root]  Receiving audio frame
2026-07-16 10:53:37  INFO      [root]  Receiving audio frame
2026-07-16 10:53:37  INFO      [root]  Receiving audio frame
2026-07-16 10:53:37  INFO      [root]  Receiving audio frame
2026-07-16 10:53:37  INFO      [root]  Receiving audio frame
2026-07-16 10:53:37  INFO      [root]  Receiving audio frame
2026-07-16 10:53:37  INFO      [root]  Receiving audio frame
2026-07-16 10:53:37  INFO      [root]  Receiving audio frame
2026-07-16 10:53:37  INFO      [root]  Receiving audio frame
2026-07-16 10:53:37  INFO      [root]  Receiving audio frame
2026-07-16 10:53:37  INFO      [root]  Receiving audio frame
2026-07-16 10:53:37  INFO      [root]  Receiving audio frame
2026-07-16 10:53:37  INFO      [root]  Receiving audio frame
2026-07-16 10:53:37  INFO      [root]  Receiving audio frame
2026-07-16 10:53:37  INFO      [root]  Receiving audio frame
2026-07-16 10:53:37  INFO      [root]  Receiving audio frame
2026-07-16 10:53:37  INFO      [root]  Receiving audio frame
2026-07-16 10:53:37  INFO      [root]  Receiving audio frame
2026-07-16 10:53:37  INFO      [root]  Receiving audio frame
2026-07-16 10:53:37  INFO      [root]  Receiving audio frame
2026-07-16 10:53:37  INFO      [root]  Receiving audio frame
2026-07-16 10:53:37  INFO      [root]  Receiving audio frame
2026-07-16 10:53:37  INFO      [root]  Receiving audio frame
2026-07-16 10:53:37  INFO      [root]  Receiving audio frame
2026-07-16 10:53:37  INFO      [root]  Receiving audio frame
2026-07-16 10:53:37  INFO      [root]  Receiving audio frame
2026-07-16 10:53:37  INFO      [root]  Receiving audio frame
2026-07-16 10:53:37  INFO      [root]  Receiving audio frame
2026-07-16 10:53:37  INFO      [root]  Receiving audio frame
2026-07-16 10:53:37  INFO      [root]  Heartbeat response received.
2026-07-16 10:53:37  INFO      [root]  Receiving audio frame
2026-07-16 10:53:37  INFO      [root]  Receiving audio frame
2026-07-16 10:53:37  INFO      [root]  Receiving audio frame
2026-07-16 10:53:37  INFO      [root]  Receiving audio frame
2026-07-16 10:53:37  INFO      [root]  Receiving audio frame
2026-07-16 10:53:37  INFO      [root]  Receiving audio frame
2026-07-16 10:53:37  INFO      [root]  Receiving audio frame
2026-07-16 10:53:37  INFO      [root]  Receiving audio frame
2026-07-16 10:53:37  INFO      [root]  Receiving audio frame
2026-07-16 10:53:37  INFO      [root]  Receiving audio frame
2026-07-16 10:53:37  INFO      [root]  Receiving audio frame
2026-07-16 10:53:37  INFO      [root]  Receiving audio frame
2026-07-16 10:53:37  INFO      [root]  Receiving audio frame
2026-07-16 10:53:37  INFO      [root]  Receiving audio frame
2026-07-16 10:53:37  DEBUG     [MultiRobotApp.audio]  removeTrack 失败 [7bd434d2]：'RTCPeerConnection' object has no attribute 'removeTrack'
2026-07-16 10:53:37  INFO      [MultiRobotApp.audio]  unregister_call：robot_id=7bd434d2，剩余活动=0
2026-07-16 10:53:38  INFO      [MultiRobotApp.audio]  音频流已全部关闭
2026-07-16 10:53:38  INFO      [unitree.backend]  🎙 [1] 结束对讲
2026-07-16 10:53:38  INFO      [root]  Receiving audio frame
2026-07-16 10:53:38  INFO      [root]  Receiving audio frame
2026-07-16 10:53:38  INFO      [root]  Receiving audio frame
2026-07-16 10:53:38  INFO      [root]  Receiving audio frame
2026-07-16 10:53:38  INFO      [root]  Receiving audio frame
2026-07-16 10:53:38  INFO      [root]  Receiving audio frame
2026-07-16 10:53:38  INFO      [root]  Receiving audio frame
2026-07-16 10:53:38  INFO      [root]  Receiving audio frame
2026-07-16 10:53:38  INFO      [root]  Receiving audio frame
2026-07-16 10:53:38  INFO      [root]  Receiving audio frame
2026-07-16 10:53:39  INFO      [root]  Heartbeat response received.
2026-07-16 10:53:39  INFO      [unitree.ui]  应用关闭，断开所有连接
2026-07-16 10:53:39  INFO      [unitree.backend]  RobotManager 关闭，断开所有连接…
2026-07-16 10:53:39  INFO      [MultiRobotApp.audio]  音频流已全部关闭
2026-07-16 10:53:39  DEBUG     [root]  Track audio ended
2026-07-16 10:53:39  INFO      [root]  Data channel closed
2026-07-16 10:53:39  DEBUG     [root]  Track video ended
2026-07-16 10:53:39  INFO      [unitree.app]  应用退出，code=0
2026-07-16 10:55:35  INFO      [unitree.backend]  ============================================================
2026-07-16 10:55:35  INFO      [unitree.backend]  Unitree 多机器人控制台 启动  log→/Users/ouyanywenjie/Documents/MultiRobot/logs/app.log
2026-07-16 10:55:35  INFO      [unitree.backend]  ============================================================
2026-07-16 10:55:35  INFO      [unitree.app]  Qt 应用启动  Python=3.10.20 (main, Mar 11 2026, 17:43:48) [Clang 20.1.8 ]  Platform=darwin
2026-07-16 10:55:35  INFO      [unitree.backend]  加载配置成功，saved_robots=0
2026-07-16 10:55:35  INFO      [unitree.backend]  ConfigManager 初始化，配置文件：/Users/ouyanywenjie/.unitree_multicontrol/config.json
2026-07-16 10:55:36  INFO      [unitree.ui]  主窗口初始化完成，日志文件：/Users/ouyanywenjie/Documents/MultiRobot/logs/app.log
2026-07-16 10:55:36  INFO      [unitree.app]  主窗口已显示
2026-07-16 10:55:37  INFO      [unitree.ui]  [用户操作] 点击 IP 手动添加
2026-07-16 10:55:53  INFO      [unitree.ui]  [用户操作] 确认手动添加：name=1 type=go2 ip=192.168.88.13 sn=None aes=(空)
2026-07-16 10:55:53  INFO      [unitree.backend]  添加机器人：name=1 type=go2 ip=192.168.88.13 sn=None robot_id=3eea7362
2026-07-16 10:55:53  INFO      [unitree.backend]  ⏳ 正在连接 [1] (go2) @ 192.168.88.13…
2026-07-16 10:55:53  INFO      [root]  Creating offer...
2026-07-16 10:55:54  DEBUG     [root]  con_notify response: {"data1":"gB1IT8J/AkLPBs/Ezg5EJ/uAHtebH6fYgkP5RHywGl/YGggEnTxDbhJJ3FjBN+wVTzYnQ3Yv/VNQ1gGqxX5rNcfXbfNLt2RePC0/b3aKXTdLPLXRaq6wc/OkWvqUNva8oQJbbiY3SBgjLGVjlVotQh3k2T24poOKHTYvwkIURgFYFAIpFjTdFJHkZLsdrO31FAyegdnkDFL/4zcvaWbAaaUA4M+2pqeYI1YPNGS7zafQUWfpZiqhNfZWQxvK4ZJunnWxeV8hywRHbD4j0QwgvdU6oQv3QgLWSZ2odyPcKv2RlNiY4dqKsMA9X2F6sODClt9TWA7icdYEDDKrJB7l/UX6yz02OW+jCmshIxrYbiUbH2LKPqN4ERjwpDl2WarSkxDdHnoTZgnmD4uAS/w3rgLyklPmYwv/iUQ59A2lxW1UcEVMDVSlPVkegm8pOCQxXslux+HIbSIWeaphMKRfDw6HcPUHDBDeXo1re3hZQWeRK4Q0ZMgGYCQCYU8UYNwLpJO08uP7VW1IQRUxPk9goGD3SYmbBgl3IRqbYMxsWq0m2o9EvfQpCePg3chGpIadZRqBf/BQxPY=","data2":2}
2026-07-16 10:55:54  DEBUG     [root]  con_ing_44113 response: {"id":"STA_localNetwork","type":"answer","sdp":"reject"}
2026-07-16 10:55:54  ERROR     [unitree.backend]  ❌ [1] 机器人已被其它客户端占用（手机 APP 等），请断开后重试
2026-07-16 10:56:01  INFO      [unitree.backend]  [用户操作] 列表重连 [1]
2026-07-16 10:56:01  INFO      [unitree.backend]  手动重连：1
2026-07-16 10:56:01  INFO      [unitree.backend]  🔄 [1] 重连中 (1/5)…
2026-07-16 10:56:01  INFO      [unitree.backend]  ⏳ 正在连接 [1] (go2) @ 192.168.88.13…
2026-07-16 10:56:01  INFO      [root]  Creating offer...
2026-07-16 10:56:01  DEBUG     [root]  con_notify response: {"data1":"L8hPr9QFeEbYwvk/UKStBsli3HWHzGB3WyzFlSPTdyo56wY4zt1lJcHpAcwWcJXio90g+MwghQWk23O4fSrGr/HvB8vu4DU7j3ttL/+ZMd9j4YrgBVXjUTYyyLgBslCztam8UiF+W1r/tZoIZFAg/aEaIib2NozWL6e0J1bThoi0ujw/BIFoui/61YYYYDGRUaZhYzRWs+EOidsa3j3Xma5CMqKUVmqnWgsOoWgCqVzVokwfWwbkzw6CR9LDideQ9dCShKqhRh8g7x/RG+bdas6I5Zb6/gCQGAfInGNg4ueQQvVEEth+6ARV0AFhfaELOWi/2oVzoDkuiiWBgYOXbMGcpdCSHlKzBFXsH1PiLLKQslMLijAGkbtVtM+d/N26r6bv7oc+KjtZ+u6bZ+WjxriqdYAPIbwNmlE0PklPi/B1WRF96qjhZ5+EERg5ois2hfg0NliEVk9Plw01fkHBZBmRIQlomvai64O39rWLTFbM/lGkX6qfF7nFIQYY01vXae+LkldYMOHwzKIpF2bLYMe69gMZMsS2xNhFD9Cr6HeEdZ8QiGguhNHhfj5BQN7z10nEYY+GptQ=","data2":2}
2026-07-16 10:56:01  ERROR     [root]  Local request failed: 429 Client Error: Too Many Requests for url: http://192.168.88.13:9991/con_ing_88351
2026-07-16 10:56:01  ERROR     [unitree.backend]  ❌ [1] 握手超时，机器人可能掉线：Robot signaling returned no SDP answer. Check that the robot is powered on, the Wi-Fi link is stable, and no other WebRTC client is mid-handshake.
2026-07-16 10:56:01  WARNING   [unitree.backend]  [1] 重连第 1 次失败: 新建连接失败
2026-07-16 10:56:02  INFO      [unitree.backend]  [用户操作] 列表重连 [1]
2026-07-16 10:56:02  INFO      [unitree.backend]  手动重连：1
2026-07-16 10:56:02  INFO      [unitree.backend]  🔄 [1] 重连中 (1/5)…
2026-07-16 10:56:02  INFO      [unitree.backend]  ⏳ 正在连接 [1] (go2) @ 192.168.88.13…
2026-07-16 10:56:02  INFO      [root]  Creating offer...
2026-07-16 10:56:02  ERROR     [root]  Local request failed: 429 Client Error: Too Many Requests for url: http://192.168.88.13:9991/con_notify
2026-07-16 10:56:02  ERROR     [unitree.backend]  ❌ [1] 配置错误：Failed to receive initial public key response.
2026-07-16 10:56:02  WARNING   [unitree.backend]  [1] 重连第 1 次失败: 新建连接失败
2026-07-16 10:56:03  INFO      [unitree.backend]  [用户操作] 列表重连 [1]
2026-07-16 10:56:03  INFO      [unitree.backend]  手动重连：1
2026-07-16 10:56:03  INFO      [unitree.backend]  🔄 [1] 重连中 (1/5)…
2026-07-16 10:56:03  INFO      [unitree.backend]  ⏳ 正在连接 [1] (go2) @ 192.168.88.13…
2026-07-16 10:56:03  INFO      [root]  Creating offer...
2026-07-16 10:56:03  ERROR     [root]  Local request failed: 503 Server Error: Service Unavailable for url: http://192.168.88.13:9991/con_notify
2026-07-16 10:56:03  ERROR     [unitree.backend]  ❌ [1] 配置错误：Failed to receive initial public key response.
2026-07-16 10:56:03  WARNING   [unitree.backend]  [1] 重连第 1 次失败: 新建连接失败
2026-07-16 10:56:04  INFO      [unitree.backend]  [用户操作] 列表重连 [1]
2026-07-16 10:56:04  INFO      [unitree.backend]  手动重连：1
2026-07-16 10:56:04  INFO      [unitree.backend]  🔄 [1] 重连中 (1/5)…
2026-07-16 10:56:04  INFO      [unitree.backend]  ⏳ 正在连接 [1] (go2) @ 192.168.88.13…
2026-07-16 10:56:04  INFO      [root]  Creating offer...
2026-07-16 10:56:04  DEBUG     [root]  con_notify response: {"data1":"LiDxyP+4OZy2SRAP8meVJgr/pA+md09voDK/E8dvMVWlRpQ0wC0sllF7ZoQNxaw6JDWhBmHD9JsdfD5F37VxztY4VjVP2jF1NylEg57lcE5rErl1G0PBLZu1GdS2JedcC1fwCyVRmFM8ZvXyLCgtC/JXrnmFP6lRdqgHnY2yb1TXsRbe00uFgT4VGOa6N9sB88Y8f8rZnzZIqLrLyWWqWq7MoIhphVLwtSEcH4v8llH5putnqg4wJRSQpP8qlQYVzZ+ulC3NRwhsGehRNbkjnEgoDKehPBp8I0p/M+sxAm1X/w9F+8kD44llbwFyk2o7FQqqRS0qDDeTbN85iw+Y2eSvLEXTYrsDe333oerwjO1v2W3PMvxMSUHX6D/opgmwwawimQQ7IylJ//tgnUoEq3z1cPrGZHJtwqXOczVqGFvYWNzNupppfzNg6yeCLsFsYzOHuIjUmT+i8AilNOJkBJX8sfOkCU8QgH5p+yz66RYdmo47cA3lt1t9VmxCiW2UfFV3o/oA99tyI4Wj/YBjKddi0wxedeVKVWIB2AFEeyt/G0zBm59ukk6jdvRp7BVp3s6+nGv1jao=","data2":2}
2026-07-16 10:56:05  DEBUG     [root]  con_ing_57785 response: {"id":"STA_localNetwork","type":"answer","sdp":"reject"}
2026-07-16 10:56:05  ERROR     [unitree.backend]  ❌ [1] 机器人已被其它客户端占用（手机 APP 等），请断开后重试
2026-07-16 10:56:05  WARNING   [unitree.backend]  [1] 重连第 1 次失败: 新建连接失败
2026-07-16 10:56:05  INFO      [unitree.backend]  🔄 [1] 重连中 (2/5)…
2026-07-16 10:56:05  INFO      [unitree.backend]  ⏳ 正在连接 [1] (go2) @ 192.168.88.13…
2026-07-16 10:56:05  INFO      [root]  Creating offer...
2026-07-16 10:56:05  DEBUG     [root]  con_notify response: {"data1":"xOP94zk0/dDEG9homITqrLBTv72jbqw+WDPMgjaPaM56v13O94XTft6lM35jGf5pVaIfGAZGLyxnAT3E7H4qGRy+bNa1tsOQlHUffZ3suzMeuanyz9KwA/aCRMyWnnOq36VIrJuachZlJycPxvfvxZQ1R3Y6bfDKLdkOKUDHrXHxt9VcpRZWYSm0rOoB+Z8Fx/kQyYmSu2FdIEaiB1bILzE0X8cuYJTbslAwNZWHYtWo/ya1vT/z05Ny23f2bf2o6uK+jNKrcEJu2a7McICzW/tEukqwrFneScXIVFV0DQcwDEKf40CYwNpCCwYaYHhUBwKp47gkQD6V+mZhbfGqfzL2HQFija+ASGOxR2S5Isd6sFAEjez3+FK2Uc3/Ecke0JKp3BzwFMXT2gLp4VTcCDFWUiCOJ04n4mAhXkpn+szVn5I/JmUuN9bQ9OKSTPneRxB9dJebi9vICGGuPhfGA2dCUUfevMdwWEDlyVCv20b+DcFpHJVmXgX1wZns/SzY7mNWza/rs/dTZSWBr63E/r5Jzv8G/ErnPMF8hgGsUCpXvISNvvTSLSidC4UX+AiECoG/HnNSN48=","data2":2}
2026-07-16 10:56:05  ERROR     [root]  Local request failed: 429 Client Error: Too Many Requests for url: http://192.168.88.13:9991/con_ing_60791
2026-07-16 10:56:05  ERROR     [unitree.backend]  ❌ [1] 握手超时，机器人可能掉线：Robot signaling returned no SDP answer. Check that the robot is powered on, the Wi-Fi link is stable, and no other WebRTC client is mid-handshake.
2026-07-16 10:56:05  WARNING   [unitree.backend]  [1] 重连第 2 次失败: 新建连接失败
2026-07-16 10:56:05  INFO      [unitree.backend]  🔄 [1] 重连中 (2/5)…
2026-07-16 10:56:05  INFO      [unitree.backend]  ⏳ 正在连接 [1] (go2) @ 192.168.88.13…
2026-07-16 10:56:05  INFO      [root]  Creating offer...
2026-07-16 10:56:05  ERROR     [root]  Local request failed: 429 Client Error: Too Many Requests for url: http://192.168.88.13:9991/con_notify
2026-07-16 10:56:05  ERROR     [unitree.backend]  ❌ [1] 配置错误：Failed to receive initial public key response.
2026-07-16 10:56:05  WARNING   [unitree.backend]  [1] 重连第 2 次失败: 新建连接失败
2026-07-16 10:56:06  INFO      [unitree.backend]  🔄 [1] 重连中 (2/5)…
2026-07-16 10:56:06  INFO      [unitree.backend]  ⏳ 正在连接 [1] (go2) @ 192.168.88.13…
2026-07-16 10:56:06  INFO      [root]  Creating offer...
2026-07-16 10:56:06  ERROR     [root]  Local request failed: 429 Client Error: Too Many Requests for url: http://192.168.88.13:9991/con_notify
2026-07-16 10:56:06  ERROR     [unitree.backend]  ❌ [1] 配置错误：Failed to receive initial public key response.
2026-07-16 10:56:06  WARNING   [unitree.backend]  [1] 重连第 2 次失败: 新建连接失败
2026-07-16 10:56:07  INFO      [unitree.backend]  [用户操作] 列表重连 [1]
2026-07-16 10:56:07  INFO      [unitree.backend]  手动重连：1
2026-07-16 10:56:07  INFO      [unitree.backend]  🔄 [1] 重连中 (1/5)…
2026-07-16 10:56:07  INFO      [unitree.backend]  ⏳ 正在连接 [1] (go2) @ 192.168.88.13…
2026-07-16 10:56:07  INFO      [root]  Creating offer...
2026-07-16 10:56:07  ERROR     [root]  Local request failed: 429 Client Error: Too Many Requests for url: http://192.168.88.13:9991/con_notify
2026-07-16 10:56:07  ERROR     [unitree.backend]  ❌ [1] 配置错误：Failed to receive initial public key response.
2026-07-16 10:56:07  WARNING   [unitree.backend]  [1] 重连第 1 次失败: 新建连接失败
2026-07-16 10:56:08  INFO      [unitree.backend]  🔄 [1] 重连中 (2/5)…
2026-07-16 10:56:08  INFO      [unitree.backend]  ⏳ 正在连接 [1] (go2) @ 192.168.88.13…
2026-07-16 10:56:08  INFO      [root]  Creating offer...
2026-07-16 10:56:08  ERROR     [root]  Local request failed: 429 Client Error: Too Many Requests for url: http://192.168.88.13:9991/con_notify
2026-07-16 10:56:08  ERROR     [unitree.backend]  ❌ [1] 配置错误：Failed to receive initial public key response.
2026-07-16 10:56:08  WARNING   [unitree.backend]  [1] 重连第 2 次失败: 新建连接失败
2026-07-16 10:56:08  INFO      [unitree.backend]  [用户操作] 列表重连 [1]
2026-07-16 10:56:08  INFO      [unitree.backend]  手动重连：1
2026-07-16 10:56:08  INFO      [unitree.backend]  🔄 [1] 重连中 (1/5)…
2026-07-16 10:56:08  INFO      [unitree.backend]  ⏳ 正在连接 [1] (go2) @ 192.168.88.13…
2026-07-16 10:56:08  INFO      [root]  Creating offer...
2026-07-16 10:56:08  ERROR     [root]  Local request failed: 429 Client Error: Too Many Requests for url: http://192.168.88.13:9991/con_notify
2026-07-16 10:56:08  ERROR     [unitree.backend]  ❌ [1] 配置错误：Failed to receive initial public key response.
2026-07-16 10:56:08  WARNING   [unitree.backend]  [1] 重连第 1 次失败: 新建连接失败
2026-07-16 10:56:08  INFO      [unitree.backend]  🔄 [1] 重连中 (3/5)…
2026-07-16 10:56:08  INFO      [unitree.backend]  ⏳ 正在连接 [1] (go2) @ 192.168.88.13…
2026-07-16 10:56:08  INFO      [unitree.backend]  🔄 [1] 重连中 (3/5)…
2026-07-16 10:56:08  INFO      [unitree.backend]  ⏳ 正在连接 [1] (go2) @ 192.168.88.13…
2026-07-16 10:56:08  INFO      [root]  Creating offer...
2026-07-16 10:56:08  INFO      [root]  Creating offer...
2026-07-16 10:56:08  ERROR     [root]  Local request failed: 429 Client Error: Too Many Requests for url: http://192.168.88.13:9991/con_notify
2026-07-16 10:56:09  ERROR     [root]  Local request failed: 429 Client Error: Too Many Requests for url: http://192.168.88.13:9991/con_notify
2026-07-16 10:56:09  ERROR     [unitree.backend]  ❌ [1] 配置错误：Failed to receive initial public key response.
2026-07-16 10:56:09  WARNING   [unitree.backend]  [1] 重连第 3 次失败: 新建连接失败
2026-07-16 10:56:09  ERROR     [unitree.backend]  ❌ [1] 配置错误：Failed to receive initial public key response.
2026-07-16 10:56:09  WARNING   [unitree.backend]  [1] 重连第 3 次失败: 新建连接失败
2026-07-16 10:56:09  INFO      [unitree.backend]  🔄 [1] 重连中 (3/5)…
2026-07-16 10:56:09  INFO      [unitree.backend]  ⏳ 正在连接 [1] (go2) @ 192.168.88.13…
2026-07-16 10:56:09  INFO      [root]  Creating offer...
2026-07-16 10:56:09  ERROR     [root]  Local request failed: 429 Client Error: Too Many Requests for url: http://192.168.88.13:9991/con_notify
2026-07-16 10:56:09  ERROR     [unitree.backend]  ❌ [1] 配置错误：Failed to receive initial public key response.
2026-07-16 10:56:09  WARNING   [unitree.backend]  [1] 重连第 3 次失败: 新建连接失败
2026-07-16 10:56:10  INFO      [unitree.backend]  🔄 [1] 重连中 (2/5)…
2026-07-16 10:56:10  INFO      [unitree.backend]  ⏳ 正在连接 [1] (go2) @ 192.168.88.13…
2026-07-16 10:56:10  INFO      [root]  Creating offer...
2026-07-16 10:56:10  ERROR     [root]  Local request failed: 429 Client Error: Too Many Requests for url: http://192.168.88.13:9991/con_notify
2026-07-16 10:56:10  ERROR     [unitree.backend]  ❌ [1] 配置错误：Failed to receive initial public key response.
2026-07-16 10:56:10  WARNING   [unitree.backend]  [1] 重连第 2 次失败: 新建连接失败
2026-07-16 10:56:11  INFO      [unitree.backend]  🔄 [1] 重连中 (3/5)…
2026-07-16 10:56:11  INFO      [unitree.backend]  ⏳ 正在连接 [1] (go2) @ 192.168.88.13…
2026-07-16 10:56:11  INFO      [root]  Creating offer...
2026-07-16 10:56:11  ERROR     [root]  Local request failed: 429 Client Error: Too Many Requests for url: http://192.168.88.13:9991/con_notify
2026-07-16 10:56:11  ERROR     [unitree.backend]  ❌ [1] 配置错误：Failed to receive initial public key response.
2026-07-16 10:56:11  WARNING   [unitree.backend]  [1] 重连第 3 次失败: 新建连接失败
2026-07-16 10:56:11  INFO      [unitree.backend]  🔄 [1] 重连中 (2/5)…
2026-07-16 10:56:11  INFO      [unitree.backend]  ⏳ 正在连接 [1] (go2) @ 192.168.88.13…
2026-07-16 10:56:11  INFO      [root]  Creating offer...
2026-07-16 10:56:11  ERROR     [root]  Local request failed: 429 Client Error: Too Many Requests for url: http://192.168.88.13:9991/con_notify
2026-07-16 10:56:11  ERROR     [unitree.backend]  ❌ [1] 配置错误：Failed to receive initial public key response.
2026-07-16 10:56:11  WARNING   [unitree.backend]  [1] 重连第 2 次失败: 新建连接失败
2026-07-16 10:56:12  INFO      [unitree.backend]  🔄 [1] 重连中 (4/5)…
2026-07-16 10:56:12  INFO      [unitree.backend]  ⏳ 正在连接 [1] (go2) @ 192.168.88.13…
2026-07-16 10:56:12  INFO      [unitree.backend]  🔄 [1] 重连中 (4/5)…
2026-07-16 10:56:12  INFO      [unitree.backend]  ⏳ 正在连接 [1] (go2) @ 192.168.88.13…
2026-07-16 10:56:12  INFO      [root]  Creating offer...
2026-07-16 10:56:12  INFO      [root]  Creating offer...
2026-07-16 10:56:12  ERROR     [root]  Local request failed: 429 Client Error: Too Many Requests for url: http://192.168.88.13:9991/con_notify
2026-07-16 10:56:12  ERROR     [root]  Local request failed: 429 Client Error: Too Many Requests for url: http://192.168.88.13:9991/con_notify
2026-07-16 10:56:12  ERROR     [unitree.backend]  ❌ [1] 配置错误：Failed to receive initial public key response.
2026-07-16 10:56:12  WARNING   [unitree.backend]  [1] 重连第 4 次失败: 新建连接失败
2026-07-16 10:56:12  ERROR     [unitree.backend]  ❌ [1] 配置错误：Failed to receive initial public key response.
2026-07-16 10:56:12  WARNING   [unitree.backend]  [1] 重连第 4 次失败: 新建连接失败
2026-07-16 10:56:12  INFO      [unitree.backend]  🔄 [1] 重连中 (4/5)…
2026-07-16 10:56:12  INFO      [unitree.backend]  ⏳ 正在连接 [1] (go2) @ 192.168.88.13…
2026-07-16 10:56:12  INFO      [root]  Creating offer...
2026-07-16 10:56:12  ERROR     [root]  Local request failed: 429 Client Error: Too Many Requests for url: http://192.168.88.13:9991/con_notify
2026-07-16 10:56:12  ERROR     [unitree.backend]  ❌ [1] 配置错误：Failed to receive initial public key response.
2026-07-16 10:56:12  WARNING   [unitree.backend]  [1] 重连第 4 次失败: 新建连接失败
2026-07-16 10:56:13  INFO      [unitree.backend]  🔄 [1] 重连中 (3/5)…
2026-07-16 10:56:13  INFO      [unitree.backend]  ⏳ 正在连接 [1] (go2) @ 192.168.88.13…
2026-07-16 10:56:13  INFO      [root]  Creating offer...
2026-07-16 10:56:14  ERROR     [root]  Local request failed: 429 Client Error: Too Many Requests for url: http://192.168.88.13:9991/con_notify
2026-07-16 10:56:14  ERROR     [unitree.backend]  ❌ [1] 配置错误：Failed to receive initial public key response.
2026-07-16 10:56:14  WARNING   [unitree.backend]  [1] 重连第 3 次失败: 新建连接失败
2026-07-16 10:56:14  INFO      [unitree.backend]  🔄 [1] 重连中 (4/5)…
2026-07-16 10:56:14  INFO      [unitree.backend]  ⏳ 正在连接 [1] (go2) @ 192.168.88.13…
2026-07-16 10:56:14  INFO      [root]  Creating offer...
2026-07-16 10:56:14  DEBUG     [root]  con_notify response: {"data1":"SBxFbCwk9MIKsxvpnxSq1Hk4UVn1oaP3yYYltGQRHkiWGxoU9bZSPMdxmY+Fj6C2re2azSWw9iJRdppZOmJwwbERM7jBT3caRUMo7t4P48325lmvcsY6Oavy+uxzXLfBXxmDDDEu3pgBeUc7BRGEJ0OFPvjX+eQTA9wmVWfylna1l3gEDhcKPP73MnCvTGVzclVWWf/kjUgfLOaEVq+TBTcEA1Jm5Ta0PiC1onuS5xcxiqOEEAEEffuryFoTSjdbu/gYCdUZ/131iV0aA138OX+NGDDHQ9ocB7fk1+vZQnXauKcILqlZgxhsFCgBA/DDAY0vfOlbIXdCRaZNhKyAFmIzfFbrZvWf2o3cnVhjMIUFFT6ibKg3Cv3afBLUL6UG5tKYi7WV5JfEuONyX3oAryt+FnsdyJCeED2C2ZNcD3nnhY/apK1JcYrmXboem/QURhNAih2Hy95SUY7euJSHryVzDD/qd4CfaC6QNHFFgwTyN84NQ8eBpuMxVUk0BqbzNzBAap69ibsSKOGTe5UDCkAwsMI+YCda9DVKrkd9zblpZ/T165nyX+reyGmQDn/hazN/pjMb3kc=","data2":2}
2026-07-16 10:56:14  DEBUG     [root]  con_ing_20267 response: {"type":"answer","sdp":"v=0\r\no=- 736729106 2 IN IP4 127.0.0.1\r\ns=-\r\nt=0 0\r\na=group:BUNDLE 0 1 2\r\na=msid-semantic: WMS myKvsVideoStream\r\nm=audio 9 UDP/TLS/RTP/SAVPF 96\r\nc=IN IP4 127.0.0.1\r\na=candidate:0 1 udp 2130706431 192.168.88.13 54175 typ host raddr 0.0.0.0 rport 0 generation 0 network-cost 999\r\na=msid:unitreeMediaStream unitreeAudioTrack\r\na=ssrc:796951217 cname:PpIsgzszxoB9zD5z\r\na=ssrc:796951217 msid:unitreeMediaStream unitreeAudioTrack\r\na=ssrc:796951217 mslabel:unitreeMediaStream\r\na=ssrc:796951217 label:unitreeAudioTrack\r\na=rtcp:9 IN IP4 0.0.0.0\r\na=ice-ufrag:Tth0\r\na=ice-pwd:I+yEEB2x04AiJ5FsmUIrvhvK\r\na=ice-options:trickle\r\na=fingerprint:sha-256 7F:EA:BA:73:B3:34:B1:4F:47:08:69:58:4A:C0:05:D3:AA:FD:6D:2D:89:AC:5E:0F:D6:A4:60:3B:E6:AD:8A:B9\r\na=setup:active\r\na=mid:0\r\na=sendrecv\r\na=rtcp-mux\r\na=rtcp-rsize\r\na=rtpmap:96 opus/48000/2\r\na=rtcp-fb:96 nack\r\na=rtcp-fb:96 goog-remb\r\nm=video 9 UDP/TLS/RTP/SAVPF 101\r\nc=IN IP4 127.0.0.1\r\na=candidate:0 1 udp 2130706431 192.168.88.13 54175 typ host raddr 0.0.0.0 rport 0 generation 0 network-cost 999\r\na=msid:unitreeMediaStream unitreeVideoTrack\r\na=ssrc:303851635 cname:PpIsgzszxoB9zD5z\r\na=ssrc:303851635 msid:unitreeMediaStream unitreeVideoTrack\r\na=ssrc:303851635 mslabel:unitreeMediaStream\r\na=ssrc:303851635 label:unitreeVideoTrack\r\na=rtcp:9 IN IP4 0.0.0.0\r\na=ice-ufrag:Tth0\r\na=ice-pwd:I+yEEB2x04AiJ5FsmUIrvhvK\r\na=ice-options:trickle\r\na=fingerprint:sha-256 7F:EA:BA:73:B3:34:B1:4F:47:08:69:58:4A:C0:05:D3:AA:FD:6D:2D:89:AC:5E:0F:D6:A4:60:3B:E6:AD:8A:B9\r\na=setup:active\r\na=mid:1\r\na=sendonly\r\na=rtcp-mux\r\na=rtcp-rsize\r\na=rtpmap:101 H264/90000\r\na=fmtp:101 level-asymmetry-allowed=1;packetization-mode=1;profile-level-id=42e01f\r\na=rtcp-fb:101 nack\r\na=rtcp-fb:101 goog-remb\r\nm=application 9 UDP/DTLS/SCTP webrtc-datachannel\r\nc=IN IP4 127.0.0.1\r\na=candidate:0 1 udp 2130706431 192.168.88.13 54175 typ host raddr 0.0.0.0 rport 0 generation 0 network-cost 999\r\na=rtcp:9 IN IP4 0.0.0.0\r\na=ice-ufrag:Tth0\r\na=ice-pwd:I+yEEB2x04AiJ5FsmUIrvhvK\r\na=fingerprint:sha-256 7F:EA:BA:73:B3:34:B1:4F:47:08:69:58:4A:C0:05:D3:AA:FD:6D:2D:89:AC:5E:0F:D6:A4:60:3B:E6:AD:8A:B9\r\na=setup:active\r\na=mid:2\r\na=sctp-port:5000\r\n","id":"STA_localNetwork"}
2026-07-16 10:56:14  INFO      [unitree.backend]  🔄 [1] 重连中 (3/5)…
2026-07-16 10:56:14  INFO      [unitree.backend]  ⏳ 正在连接 [1] (go2) @ 192.168.88.13…
2026-07-16 10:56:14  INFO      [root]  Creating offer...
2026-07-16 10:56:15  DEBUG     [root]  con_notify response: {"data1":"SwIK4/BxHWNtx3OJNUonxLge/RyIPuzXt69pUVA2Cpd2GIymwq2ILtFha6cYVJ8erAUzs0TRkj3uyZlDvb2klvGY2IAxNOwawCb4sKAT968hmu0EEHGNcBnK3jRkr1Xu4PiwzRKqJpdQbBptYbrWAwWMQtwKk1hVmrKdpUIf+leARu5FFPhQor5ygKJJ+ZrK+P5iDpSzIB8M+lcoT5X01qymjysncRRdeEABomEoW91N29sKHwUSlHN3Fc30ueQFjkfWZI5NsdBFwbuAoWi5AO5/jb10bconTBkFjdayi6OsQoR+oTJZny1Fu2isuMe1XppqZ8iKBgpYn8766txe9HykRf1WuwWZxrCQZeeo3jDJrAR67nknD/tL8ajDcoeyHTN4/9joGr5cSQLkheuYsLlF/azhokDCbDDsJwWghXWJqQYhwdGbgnvv24ZiQxx7LbKBnM7ep1qdXsUsYcQM2RvuWRbjpYDmpqTqJgXe/nWkkiS4uH5cdQZP0k121JoSooZ5d3+5UawbepB3ls1ZQ1tRBAT+ekVhGqdVLAWpn/PsllG20oFo1a5L6CZBMEfjFDzhWD03cUM=","data2":2}
2026-07-16 10:56:17  INFO      [unitree.ui]  [用户操作] 请求删除：['1']
2026-07-16 10:56:17  ERROR     [root]  Local request failed: 503 Server Error: Service Unavailable for url: http://192.168.88.13:9991/con_ing_82859
2026-07-16 10:56:17  INFO      [root]  Track received: audio
2026-07-16 10:56:17  INFO      [root]  Track received: video
2026-07-16 10:56:17  ERROR     [unitree.backend]  ❌ [1] 握手超时，机器人可能掉线：Robot signaling returned no SDP answer. Check that the robot is powered on, the Wi-Fi link is stable, and no other WebRTC client is mid-handshake.
2026-07-16 10:56:17  WARNING   [unitree.backend]  [1] 重连第 3 次失败: 新建连接失败
2026-07-16 10:56:17  INFO      [unitree.backend]  🔄 [1] 重连中 (5/5)…
2026-07-16 10:56:17  INFO      [unitree.backend]  ⏳ 正在连接 [1] (go2) @ 192.168.88.13…
2026-07-16 10:56:17  INFO      [unitree.backend]  🔄 [1] 重连中 (5/5)…
2026-07-16 10:56:17  INFO      [unitree.backend]  ⏳ 正在连接 [1] (go2) @ 192.168.88.13…
2026-07-16 10:56:17  INFO      [unitree.backend]  🔄 [1] 重连中 (5/5)…
2026-07-16 10:56:17  INFO      [unitree.backend]  ⏳ 正在连接 [1] (go2) @ 192.168.88.13…
2026-07-16 10:56:17  INFO      [unitree.backend]  🔄 [1] 重连中 (4/5)…
2026-07-16 10:56:17  INFO      [unitree.backend]  ⏳ 正在连接 [1] (go2) @ 192.168.88.13…
2026-07-16 10:56:17  INFO      [root]  Creating offer...
2026-07-16 10:56:17  INFO      [root]  Creating offer...
2026-07-16 10:56:17  INFO      [root]  Creating offer...
2026-07-16 10:56:17  INFO      [root]  Creating offer...
2026-07-16 10:56:18  DEBUG     [root]  con_notify response: {"data1":"gq1qtd83xE67pSAyHjUZCC2ajTJ27NoVleREiSJy4WpFu6osNOHAOilqABr6Weh8TxMvt7SgxSi4Xqs/y+BTiyefTWqEPisvvrGlw06+3+8dPMPD9OL7TN7hO9c+Q9RezBxFTS+cAaiPn0XJUPFlsZQCWBeSOfyOsJKOFWEBEsQoBkLV0JVG1bla2Qhd5LiGOz2nRdQ8BGuI4UK/AdkWz8aCNYJ1zUdrTP5QKASMayrLiOKCyln7rKjJKEuLtmFD8vg+2TddIgboe+4QVbO3nU5RfBzpn7Imo0GxiVLHon0DxmBdtlJMmJ5MKxqOafb8eTf3D0XCg40ck6OqJJwbGl42W/Ex59OZEb/xwXrRikleau/etcBnAa6yOMlSXa6Kjrw2a/9PZc39ti2myFdE9uM5o7TT+9rFB360AXuGQUiiieihLAcGQyy0gOeoRkVdTGoHMnL3P5IaZmgoOZcAhzpSqyWGjwFpUWOEgZAu5Tmnu/51Mhr3fV6C94U/0YKhFPmoe4oX+Sf3f66hZ1aN/y0tVUlGilfc2QOL37QoIgea5MKKHsyN7AA2U1Cp/uYVuh7yTJWB7jA=","data2":2}
2026-07-16 10:56:18  INFO      [unitree.backend]  删除机器人：1 (robot_id=3eea7362)
2026-07-16 10:56:20  INFO      [unitree.ui]  [用户操作] 点击 IP 手动添加
2026-07-16 10:56:21  ERROR     [root]  Local request failed: 503 Server Error: Service Unavailable for url: http://192.168.88.13:9991/con_ing_60753
2026-07-16 10:56:21  DEBUG     [root]  con_notify response: {"data1":"ZCKUxyHsnJgvBotg8slePOFJnPtaPgS6l0MHHLG0nWQb8wRT6Z9nNssv4W7ae1pok7sJn+OgNEuVrmXfmmTKrxtjmeMWx6dGM9Ji5SIK5E5dccbuGR7RMH9n79FxF+MdAXm0YBndyA+iEZov/dbvPN4q/mSteckgLH9N0GL6GVCu0K2UZ3+bxHcXDcYDJbjiJzCycomW1FKxo9PS/uo40p7JW6xNlQWqeoFuNINs6VBCKrI+hyWYQSBDYLRa4u9lCP/DEKaKQ7doVCn9Eor4+YJuKN8maZnCxYz5tmhDAyF0gO7eRddlJMiFYisN1xpQMY29Vy1ZGuKL8HGocqrsMULfRLoYuHP3v20Hw7WCJpTTWewBOEAKEYyohHC0Mon4CQcT+2VjI0cWMdXmjpHieIC8gJ96rFNN4BQhPzSo42taxfv4CbswqMLOWdR6B69eIlgbA1XVDQ0kzzimSRzuVNA5G+JuhXFTVKJTjUxN0DkJTrUIxP6q9+zjIVbLztfUjXUrB5xsyiCK1SYH3CGozmFlAg/Da9HapUA+Gtj6/C+8uOS7M9x38IIN9cnE/3qg+NnBDZnlCYQ=","data2":2}
2026-07-16 10:56:21  ERROR     [root]  Local request failed: 429 Client Error: Too Many Requests for url: http://192.168.88.13:9991/con_ing_59320
2026-07-16 10:56:21  ERROR     [root]  Local request failed: 429 Client Error: Too Many Requests for url: http://192.168.88.13:9991/con_notify
2026-07-16 10:56:21  ERROR     [root]  Local request failed: 429 Client Error: Too Many Requests for url: http://192.168.88.13:9991/con_notify
2026-07-16 10:56:21  ERROR     [unitree.backend]  ❌ [1] 握手超时，机器人可能掉线：Robot signaling returned no SDP answer. Check that the robot is powered on, the Wi-Fi link is stable, and no other WebRTC client is mid-handshake.
2026-07-16 10:56:21  WARNING   [unitree.backend]  [1] 重连第 5 次失败: 新建连接失败
2026-07-16 10:56:21  ERROR     [unitree.backend]  ❌ [1] 握手超时，机器人可能掉线：Robot signaling returned no SDP answer. Check that the robot is powered on, the Wi-Fi link is stable, and no other WebRTC client is mid-handshake.
2026-07-16 10:56:21  WARNING   [unitree.backend]  [1] 重连第 5 次失败: 新建连接失败
2026-07-16 10:56:21  ERROR     [unitree.backend]  ❌ [1] 配置错误：Failed to receive initial public key response.
2026-07-16 10:56:21  WARNING   [unitree.backend]  [1] 重连第 5 次失败: 新建连接失败
2026-07-16 10:56:21  ERROR     [unitree.backend]  ❌ [1] 配置错误：Failed to receive initial public key response.
2026-07-16 10:56:21  WARNING   [unitree.backend]  [1] 重连第 4 次失败: 新建连接失败
2026-07-16 10:56:21  INFO      [root]  Data channel opened
2026-07-16 10:56:21  INFO      [root]  Validation succeed
2026-07-16 10:56:22  INFO      [root]  Network status message received.
2026-07-16 10:56:22  INFO      [unitree.backend]  ✅ [1] 连接成功！  IP=192.168.88.13  type=go2
2026-07-16 10:56:23  INFO      [root]  Heartbeat response received.
2026-07-16 10:56:24  ERROR     [unitree.backend]  ❌ [1] 重连 5 次均失败，请检查设备是否在线
2026-07-16 10:56:24  ERROR     [unitree.backend]  ❌ [1] 重连 5 次均失败，请检查设备是否在线
2026-07-16 10:56:24  ERROR     [unitree.backend]  ❌ [1] 重连 5 次均失败，请检查设备是否在线
2026-07-16 10:56:25  INFO      [root]  Heartbeat response received.
2026-07-16 10:56:27  INFO      [root]  Heartbeat response received.
2026-07-16 10:56:29  INFO      [root]  Heartbeat response received.
2026-07-16 10:56:30  INFO      [unitree.ui]  [用户操作] 确认手动添加：name=1 type=go2 ip=192.168.88.13 sn=None aes=(空)
2026-07-16 10:56:30  INFO      [unitree.backend]  添加机器人：name=1 type=go2 ip=192.168.88.13 sn=None robot_id=a91e4365
2026-07-16 10:56:30  INFO      [unitree.backend]  ⏳ 正在连接 [1] (go2) @ 192.168.88.13…
2026-07-16 10:56:30  INFO      [root]  Creating offer...
2026-07-16 10:56:30  DEBUG     [root]  con_notify response: {"data1":"27797QGbyA68xYQauylSR9rmEI3I0xQxWT7bEFR7eOJWEl8qNNBYUQmE8SHoNAC0qA0j71JR/INhlIupM3Sr95ccPpmagKofNd0z05nigsT6LeMavT5EQUhNQ/Y7+jAKYM8FO2QiZFKDUBTptDmjS6ODre6e75Q9mltYwaSvAhU+15cEiFmhaq4NKvXjgT3uN1B9n9k9gmNgenSpwx2svI8PaHsZz5oY/3cVcsccqYsMhnV2sfnHZh7PCJcl3veCodwDGEL96RJOItSrGXrWuNuqM3ZkfWNKV1fpBxEj1L72bx1pVJVhLNvMZAagipplmCRXw7YMT2KCt1zR1r2sfmes5Y0B2dbJbNfiXZwjP/hygKJqxLUdtTOlmLfZ37kO+HNhhZA30helrzJspRW0kvbMeX3P1hbZqEPsLtSaopFi6O0at3yYCpGh3Ywn0dvuOqeZo6LIaHoojaqbOFkpBSM3yQR1LQ994vQQEMB5sQFPJf/hEWhFtWine4t4TOWNLl6WGbgg94fRW0f1QFIoGsXLsWGtCkLrcA9R4j6hmVIaTrJDnm9unFfWVH4cNekgkaU6BiZAW24=","data2":2}
2026-07-16 10:56:30  DEBUG     [root]  con_ing_35040 response: {"type":"answer","sdp":"v=0\r\no=- 408692893 2 IN IP4 127.0.0.1\r\ns=-\r\nt=0 0\r\na=group:BUNDLE 0 1 2\r\na=msid-semantic: WMS myKvsVideoStream\r\nm=audio 9 UDP/TLS/RTP/SAVPF 96\r\nc=IN IP4 127.0.0.1\r\na=candidate:0 1 udp 2130706431 192.168.88.13 40955 typ host raddr 0.0.0.0 rport 0 generation 0 network-cost 999\r\na=msid:unitreeMediaStream unitreeAudioTrack\r\na=ssrc:497078868 cname:1rsTsLzRxPGTCrjU\r\na=ssrc:497078868 msid:unitreeMediaStream unitreeAudioTrack\r\na=ssrc:497078868 mslabel:unitreeMediaStream\r\na=ssrc:497078868 label:unitreeAudioTrack\r\na=rtcp:9 IN IP4 0.0.0.0\r\na=ice-ufrag:R0VW\r\na=ice-pwd:bbSrYpbGI24prvyueoMNlMoR\r\na=ice-options:trickle\r\na=fingerprint:sha-256 BA:E5:56:F2:BF:7D:27:44:1D:E0:F0:BC:AE:2F:55:EB:0A:98:08:68:DC:A7:12:08:AF:00:93:F2:4F:E8:3C:59\r\na=setup:active\r\na=mid:0\r\na=sendrecv\r\na=rtcp-mux\r\na=rtcp-rsize\r\na=rtpmap:96 opus/48000/2\r\na=rtcp-fb:96 nack\r\na=rtcp-fb:96 goog-remb\r\nm=video 9 UDP/TLS/RTP/SAVPF 101\r\nc=IN IP4 127.0.0.1\r\na=candidate:0 1 udp 2130706431 192.168.88.13 40955 typ host raddr 0.0.0.0 rport 0 generation 0 network-cost 999\r\na=msid:unitreeMediaStream unitreeVideoTrack\r\na=ssrc:649774428 cname:1rsTsLzRxPGTCrjU\r\na=ssrc:649774428 msid:unitreeMediaStream unitreeVideoTrack\r\na=ssrc:649774428 mslabel:unitreeMediaStream\r\na=ssrc:649774428 label:unitreeVideoTrack\r\na=rtcp:9 IN IP4 0.0.0.0\r\na=ice-ufrag:R0VW\r\na=ice-pwd:bbSrYpbGI24prvyueoMNlMoR\r\na=ice-options:trickle\r\na=fingerprint:sha-256 BA:E5:56:F2:BF:7D:27:44:1D:E0:F0:BC:AE:2F:55:EB:0A:98:08:68:DC:A7:12:08:AF:00:93:F2:4F:E8:3C:59\r\na=setup:active\r\na=mid:1\r\na=sendonly\r\na=rtcp-mux\r\na=rtcp-rsize\r\na=rtpmap:101 H264/90000\r\na=fmtp:101 level-asymmetry-allowed=1;packetization-mode=1;profile-level-id=42e01f\r\na=rtcp-fb:101 nack\r\na=rtcp-fb:101 goog-remb\r\nm=application 9 UDP/DTLS/SCTP webrtc-datachannel\r\nc=IN IP4 127.0.0.1\r\na=candidate:0 1 udp 2130706431 192.168.88.13 40955 typ host raddr 0.0.0.0 rport 0 generation 0 network-cost 999\r\na=rtcp:9 IN IP4 0.0.0.0\r\na=ice-ufrag:R0VW\r\na=ice-pwd:bbSrYpbGI24prvyueoMNlMoR\r\na=fingerprint:sha-256 BA:E5:56:F2:BF:7D:27:44:1D:E0:F0:BC:AE:2F:55:EB:0A:98:08:68:DC:A7:12:08:AF:00:93:F2:4F:E8:3C:59\r\na=setup:active\r\na=mid:2\r\na=sctp-port:5000\r\n","id":"STA_localNetwork"}
2026-07-16 10:56:30  INFO      [root]  Track received: audio
2026-07-16 10:56:30  INFO      [root]  Track received: video
2026-07-16 10:56:31  INFO      [root]  Data channel opened
2026-07-16 10:56:31  INFO      [root]  Validation succeed
2026-07-16 10:56:31  INFO      [root]  Heartbeat response received.
2026-07-16 10:56:32  INFO      [root]  Network status message received.
2026-07-16 10:56:32  INFO      [unitree.backend]  ✅ [1] 连接成功！  IP=192.168.88.13  type=go2
2026-07-16 10:56:32  INFO      [unitree.backend]  [1] 已订阅 LOW_STATE
2026-07-16 10:56:33  INFO      [root]  Heartbeat response received.
2026-07-16 10:56:33  INFO      [root]  Heartbeat response received.
2026-07-16 10:56:35  INFO      [root]  Heartbeat response received.
2026-07-16 10:56:35  INFO      [root]  Heartbeat response received.
2026-07-16 10:56:36  INFO      [unitree.backend]  [用户操作] Go2 动作 [趴下(api_id=1005)] | 目标=['a91e4365']
2026-07-16 10:56:36  INFO      [unitree.backend]  ▶ 发送 [StandDown(api_id=1005)] → 1
2026-07-16 10:56:36  INFO      [unitree.backend]  [1] 指令 [StandDown] 成功，响应：{'type': 'res', 'topic': 'rt/api/sport/response', 'data': {'header': {'identity': {'api_id': 1005, 'id': 1759168639}, 'status': {'code': 0}}, 'data': ''}}
2026-07-16 10:56:37  INFO      [root]  Heartbeat response received.
2026-07-16 10:56:37  INFO      [root]  Heartbeat response received.
2026-07-16 10:56:39  INFO      [root]  Heartbeat response received.
2026-07-16 10:56:39  INFO      [root]  Heartbeat response received.
2026-07-16 10:56:41  INFO      [root]  Heartbeat response received.
2026-07-16 10:56:41  INFO      [root]  Heartbeat response received.
2026-07-16 10:56:43  INFO      [root]  Heartbeat response received.
2026-07-16 10:56:43  INFO      [root]  Heartbeat response received.
2026-07-16 10:56:45  INFO      [root]  Heartbeat response received.
2026-07-16 10:56:45  INFO      [root]  Heartbeat response received.
2026-07-16 10:56:47  INFO      [root]  Heartbeat response received.
2026-07-16 10:56:47  INFO      [root]  Heartbeat response received.
2026-07-16 10:56:49  INFO      [root]  Heartbeat response received.
2026-07-16 10:56:49  INFO      [root]  Heartbeat response received.
2026-07-16 10:56:51  INFO      [root]  Heartbeat response received.
2026-07-16 10:56:51  INFO      [root]  Heartbeat response received.
2026-07-16 10:56:53  INFO      [root]  Heartbeat response received.
2026-07-16 10:56:53  INFO      [root]  Heartbeat response received.
2026-07-16 10:56:55  INFO      [root]  Heartbeat response received.
2026-07-16 10:56:55  INFO      [root]  Heartbeat response received.
2026-07-16 10:56:55  INFO      [unitree.ui]  [用户操作] 请求删除：['1']
2026-07-16 10:56:57  INFO      [root]  Heartbeat response received.
2026-07-16 10:56:57  INFO      [root]  Heartbeat response received.
2026-07-16 10:56:57  INFO      [unitree.backend]  删除机器人：1 (robot_id=a91e4365)
2026-07-16 10:56:57  DEBUG     [root]  Track audio ended
2026-07-16 10:56:57  INFO      [root]  Data channel closed
2026-07-16 10:56:57  DEBUG     [root]  Track video ended
2026-07-16 10:56:57  INFO      [unitree.backend]  旧连接已释放 [key=192.168.88.13]
2026-07-16 10:56:59  INFO      [root]  Heartbeat response received.
2026-07-16 10:56:59  DEBUG     [root]  Track video ended
2026-07-16 10:56:59  DEBUG     [root]  Track audio ended
2026-07-16 10:56:59  INFO      [root]  Data channel closed
